filename,source,domain,split,n_pothole_boxes,is_background,group_id
kaggle_G0010033_JPG.rf.647cdc72a7983623a6ed74d457405591.jpg,kaggle,tiny_far,train,6,0,kaggle_0
kaggle_G0010117_JPG.rf.0f03b502d175cb636bb9161669197192.jpg,kaggle,tiny_far,test,8,0,kaggle_1
kaggle_G0010119_JPG.rf.ebc5805e7e6c543134f1bc779784e99f.jpg,kaggle,tiny_far,train,6,0,kaggle_2
kaggle_G0010121_JPG.rf.f47c5f1131e6e9cd4f4342fbc2904c8f.jpg,kaggle,tiny_far,train,3,0,kaggle_3
kaggle_G0010122_JPG.rf.2d6575ea2ee088e3646f9b17e632fd51.jpg,kaggle,tiny_far,train,2,0,kaggle_4
kaggle_G0010124_JPG.rf.e12843acba1344614f40828a3751d440.jpg,kaggle,tiny_far,val,2,0,kaggle_5
kaggle_G0010149_JPG.rf.96b9d66204f1801ec3c731194070c6e1.jpg,kaggle,tiny_far,val,9,0,kaggle_6
kaggle_G0010153_JPG.rf.4f3451051e52c6397193f234b025a359.jpg,kaggle,tiny_far,train,5,0,kaggle_7
kaggle_G0010759_JPG.rf.00cbffa6ee372093c838bd24d668b5ea.jpg,kaggle,tiny_far,val,1,0,kaggle_8
kaggle_G0010760_JPG.rf.dd6407bd51b008a4701730a047ebc96d.jpg,kaggle,tiny_far,train,1,0,kaggle_9
kaggle_G0010763_JPG.rf.d50371c6dd440dfcd25ff4bf629cb872.jpg,kaggle,tiny_far,train,2,0,kaggle_10
kaggle_G0010765_JPG.rf.2561caed1af1681b44448181c4b4189a.jpg,kaggle,tiny_far,val,2,0,kaggle_11
kaggle_G0010766_JPG.rf.351a4608eb7447060096035289abbe06.jpg,kaggle,tiny_far,train,2,0,kaggle_12
kaggle_G0010768_JPG.rf.b05481a83360fc7517045c56ad81cd23.jpg,kaggle,tiny_far,train,1,0,kaggle_13
kaggle_G0010770_JPG.rf.f1be0ecf81609f3747abae90482fa093.jpg,kaggle,tiny_far,train,1,0,kaggle_14
kaggle_G0011196_JPG.rf.1574c45e190f813d145232a93b369991.jpg,kaggle,tiny_far,train,1,0,kaggle_15
kaggle_G0011243_JPG.rf.d1f6bbff53b27b78fe9b652aa12f15fc.jpg,kaggle,tiny_far,test,3,0,kaggle_16
kaggle_G0011244_JPG.rf.b6c681fcc45d72bb48f9ec5da860cd68.jpg,kaggle,tiny_far,train,1,0,kaggle_17
kaggle_G0011427_JPG.rf.a9faf758590ac10a2d339ff6ed94f028.jpg,kaggle,tiny_far,train,2,0,kaggle_18
kaggle_G0011474_JPG.rf.4756989d2c6e620b9483b2bbb012ee5b.jpg,kaggle,tiny_far,train,3,0,kaggle_19
kaggle_G0011491_JPG.rf.40221503dd4dd1152cae983ff48b375f.jpg,kaggle,tiny_far,train,2,0,kaggle_20
kaggle_G0011503_JPG.rf.2b7665c1a2013a57bccb584ce1f6703d.jpg,kaggle,tiny_far,train,2,0,kaggle_21
kaggle_G0011504_JPG.rf.7ea1401968564eb4dd50975bbfec38c0.jpg,kaggle,tiny_far,test,3,0,kaggle_22
kaggle_G0011526_JPG.rf.2aef943c29345dbb1e8d25cc3c730e13.jpg,kaggle,tiny_far,val,1,0,kaggle_23
kaggle_G0011555_JPG.rf.489a5768bd97af3b2351d57ce2f6618d.jpg,kaggle,tiny_far,train,2,0,kaggle_24
kaggle_G0011560_JPG.rf.ca6359f56259515e36fde1ef18dfabd4.jpg,kaggle,tiny_far,train,1,0,kaggle_25
kaggle_G0011563_JPG.rf.b32f91447cf1fe952f115c881b7d02aa.jpg,kaggle,tiny_far,train,2,0,kaggle_26
kaggle_G0011567_JPG.rf.5ab4f0c125cb16c6d9d43757a9649c9d.jpg,kaggle,tiny_far,train,1,0,kaggle_27
kaggle_G0011573_JPG.rf.e7569d1685fef8593e1813dfce36b042.jpg,kaggle,tiny_far,train,2,0,kaggle_28
kaggle_G0011586_JPG.rf.1fde7fb45c5048ec3b21507938106397.jpg,kaggle,tiny_far,train,3,0,kaggle_29
kaggle_G0011590_JPG.rf.713206b8518df112250f3228d116d9de.jpg,kaggle,tiny_far,train,6,0,kaggle_30
kaggle_G0011593_JPG.rf.ebc395e418aa0c39311c94fc9a2b95d7.jpg,kaggle,tiny_far,train,3,0,kaggle_31
kaggle_G0011610_JPG.rf.01194ebbe3a9c334ef6708e6b8e4550f.jpg,kaggle,tiny_far,test,1,0,kaggle_32
kaggle_G0011613_JPG.rf.3e829f441237ddc8a48e1d667f42b3e8.jpg,kaggle,tiny_far,val,1,0,kaggle_33
kaggle_G0011619_JPG.rf.bf480bc8ef13fe23a85ff124da88799d.jpg,kaggle,tiny_far,train,1,0,kaggle_34
kaggle_G0011621_JPG.rf.defc2d80d39a2869b1fa629d53552f18.jpg,kaggle,tiny_far,train,1,0,kaggle_35
kaggle_G0011643_JPG.rf.992d4d4dcfa477980ef59af64887e973.jpg,kaggle,tiny_far,train,1,0,kaggle_36
kaggle_G0011701_JPG.rf.faf5595235bbcd8266e45d475d46063e.jpg,kaggle,tiny_far,test,1,0,kaggle_37
kaggle_G0011702_JPG.rf.7891b019e73d884e22a152ba321591a3.jpg,kaggle,tiny_far,train,1,0,kaggle_38
kaggle_G0011704_JPG.rf.868e4f4b0c29bc36c543171ec57c5ef4.jpg,kaggle,tiny_far,test,1,0,kaggle_39
kaggle_G0011759_JPG.rf.dbae77a136bc82b6d07bbbb811fcd6a2.jpg,kaggle,tiny_far,val,4,0,kaggle_40
kaggle_G0011760_JPG.rf.caed2c96977c682c4e734164c119e323.jpg,kaggle,tiny_far,train,4,0,kaggle_41
kaggle_G0011761_JPG.rf.c2a506fbd93623cb05c6a68706cc7b19.jpg,kaggle,tiny_far,train,4,0,kaggle_42
kaggle_G0011763_JPG.rf.9a38e03058b70dfbcf011fa12b04d048.jpg,kaggle,tiny_far,train,5,0,kaggle_43
kaggle_G0011764_JPG.rf.ac6d1790aa409b1d9b5c38ff273fbd90.jpg,kaggle,tiny_far,train,4,0,kaggle_44
kaggle_G0011766_JPG.rf.5aaddc1292a4bdfa99cf4641a775740e.jpg,kaggle,tiny_far,train,3,0,kaggle_45
kaggle_G0011770_JPG.rf.0bb814c735c1f9e6354ede5706a228b9.jpg,kaggle,tiny_far,train,2,0,kaggle_46
kaggle_G0011771_JPG.rf.e443165a144b4553900ce0e91b938863.jpg,kaggle,tiny_far,train,2,0,kaggle_47
kaggle_G0011775_JPG.rf.d3d066e96788e02be4a2eaa569b3f43b.jpg,kaggle,tiny_far,train,1,0,kaggle_48
kaggle_G0011866_JPG.rf.ae90eaa4057264f1536c48244881b018.jpg,kaggle,tiny_far,val,2,0,kaggle_49
kaggle_G0011870_JPG.rf.a976f1b15fe5b504b6d94babd34cbbbb.jpg,kaggle,tiny_far,train,3,0,kaggle_50
kaggle_G0011872_JPG.rf.8f81ed8ca24ba69a0fce9a4b0ab53d85.jpg,kaggle,tiny_far,train,3,0,kaggle_51
kaggle_G0011874_JPG.rf.3ff00e97904d7ac7ffbd135b6e753143.jpg,kaggle,tiny_far,train,3,0,kaggle_52
kaggle_G0011880_JPG.rf.7238165d96bcf7d0d516edb1e941a5df.jpg,kaggle,tiny_far,train,1,0,kaggle_53
kaggle_G0011935_JPG.rf.41e4638d6ade90bc1420aae55c1958eb.jpg,kaggle,tiny_far,test,1,0,kaggle_54
kaggle_G0011939_JPG.rf.5f17478854afd15845f10b141749734f.jpg,kaggle,tiny_far,train,5,0,kaggle_55
kaggle_G0011942_JPG.rf.7b6916b0664ef9b7c8d62626c269d39f.jpg,kaggle,tiny_far,val,7,0,kaggle_56
kaggle_G0011947_JPG.rf.9ea1ff384bf77ac05e1237cd6566a972.jpg,kaggle,tiny_far,train,1,0,kaggle_57
kaggle_G0011952_JPG.rf.2866ba8e2b3380f11f051c9bba2de2fa.jpg,kaggle,tiny_far,train,1,0,kaggle_58
kaggle_G0011953_JPG.rf.c250ae0cac4929e138578c8f5a12ebc6.jpg,kaggle,tiny_far,train,1,0,kaggle_59
kaggle_G0011958_JPG.rf.3869786b9b200cf1ed844b4fbdd55ca1.jpg,kaggle,tiny_far,train,1,0,kaggle_60
kaggle_G0011975_JPG.rf.0e4681da50dc1b68d26c01dc5cda916a.jpg,kaggle,tiny_far,val,3,0,kaggle_61
kaggle_G0011977_JPG.rf.416cdfc62f6b75287a3438940409308c.jpg,kaggle,tiny_far,test,3,0,kaggle_62
kaggle_G0011990_JPG.rf.a6a9d732727a0a87598e24fa13ab0e31.jpg,kaggle,tiny_far,train,1,0,kaggle_63
kaggle_G0016154_JPG.rf.ad118ea470042535b8301b0783d17c06.jpg,kaggle,tiny_far,val,1,0,kaggle_64
kaggle_G0016232_JPG.rf.a7eb5575ccfd22ab02d9e6f5666dbfce.jpg,kaggle,tiny_far,train,2,0,kaggle_65
kaggle_G0016316_JPG.rf.44abfaefbacf3455c27e1e8c26541b2c.jpg,kaggle,tiny_far,train,1,0,kaggle_66
kaggle_G0016325_JPG.rf.84290dfb46f39440add1269076307291.jpg,kaggle,tiny_far,train,1,0,kaggle_67
kaggle_G0016327_JPG.rf.e45c6ea3465f54f2325203193dfd6d9b.jpg,kaggle,tiny_far,train,1,0,kaggle_68
kaggle_G0016328_JPG.rf.b3283d43cc38ccae028a6289c1b551fd.jpg,kaggle,tiny_far,train,1,0,kaggle_69
kaggle_G0016501_JPG.rf.ff3b071513128d7a31ec725215bddd4c.jpg,kaggle,tiny_far,train,1,0,kaggle_70
kaggle_G0016503_JPG.rf.791025505659b24aa44add91c0aca077.jpg,kaggle,tiny_far,val,1,0,kaggle_71
kaggle_G0016515_JPG.rf.619fd32e1cc965c5ae96c6cb3bff2dac.jpg,kaggle,tiny_far,test,1,0,kaggle_72
kaggle_G0016557_JPG.rf.939709723ac09c281b4f7362f9aaeef4.jpg,kaggle,tiny_far,test,1,0,kaggle_73
kaggle_G0016558_JPG.rf.3b3936254081985e47b2dce3f8d0e6db.jpg,kaggle,tiny_far,train,1,0,kaggle_74
kaggle_G0020197_JPG.rf.0cc899a648e4d7908f2e57a414b13b02.jpg,kaggle,tiny_far,train,5,0,kaggle_75
kaggle_G0020198_JPG.rf.868a87443f059369bf193f8777acffc8.jpg,kaggle,tiny_far,train,5,0,kaggle_76
kaggle_G0020206_JPG.rf.3e59592ef351bdf0739172867c4706fa.jpg,kaggle,tiny_far,train,7,0,kaggle_77
kaggle_G0020212_JPG.rf.b4837055675d8171d99fa336018d681d.jpg,kaggle,tiny_far,val,3,0,kaggle_78
kaggle_G0022106_JPG.rf.86a896704cbefa5f9157d981cdd3ccf2.jpg,kaggle,tiny_far,train,2,0,kaggle_79
kaggle_G0022107_JPG.rf.e311a95b38f9d69af5aa33b32991986d.jpg,kaggle,tiny_far,train,2,0,kaggle_80
kaggle_G0022108_JPG.rf.a00f896b1f5f954c7b86268bf3d25c1f.jpg,kaggle,tiny_far,val,1,0,kaggle_81
kaggle_G0022110_JPG.rf.ff6da8b1561249ec40061798e373b3f1.jpg,kaggle,tiny_far,train,1,0,kaggle_82
kaggle_G0024291_JPG.rf.769aad1a864d156edb8d3cf03f476f0e.jpg,kaggle,tiny_far,train,8,0,kaggle_83
kaggle_G0024292_JPG.rf.26d312a178ffa510025b35130f3e52d7.jpg,kaggle,tiny_far,val,8,0,kaggle_84
kaggle_G0024294_JPG.rf.27e92ab8814b3a6c3867b045bb7fb758.jpg,kaggle,tiny_far,train,6,0,kaggle_85
kaggle_G0024295_JPG.rf.fd7370e6e7491f47286eb2e2f12b2f69.jpg,kaggle,tiny_far,train,6,0,kaggle_86
kaggle_G0024589_JPG.rf.2245287aaa5b059778cdee8983de7295.jpg,kaggle,tiny_far,test,8,0,kaggle_87
kaggle_G0024718_JPG.rf.660ff96ccf5b41345ce79ea7785758c8.jpg,kaggle,tiny_far,val,8,0,kaggle_88
kaggle_G0024749_JPG.rf.cb46b806392a071017d38f8aebe427d5.jpg,kaggle,tiny_far,train,20,0,kaggle_89
kaggle_G0024753_JPG.rf.365e67d0ee616ec928a00362d5bc4b00.jpg,kaggle,tiny_far,train,16,0,kaggle_90
kaggle_G0024754_JPG.rf.a6d0119ede4abb798c27ae3e2a78704b.jpg,kaggle,tiny_far,train,10,0,kaggle_91
kaggle_G0024826_JPG.rf.3dc84930c0630775250f342a59de7732.jpg,kaggle,tiny_far,train,8,0,kaggle_92
kaggle_G0025079_JPG.rf.c3471def9f9ab9b3aea7933f2a2d4e5a.jpg,kaggle,tiny_far,train,16,0,kaggle_93
kaggle_G0025080_JPG.rf.ee191872c1f85bb5c59e120785fb9f92.jpg,kaggle,tiny_far,train,14,0,kaggle_94
kaggle_G0025081_JPG.rf.041fd6f7c8dd11eaf4e3fa7c248bce7a.jpg,kaggle,tiny_far,test,14,0,kaggle_95
kaggle_G0025381_JPG.rf.4a3459b2b46644508aa07c0ca2250414.jpg,kaggle,tiny_far,val,6,0,kaggle_96
kaggle_G0025382_JPG.rf.6e08128fd389cc336a62a287e88a3c5d.jpg,kaggle,tiny_far,val,22,0,kaggle_97
kaggle_G0025383_JPG.rf.cca725980a99130d6b3fde3d25dc671e.jpg,kaggle,tiny_far,train,12,0,kaggle_98
kaggle_G0025386_JPG.rf.e0db65d684fc08abd9e8415a451714d1.jpg,kaggle,tiny_far,val,16,0,kaggle_99
kaggle_G0025388_JPG.rf.47594b1c4bbc0fb50d91c55fe7bfcebd.jpg,kaggle,tiny_far,train,6,0,kaggle_100
kaggle_G0025409_JPG.rf.81c64eaaea0b9362bebf07ac840371ee.jpg,kaggle,tiny_far,train,4,0,kaggle_101
kaggle_G0025665_JPG.rf.a786b4df26bc0bcc6e8676c452cac393.jpg,kaggle,tiny_far,train,8,0,kaggle_102
kaggle_G0025824_JPG.rf.58eefae441978509a7970fdd28f88783.jpg,kaggle,tiny_far,train,2,0,kaggle_103
kaggle_G0025836_JPG.rf.d0c34e297dcdd84137c358ef13d2852a.jpg,kaggle,tiny_far,train,8,0,kaggle_104
kaggle_G0026517_JPG.rf.0b14fe3cfc0107401a16614b676afb0c.jpg,kaggle,tiny_far,test,4,0,kaggle_105
kaggle_G0026518_JPG.rf.8025f86d9a1a8f3b0c6b9817a008f7de.jpg,kaggle,tiny_far,train,4,0,kaggle_106
kaggle_G0026953_JPG.rf.797cceea475bdedb387bba58f49b28a2.jpg,kaggle,tiny_far,train,2,0,kaggle_107
kaggle_G0026954_JPG.rf.52bffff19b8c88ecefeabbcac76305ac.jpg,kaggle,tiny_far,train,2,0,kaggle_108
kaggle_G0026955_JPG.rf.1e9fe00550432b74e698136a98e29c05.jpg,kaggle,tiny_far,test,2,0,kaggle_109
kaggle_G0027034_JPG.rf.e91b24b27c7f8fdfa9327cfde2516e69.jpg,kaggle,tiny_far,val,1,0,kaggle_110
kaggle_G0027048_JPG.rf.55969a6dad53803820eebc8784bf7c0d.jpg,kaggle,tiny_far,train,2,0,kaggle_111
kaggle_G0027049_JPG.rf.2b3e49e93f9b2e79a89b4919f0b3ccea.jpg,kaggle,tiny_far,train,2,0,kaggle_112
kaggle_G0027226_JPG.rf.9c3e0bcf293d68c6586db5bf918c08eb.jpg,kaggle,tiny_far,train,4,0,kaggle_113
kaggle_G0027269_JPG.rf.7c354683191e54fb4381b316252e72f4.jpg,kaggle,tiny_far,test,22,0,kaggle_114
kaggle_G0027270_JPG.rf.73ff7bab155dae1dedbc43317640f8ea.jpg,kaggle,tiny_far,test,20,0,kaggle_115
kaggle_G0027271_JPG.rf.d94f142dbca0944badda45f8b75e20f0.jpg,kaggle,tiny_far,train,16,0,kaggle_116
kaggle_G0027278_JPG.rf.0700068e635b1bb6384718de3f840141.jpg,kaggle,tiny_far,train,6,0,kaggle_117
kaggle_G0027281_JPG.rf.0f43f14fd64a7286a0cf4ce15f22cb42.jpg,kaggle,tiny_far,train,12,0,kaggle_118
kaggle_G0027282_JPG.rf.317327837ec4e69daf2a256c6ba6e27d.jpg,kaggle,tiny_far,train,10,0,kaggle_119
kaggle_G0027283_JPG.rf.066e666cbae94415f7d0555442124056.jpg,kaggle,tiny_far,val,8,0,kaggle_120
kaggle_G0027285_JPG.rf.015d94dcc6937e48c0f54913004ab450.jpg,kaggle,tiny_far,test,2,0,kaggle_121
kaggle_G0027286_JPG.rf.5038a1d3216315d83ec09e43fb1b5d67.jpg,kaggle,tiny_far,train,2,0,kaggle_122
kaggle_G0027310_JPG.rf.ffa6f28cb8362291a010ded6ee2435e2.jpg,kaggle,tiny_far,val,1,0,kaggle_123
kaggle_G0027311_JPG.rf.ac32545e9b8f750e671d892e3eea5d7e.jpg,kaggle,tiny_far,train,1,0,kaggle_124
kaggle_G0027312_JPG.rf.2a5e7a6e8cb037ab92cb88cad8722500.jpg,kaggle,tiny_far,train,1,0,kaggle_125
kaggle_G0027313_JPG.rf.735c2db33bfcf98a538d401dcf5ef65c.jpg,kaggle,tiny_far,test,1,0,kaggle_126
kaggle_G0027316_JPG.rf.96e8c2466edf6f168f90498f6c6a34ec.jpg,kaggle,tiny_far,train,1,0,kaggle_127
kaggle_G0027408_JPG.rf.bd71788ebe0ac039bb03697566310fc4.jpg,kaggle,tiny_far,test,2,0,kaggle_128
kaggle_G0027409_JPG.rf.de63dbf1d62d4a3ffd92bdbfce1e3b42.jpg,kaggle,tiny_far,test,2,0,kaggle_129
kaggle_G0027413_JPG.rf.9c4dad9703b610477ac9cccbddaaf5ac.jpg,kaggle,tiny_far,test,6,0,kaggle_130
kaggle_G0027414_JPG.rf.1bd9f6c599fb6252f742ba929bda02fd.jpg,kaggle,tiny_far,train,4,0,kaggle_131
kaggle_G0027506_JPG.rf.dddc9211563b9825a21ef300d6cd388f.jpg,kaggle,tiny_far,train,14,0,kaggle_132
kaggle_G0027515_JPG.rf.c837ed4d0b7abeb84d7e30be31156b25.jpg,kaggle,tiny_far,val,2,0,kaggle_133
kaggle_G0027527_JPG.rf.b49234cc767d4add3fcbd2be917f3145.jpg,kaggle,tiny_far,train,8,0,kaggle_134
kaggle_G0027590_JPG.rf.bfee5c10ecdbce657600ba97af81f508.jpg,kaggle,tiny_far,test,2,0,kaggle_135
kaggle_G0027591_JPG.rf.29283629e8bccc489e47068fb9698505.jpg,kaggle,tiny_far,train,6,0,kaggle_136
kaggle_G0027630_JPG.rf.50a3397a7352ab781125089cc8845b47.jpg,kaggle,tiny_far,train,2,0,kaggle_137
kaggle_G0027662_JPG.rf.85e6c177df16763031b53ed0a3cb3585.jpg,kaggle,tiny_far,train,2,0,kaggle_138
kaggle_G0027797_JPG.rf.4de21acd0a686d5d6be9dc446057ec06.jpg,kaggle,tiny_far,val,5,0,kaggle_139
kaggle_G0027798_JPG.rf.3b4c166f6b2674722ce2a070b59eafec.jpg,kaggle,tiny_far,train,6,0,kaggle_140
kaggle_G0027799_JPG.rf.a82b82091470a8d8c6af12fcae697dba.jpg,kaggle,tiny_far,val,6,0,kaggle_141
kaggle_G0027800_JPG.rf.562a9a5e7d0e2ce7fd424df44fdfc834.jpg,kaggle,tiny_far,train,3,0,kaggle_142
kaggle_G0027802_JPG.rf.5e7b12d15d5ea8fd57bee4fe7dfe4fea.jpg,kaggle,tiny_far,train,2,0,kaggle_143
kaggle_G0027822_JPG.rf.b08a6dde8ae20edfc6bcf1647fc9319f.jpg,kaggle,tiny_far,train,2,0,kaggle_144
kaggle_G0027849_JPG.rf.4f00d280033aa093ec707cac4c280a87.jpg,kaggle,tiny_far,train,2,0,kaggle_145
kaggle_G0027854_JPG.rf.ac2c0b96cdca9aec072e55601e8f7c08.jpg,kaggle,tiny_far,val,2,0,kaggle_146
kaggle_G0027855_JPG.rf.273e00dd7ac384b1cc2359175cb1f756.jpg,kaggle,tiny_far,train,1,0,kaggle_147
kaggle_G0027858_JPG.rf.54d8e4be0af07ada8e11f31d3b044d32.jpg,kaggle,tiny_far,train,1,0,kaggle_148
kaggle_G0027860_JPG.rf.50f15361b8b7530af16b0e8e28de38bf.jpg,kaggle,tiny_far,train,2,0,kaggle_149
kaggle_G0027861_JPG.rf.39eedb1f5508400f85c1f63623765aa7.jpg,kaggle,tiny_far,val,2,0,kaggle_150
kaggle_G0027878_JPG.rf.077e0fe80ac0d803f49ebf1f2883193b.jpg,kaggle,tiny_far,train,12,0,kaggle_151
kaggle_G0027879_JPG.rf.67e4b66b9cf6af94c873c3094666260d.jpg,kaggle,tiny_far,train,2,0,kaggle_152
kaggle_G0027889_JPG.rf.f4b20faeb102e6906a3e4efceddc588b.jpg,kaggle,tiny_far,val,2,0,kaggle_153
kaggle_G0027890_JPG.rf.22e6eb8af0af1686eacb24bccd28c57a.jpg,kaggle,tiny_far,train,2,0,kaggle_154
kaggle_G0027891_JPG.rf.29cbc39a6f30f4a3949af74035c8b366.jpg,kaggle,tiny_far,train,6,0,kaggle_155
kaggle_G0027894_JPG.rf.47ae0725a818910f03d0de5a1a00a1cc.jpg,kaggle,tiny_far,train,2,0,kaggle_156
kaggle_G0027931_JPG.rf.bcdb7685e144d3b9fee04c63e8dcc475.jpg,kaggle,tiny_far,train,10,0,kaggle_157
kaggle_G0027932_JPG.rf.e88c40abd48052b70f69c091dc9301f2.jpg,kaggle,tiny_far,train,8,0,kaggle_158
kaggle_G0027934_JPG.rf.9a1259e5cb596fb170d6fca765da16cc.jpg,kaggle,tiny_far,train,6,0,kaggle_159
kaggle_G0027976_JPG.rf.a0b3a20fcde173ad1cdf2e078f454a08.jpg,kaggle,tiny_far,train,4,0,kaggle_160
kaggle_G0027977_JPG.rf.e9617121084b1ad4bd85f056122a9101.jpg,kaggle,tiny_far,train,2,0,kaggle_161
kaggle_G0027990_JPG.rf.02fc9e863fe61e913825482a7fa66fc7.jpg,kaggle,tiny_far,train,6,0,kaggle_162
kaggle_G0027991_JPG.rf.f0a00c8808c7c359829faefed755b0e9.jpg,kaggle,tiny_far,test,4,0,kaggle_163
kaggle_G0027992_JPG.rf.8f5a32c9421de6d1390d7676c93a5751.jpg,kaggle,tiny_far,train,2,0,kaggle_164
kaggle_G0027993_JPG.rf.fd8b6ef6a0aeb8646a031c6535aee7d1.jpg,kaggle,tiny_far,val,2,0,kaggle_165
kaggle_G0028002_JPG.rf.65dbf2641959ed84171dd4441a9ba261.jpg,kaggle,tiny_far,train,4,0,kaggle_166
kaggle_G0028142_JPG.rf.85e087b20d5e9d9f9ac10dd2b37bcc4e.jpg,kaggle,tiny_far,train,2,0,kaggle_167
kaggle_G0028159_JPG.rf.cc5954f7a71a8113f1210babd5f26a8e.jpg,kaggle,tiny_far,train,4,0,kaggle_168
kaggle_G0028201_JPG.rf.ee4012bcab7cc270fe871240b71196ff.jpg,kaggle,tiny_far,train,1,0,kaggle_169
kaggle_G0028259_JPG.rf.6274d96da2a618efdd9559c5d825c0ef.jpg,kaggle,tiny_far,train,3,0,kaggle_170
kaggle_G0028260_JPG.rf.bcd1c1496e004c38c8c50196c61350b1.jpg,kaggle,tiny_far,val,1,0,kaggle_171
kaggle_G0028261_JPG.rf.9e0bd3add11a66078db481727460ab89.jpg,kaggle,tiny_far,train,1,0,kaggle_172
kaggle_G0028267_JPG.rf.ab6ae0234991ef4b25fd0411952a161a.jpg,kaggle,tiny_far,test,3,0,kaggle_173
kaggle_G0028268_JPG.rf.f382fae85099224403e7d7c53c730424.jpg,kaggle,tiny_far,test,4,0,kaggle_174
kaggle_G0028271_JPG.rf.4b82f5dbc3aef8a6a33d40642d7ebf72.jpg,kaggle,tiny_far,train,2,0,kaggle_175
kaggle_G0028272_JPG.rf.857cc1b952c39904f0c7c3b9aa3bfc93.jpg,kaggle,tiny_far,train,2,0,kaggle_176
kaggle_G0028275_JPG.rf.fde76266e503dcc2944623d99d89e8ae.jpg,kaggle,tiny_far,train,1,0,kaggle_177
kaggle_G0028276_JPG.rf.91c0906a0c8a2c219eb5d4cec1850eee.jpg,kaggle,tiny_far,train,1,0,kaggle_178
kaggle_G0028283_JPG.rf.e1c62c90390e942630f33c6b460f918f.jpg,kaggle,tiny_far,train,1,0,kaggle_179
kaggle_G0028286_JPG.rf.a00eb747af714acfaea8e0be5152b8f9.jpg,kaggle,tiny_far,val,3,0,kaggle_180
kaggle_G0028288_JPG.rf.4692c948a43c422bbd8552739544e4eb.jpg,kaggle,tiny_far,train,2,0,kaggle_181
kaggle_G0028289_JPG.rf.45010d59601ae39f4ef2b98d2fac4258.jpg,kaggle,tiny_far,train,2,0,kaggle_182
kaggle_G0028303_JPG.rf.3d6206947ca8513a261828230dab9ab8.jpg,kaggle,tiny_far,train,2,0,kaggle_183
kaggle_G0028338_JPG.rf.3d09ea7eaf0f954612692462af40d958.jpg,kaggle,tiny_far,train,1,0,kaggle_184
kaggle_G0028339_JPG.rf.72f1592315708ce0dcdbab5980349b14.jpg,kaggle,tiny_far,train,2,0,kaggle_185
kaggle_G0028367_JPG.rf.7933271b42248c9eb6fd743fb040a836.jpg,kaggle,tiny_far,val,2,0,kaggle_186
kaggle_G0028392_JPG.rf.e8c0f9af4c8e9b5abaca41c628e1812e.jpg,kaggle,tiny_far,val,10,0,kaggle_187
kaggle_G0028398_JPG.rf.d917f330252130c48cb9d9f54ffcefd7.jpg,kaggle,tiny_far,train,8,0,kaggle_188
kaggle_G0028399_JPG.rf.386e2f3ba1a79a2f7773f42303a30a29.jpg,kaggle,tiny_far,train,2,0,kaggle_189
kaggle_G0028409_JPG.rf.ccc862783c5e1800ba78dbc3761f8948.jpg,kaggle,tiny_far,train,1,0,kaggle_190
kaggle_G0028410_JPG.rf.b00e1fbc6b94dd8bb57593f5807e1717.jpg,kaggle,tiny_far,train,1,0,kaggle_191
kaggle_G0028412_JPG.rf.6fae05f62839ab8837c65f69c017bfcb.jpg,kaggle,tiny_far,val,1,0,kaggle_192
kaggle_G0028413_JPG.rf.8874ecb30ae17e81caf14d7689b06f92.jpg,kaggle,tiny_far,val,1,0,kaggle_193
kaggle_G0028414_JPG.rf.f0f196fecc37917232b5a666833cca66.jpg,kaggle,tiny_far,train,1,0,kaggle_194
kaggle_G0028415_JPG.rf.823cc916a37c5f645ac530dd8ec865ea.jpg,kaggle,tiny_far,train,1,0,kaggle_195
kaggle_G0028416_JPG.rf.ec55877520b3e3897ed404d2e6c7be17.jpg,kaggle,tiny_far,train,1,0,kaggle_196
kaggle_G0028417_JPG.rf.2743c0dbdd570e0f879fc5373701b56e.jpg,kaggle,tiny_far,test,1,0,kaggle_197
kaggle_G0028434_JPG.rf.69ed69ec2ed2a3417cc70245232bda10.jpg,kaggle,tiny_far,train,6,0,kaggle_198
kaggle_G0028435_JPG.rf.ffd01f6f66c560eb6b0285823360d957.jpg,kaggle,tiny_far,test,6,0,kaggle_199
kaggle_G0028436_JPG.rf.8c1f1b41477b0352f52096113ff15a9a.jpg,kaggle,tiny_far,test,2,0,kaggle_200
kaggle_G0028437_JPG.rf.24f94fcc8020cb10d5e27c9fc07ae08b.jpg,kaggle,tiny_far,train,2,0,kaggle_201
kaggle_G0028470_JPG.rf.6151fc4f7b4ac4363c4beae3af5bcc45.jpg,kaggle,tiny_far,train,4,0,kaggle_202
kaggle_G0028471_JPG.rf.ee1959a6436aeb5ed7ac9dc5448c36f7.jpg,kaggle,tiny_far,test,4,0,kaggle_203
kaggle_G0028472_JPG.rf.33f12557b2beff0a581c936d6ad58794.jpg,kaggle,tiny_far,train,4,0,kaggle_204
kaggle_G0028473_JPG.rf.7f7c569089cf41d184a62d8321f16ced.jpg,kaggle,tiny_far,val,4,0,kaggle_205
kaggle_G0028479_JPG.rf.f1415cc6eadaa7f79d1e120e4b178513.jpg,kaggle,tiny_far,test,4,0,kaggle_206
kaggle_G0028480_JPG.rf.348ec7d634b7551cd5b47b64b79204d8.jpg,kaggle,tiny_far,train,4,0,kaggle_207
kaggle_G0028481_JPG.rf.b9bdf447d04b634c0dc46a5e4914631b.jpg,kaggle,tiny_far,train,2,0,kaggle_208
kaggle_G0028486_JPG.rf.d9e85c63658560556d1b31a684500288.jpg,kaggle,tiny_far,val,2,0,kaggle_209
kaggle_G0028487_JPG.rf.60d6c12656de073e74a3db46662b814e.jpg,kaggle,tiny_far,test,2,0,kaggle_210
kaggle_G0028489_JPG.rf.b80050720308cb2226f4585e8d71dbc7.jpg,kaggle,tiny_far,test,6,0,kaggle_211
kaggle_G0028490_JPG.rf.a98509577872f92b6d18196ea441cad7.jpg,kaggle,tiny_far,train,6,0,kaggle_212
kaggle_G0028492_JPG.rf.20426551db27fb6919f56365c454042d.jpg,kaggle,tiny_far,test,2,0,kaggle_213
kaggle_G0028503_JPG.rf.5d72ad27c7e0189794a020d008891449.jpg,kaggle,tiny_far,train,2,0,kaggle_214
kaggle_G0028505_JPG.rf.e0c95e1fcfb02b7ae7364de94f79f91a.jpg,kaggle,tiny_far,train,8,0,kaggle_215
kaggle_G0028506_JPG.rf.281d95552d73f09c20f7811ded07057e.jpg,kaggle,tiny_far,val,8,0,kaggle_216
kaggle_G0028507_JPG.rf.fa4809904a1a6491b57ec1ad3ac2fbfe.jpg,kaggle,tiny_far,train,2,0,kaggle_217
kaggle_G0028509_JPG.rf.7f0a205f97a8645d38028dd87d5a665e.jpg,kaggle,tiny_far,train,2,0,kaggle_218
kaggle_G0028512_JPG.rf.1a8384cceee55340b2bd6274e1b05580.jpg,kaggle,tiny_far,train,2,0,kaggle_219
kaggle_G0028513_JPG.rf.389dd3f02fee34c7fd870be8966975a7.jpg,kaggle,tiny_far,train,2,0,kaggle_220
kaggle_G0028514_JPG.rf.afd623231880cbccf6a4fd34f0e55c58.jpg,kaggle,tiny_far,train,2,0,kaggle_221
kaggle_G0028520_JPG.rf.42e0497603ee237101d44a605b1ff04c.jpg,kaggle,tiny_far,test,8,0,kaggle_222
kaggle_G0028522_JPG.rf.1ab122a88adae049d89d3e3ba60cd71e.jpg,kaggle,tiny_far,train,6,0,kaggle_223
kaggle_G0028543_JPG.rf.f8a719963d4e2bd3dd979868d284dc20.jpg,kaggle,tiny_far,train,2,0,kaggle_224
kaggle_G0028545_JPG.rf.5746ea9d6614eca206b5ae26d0a8a5ca.jpg,kaggle,tiny_far,train,2,0,kaggle_225
kaggle_G0028596_JPG.rf.3c045dde8c8dfaf885d0bd6229e624de.jpg,kaggle,tiny_far,train,4,0,kaggle_226
kaggle_G0028597_JPG.rf.547d8e608ef9f107edadc87984c266e7.jpg,kaggle,tiny_far,test,4,0,kaggle_227
kaggle_G0028603_JPG.rf.6c6d7b2840c0ba5ac4390ffe0efe21ee.jpg,kaggle,tiny_far,val,18,0,kaggle_228
kaggle_G0028611_JPG.rf.f48f9c95e35d2cf1418f0dea0d122d94.jpg,kaggle,tiny_far,test,4,0,kaggle_229
kaggle_G0028715_JPG.rf.99bfc92b1fefa262cd37576f6522f702.jpg,kaggle,tiny_far,val,3,0,kaggle_230
kaggle_G0028716_JPG.rf.2d20438016b06474dce734d17240759f.jpg,kaggle,tiny_far,train,3,0,kaggle_231
kaggle_G0028750_JPG.rf.599ee805acfa5f720f60782d8a5d994e.jpg,kaggle,tiny_far,train,1,0,kaggle_232
kaggle_G0028752_JPG.rf.c87f7466e994f2fe02ed0e5539929c37.jpg,kaggle,tiny_far,train,1,0,kaggle_233
kaggle_G0028753_JPG.rf.7c9c6815727ccc6874445f86e2eea193.jpg,kaggle,tiny_far,train,1,0,kaggle_234
kaggle_G0028754_JPG.rf.3aa30ba8fbe083299ffb029c02a0ccd7.jpg,kaggle,tiny_far,train,1,0,kaggle_235
kaggle_G0028755_JPG.rf.84376921c986879a53160cc2b5d06baf.jpg,kaggle,tiny_far,train,1,0,kaggle_236
kaggle_G0028756_JPG.rf.26d04eb43c0e1f52c1d20f3de1795832.jpg,kaggle,tiny_far,train,1,0,kaggle_237
kaggle_G0028761_JPG.rf.f8f7dbe7f388692368333597e771440a.jpg,kaggle,tiny_far,train,1,0,kaggle_238
kaggle_G0028762_JPG.rf.fb33932424941ed802eb1cf1edfde925.jpg,kaggle,tiny_far,train,1,0,kaggle_239
kaggle_G0028763_JPG.rf.3718c6dc96880c18e39f4cac6855fcca.jpg,kaggle,tiny_far,train,1,0,kaggle_240
kaggle_G0028764_JPG.rf.4ce830f831f9c4061f7f668d9a66dc40.jpg,kaggle,tiny_far,train,1,0,kaggle_241
kaggle_G0028767_JPG.rf.f0b93b4d7d6be784e8c5046d0c497366.jpg,kaggle,tiny_far,val,1,0,kaggle_242
kaggle_G0028814_JPG.rf.07062f45b1f8f7dc3ba92ed446b16e95.jpg,kaggle,tiny_far,train,3,0,kaggle_243
kaggle_G0028817_JPG.rf.fb5d69f08720db83c87e2d43e0a53eaa.jpg,kaggle,tiny_far,train,8,0,kaggle_244
kaggle_G0028836_JPG.rf.710278e4eb9fafbc6cce1d483911649f.jpg,kaggle,tiny_far,test,2,0,kaggle_245
kaggle_G0028837_JPG.rf.6e2823ec44349bb1b0fd7885fe019669.jpg,kaggle,tiny_far,train,2,0,kaggle_246
kaggle_G0028838_JPG.rf.7d9b52fac40189da903271b130f317ff.jpg,kaggle,tiny_far,test,2,0,kaggle_247
kaggle_G0028846_JPG.rf.d290cf0f7c38ebae01ef24bb6346d995.jpg,kaggle,tiny_far,train,1,0,kaggle_248
kaggle_G0028848_JPG.rf.e47d64d411ef5140795ff6861cb26c30.jpg,kaggle,tiny_far,train,2,0,kaggle_249
kaggle_G0028849_JPG.rf.2150d1c64ee3e13944ce05d05edbd0ae.jpg,kaggle,tiny_far,train,2,0,kaggle_250
kaggle_G0028887_JPG.rf.9af865acae5213aa3d605e2cb5c0cf6b.jpg,kaggle,tiny_far,val,3,0,kaggle_251
kaggle_G0028888_JPG.rf.f19f54a101404524788b00ec7887e8db.jpg,kaggle,tiny_far,train,3,0,kaggle_252
kaggle_G0028889_JPG.rf.754b858139c07e0ebd624ae96c8c5aba.jpg,kaggle,tiny_far,train,3,0,kaggle_253
kaggle_G0028890_JPG.rf.5f7deba5de9dcb99eade0c7dddbe5f83.jpg,kaggle,tiny_far,val,3,0,kaggle_254
kaggle_G0028891_JPG.rf.c30f0c1fc92c714cae6809f5418c4262.jpg,kaggle,tiny_far,train,1,0,kaggle_255
kaggle_G0028893_JPG.rf.5b304319e089ae8925e7ad2fe8b9b9e2.jpg,kaggle,tiny_far,val,1,0,kaggle_256
kaggle_G0028894_JPG.rf.344c37b370627f1269a4920c0e6f7b70.jpg,kaggle,tiny_far,train,1,0,kaggle_257
kaggle_G0028898_JPG.rf.fb56a49c43e1ec0af0944e36f07adb2f.jpg,kaggle,tiny_far,train,1,0,kaggle_258
kaggle_G0028901_JPG.rf.d2b4362f71eab825db5ba5a66f3cea40.jpg,kaggle,tiny_far,train,1,0,kaggle_259
kaggle_G0028907_JPG.rf.de81eb3a5fd6dddc8e56b94d6dbcc224.jpg,kaggle,tiny_far,val,2,0,kaggle_260
kaggle_G0028908_JPG.rf.aa72048cbcb7b6646d87017dd29e4259.jpg,kaggle,tiny_far,val,1,0,kaggle_261
kaggle_G0028932_JPG.rf.63a9ee1eb738d0eba56dbec7e03f5133.jpg,kaggle,tiny_far,train,2,0,kaggle_262
kaggle_G0028933_JPG.rf.cd464485911f187366dfa05703eba6ee.jpg,kaggle,tiny_far,val,2,0,kaggle_263
kaggle_G0028934_JPG.rf.3cb9301b017643a615a36a6f122bc30a.jpg,kaggle,tiny_far,test,2,0,kaggle_264
kaggle_G0028935_JPG.rf.8b669a8f2e0f52426f311a9bdf0167dc.jpg,kaggle,tiny_far,train,1,0,kaggle_265
kaggle_G0028951_JPG.rf.f23cdadd504312833861840398605d3c.jpg,kaggle,tiny_far,test,1,0,kaggle_266
kaggle_G0028952_JPG.rf.66f6c71123978ddc39acaa777a95dc55.jpg,kaggle,tiny_far,train,1,0,kaggle_267
kaggle_G0028976_JPG.rf.a555f3dfc49ae4a5fa770261a4bb09b3.jpg,kaggle,tiny_far,train,2,0,kaggle_268
kaggle_G0028977_JPG.rf.c5a750394c2f806f60b6497f3e895546.jpg,kaggle,tiny_far,train,2,0,kaggle_269
kaggle_G0028991_JPG.rf.2c64a20fe5c32a51d1258147d8f97544.jpg,kaggle,tiny_far,train,6,0,kaggle_270
kaggle_G0028992_JPG.rf.16629c2edf12795226eddf03bf0fd48a.jpg,kaggle,tiny_far,train,6,0,kaggle_271
kaggle_G0028993_JPG.rf.1b5cbcb98ebd3a69ff078bb0538603c6.jpg,kaggle,tiny_far,test,3,0,kaggle_272
kaggle_G0028995_JPG.rf.43c08b35c6eb792889fa60af012a0380.jpg,kaggle,tiny_far,val,1,0,kaggle_273
kaggle_G0028997_JPG.rf.27c56ea89dd585a6e45a852cf11aeccb.jpg,kaggle,tiny_far,train,4,0,kaggle_274
kaggle_G0028998_JPG.rf.3c20f41a2fa9650448475606ad2fcd28.jpg,kaggle,tiny_far,test,4,0,kaggle_275
kaggle_G0029049_JPG.rf.73bb0f8b58c68f0d1efc48ff1c806c41.jpg,kaggle,tiny_far,train,4,0,kaggle_276
kaggle_G0029050_JPG.rf.1bed52d5183665982c5393ad1953a2cb.jpg,kaggle,tiny_far,train,2,0,kaggle_277
kaggle_G0029060_JPG.rf.1664dcccbef62ffcdba05716d99e1efa.jpg,kaggle,tiny_far,train,2,0,kaggle_278
kaggle_G0029079_JPG.rf.2901cf0ad099605d68f43813b8d1d506.jpg,kaggle,tiny_far,train,2,0,kaggle_279
kaggle_G0029081_JPG.rf.1afe8e9463c9dcf08ea18d62bb09aa50.jpg,kaggle,tiny_far,train,2,0,kaggle_280
kaggle_G0029084_JPG.rf.60c1a82ad484a8a5a3bcde284360631c.jpg,kaggle,tiny_far,train,1,0,kaggle_281
kaggle_G0029086_JPG.rf.48357675e23062e18189722d4ccfad4d.jpg,kaggle,tiny_far,train,1,0,kaggle_282
kaggle_G0029088_JPG.rf.188f86611f13fbc78161a9e70c4b2601.jpg,kaggle,tiny_far,train,2,0,kaggle_283
kaggle_G0029156_JPG.rf.dfc9ad6b72f8c0da322f1b4dc3a492fb.jpg,kaggle,tiny_far,train,4,0,kaggle_284
kaggle_G0029157_JPG.rf.f32d5bca87bbe1a2b95938ecaec89993.jpg,kaggle,tiny_far,train,4,0,kaggle_285
kaggle_G0029191_JPG.rf.111349638175308451bfd779ccf5e54b.jpg,kaggle,tiny_far,train,2,0,kaggle_286
kaggle_G0029193_JPG.rf.12c99480d95e26b012b8b8f8d7fd177d.jpg,kaggle,tiny_far,train,10,0,kaggle_287
kaggle_G0029194_JPG.rf.806713fb12967857a65c41ee15fc4249.jpg,kaggle,tiny_far,train,10,0,kaggle_288
kaggle_G0029195_JPG.rf.e99c4cae6b55a30a8cddab852e827ee9.jpg,kaggle,tiny_far,train,8,0,kaggle_289
kaggle_G0029203_JPG.rf.d2c74a79b79d31f2a335a8e32bec29e5.jpg,kaggle,tiny_far,train,1,0,kaggle_290
kaggle_G0029229_JPG.rf.997f09737927bfd3c2d2c2333923c21e.jpg,kaggle,tiny_far,train,8,0,kaggle_291
kaggle_G0029233_JPG.rf.fb1083b53e32055de51f4bb5a5fee946.jpg,kaggle,tiny_far,train,2,0,kaggle_292
kaggle_G0029284_JPG.rf.09b86f538cc1d3efb32a3abfcaece535.jpg,kaggle,tiny_far,train,1,0,kaggle_293
kaggle_G0029285_JPG.rf.5914a8c5b3f395ac3c177c2e7b0ca11f.jpg,kaggle,tiny_far,val,1,0,kaggle_294
kaggle_G0029314_JPG.rf.09a740f8897bde85a57406ace1cdeefa.jpg,kaggle,tiny_far,train,4,0,kaggle_295
kaggle_G0029320_JPG.rf.52f5e77eafbf212cbf4f97c472975865.jpg,kaggle,tiny_far,train,2,0,kaggle_296
kaggle_G0029381_JPG.rf.94e9722179cb299b3650108c5326113c.jpg,kaggle,tiny_far,train,4,0,kaggle_297
kaggle_G0029382_JPG.rf.5540b1ba279144cccbccc6f69eeabacf.jpg,kaggle,tiny_far,val,4,0,kaggle_298
kaggle_G0029383_JPG.rf.2b6ec080a767cb0974ca895a8e5e67ed.jpg,kaggle,tiny_far,val,4,0,kaggle_299
kaggle_G0029446_JPG.rf.0f972c15d5502f5122fcb4187467b95a.jpg,kaggle,tiny_far,train,1,0,kaggle_300
kaggle_G0029447_JPG.rf.ffdf173a63d4dbd44968dd2b5b2c3f00.jpg,kaggle,tiny_far,train,1,0,kaggle_301
kaggle_G0029448_JPG.rf.06da9bbd5124f178d943cf58122c87f7.jpg,kaggle,tiny_far,train,1,0,kaggle_302
kaggle_G0029449_JPG.rf.522a8cc1c2c08e74b7a6ffaede3998ab.jpg,kaggle,tiny_far,train,1,0,kaggle_303
kaggle_G0029450_JPG.rf.b0753b5e46b02f2f47cbfb7c7eaa3062.jpg,kaggle,tiny_far,train,1,0,kaggle_304
kaggle_G0029453_JPG.rf.c14e8c1be1701d7f3364b4617783392c.jpg,kaggle,tiny_far,train,2,0,kaggle_305
kaggle_G0029454_JPG.rf.582cbb77126e5be2eefcf9b6251ff125.jpg,kaggle,tiny_far,train,2,0,kaggle_306
kaggle_G0029455_JPG.rf.2740ba131a2b6f9091b9ed1744630323.jpg,kaggle,tiny_far,test,2,0,kaggle_307
kaggle_G0029468_JPG.rf.0e1a233758efd2eca20a1478e32f0af9.jpg,kaggle,tiny_far,train,4,0,kaggle_308
kaggle_G0029469_JPG.rf.7b1d72ea93354fc27a20146c3e2a6e61.jpg,kaggle,tiny_far,train,4,0,kaggle_309
kaggle_G0029511_JPG.rf.c30a4502545efe4fa586d737a9fe0ab4.jpg,kaggle,tiny_far,train,1,0,kaggle_310
kaggle_G0029603_JPG.rf.d2cae0ee8aad09ba2ac7c638dc342b44.jpg,kaggle,tiny_far,test,1,0,kaggle_311
kaggle_G0029604_JPG.rf.87b4e1e92cdc2d0324573ff8d64816f3.jpg,kaggle,tiny_far,test,1,0,kaggle_312
kaggle_G0029605_JPG.rf.09cbd69ab8cd92fe43f9ba8ed15bab6f.jpg,kaggle,tiny_far,train,1,0,kaggle_313
kaggle_G0029661_JPG.rf.6c6c1a9846b4583d0174df1ce45dbc54.jpg,kaggle,tiny_far,test,2,0,kaggle_314
kaggle_G0029717_JPG.rf.e579b89f57f3237255cc40bef717aea2.jpg,kaggle,tiny_far,val,2,0,kaggle_315
kaggle_G0029718_JPG.rf.0c74b8d06067f414ca8077c4e97237b8.jpg,kaggle,tiny_far,test,2,0,kaggle_316
kaggle_G0029719_JPG.rf.2ebd50217580f2448aa620f470f9810c.jpg,kaggle,tiny_far,train,2,0,kaggle_317
kaggle_G0029721_JPG.rf.81e9543453a85d9e863abb7f13fff3a3.jpg,kaggle,tiny_far,val,1,0,kaggle_318
kaggle_G0029723_JPG.rf.282802e4f57877a58ed05fb70c2af4ca.jpg,kaggle,tiny_far,train,1,0,kaggle_319
kaggle_G0029724_JPG.rf.146dc3ff563c994ccefc1953c9d4e559.jpg,kaggle,tiny_far,train,1,0,kaggle_320
kaggle_G0029785_JPG.rf.0a58927bdc9a7ebe4c971b39e70b5ab3.jpg,kaggle,tiny_far,train,2,0,kaggle_321
kaggle_G0029867_JPG.rf.625c85c7094f68b1544b7e9ec7df0a3d.jpg,kaggle,tiny_far,test,1,0,kaggle_322
kaggle_G0029929_JPG.rf.2e2ecbee3be6091c0a2e098d9c5a0ebb.jpg,kaggle,tiny_far,train,1,0,kaggle_323
kaggle_G0029946_JPG.rf.df0650f0c80b8aff3b82c5d5770ee4bc.jpg,kaggle,tiny_far,val,6,0,kaggle_324
kaggle_G0029947_JPG.rf.0ea044296571aa58481978f8146adb2c.jpg,kaggle,tiny_far,train,6,0,kaggle_325
kaggle_G0029948_JPG.rf.8ec99284f9712a18292d950cc36ea687.jpg,kaggle,tiny_far,train,4,0,kaggle_326
kaggle_G0029965_JPG.rf.ac23434df69c844f4418c2ddc666a604.jpg,kaggle,tiny_far,val,3,0,kaggle_327
kaggle_G0029966_JPG.rf.f6bc45fbc2d574e1f2181d143fccc892.jpg,kaggle,tiny_far,train,3,0,kaggle_328
kaggle_G0029967_JPG.rf.156f6c983a6ca9c52eb25f84681f02d2.jpg,kaggle,tiny_far,val,2,0,kaggle_329
kaggle_G0030003_JPG.rf.a3da4cce6ce89b80de3daf845be04288.jpg,kaggle,tiny_far,train,2,0,kaggle_330
kaggle_G0030004_JPG.rf.9e7ab5ff31af7a72dc54260820d67f25.jpg,kaggle,tiny_far,test,2,0,kaggle_331
kaggle_G0030136_JPG.rf.7fcdbd2f27b85ce046f08dc1526c8cc3.jpg,kaggle,tiny_far,train,1,0,kaggle_332
kaggle_G0030137_JPG.rf.bef601e3db9bf08c6a5c87d389c0ed28.jpg,kaggle,tiny_far,train,1,0,kaggle_333
kaggle_G0030138_JPG.rf.e63bf9c4592443ef64aa8c30c5538074.jpg,kaggle,tiny_far,test,1,0,kaggle_334
kaggle_G0030141_JPG.rf.16b403caf1f4e3ef1cbe57033d9c5ca5.jpg,kaggle,tiny_far,val,2,0,kaggle_335
kaggle_G0030161_JPG.rf.d1ebec0f455c063ece16969970d20d5b.jpg,kaggle,tiny_far,train,2,0,kaggle_336
kaggle_G0030187_JPG.rf.2c8501f0bb572e9e382a994770523b5a.jpg,kaggle,tiny_far,train,1,0,kaggle_337
kaggle_G0030193_JPG.rf.8a3e27fdaf64d16b076c898d880ced56.jpg,kaggle,tiny_far,val,2,0,kaggle_338
kaggle_G0030194_JPG.rf.1cdcdacbfbfbfe739090eee74e456c74.jpg,kaggle,tiny_far,train,1,0,kaggle_339
kaggle_G0030220_JPG.rf.5344259177378f0c55694dbd4c806665.jpg,kaggle,tiny_far,val,4,0,kaggle_340
kaggle_G0030222_JPG.rf.ebd50800328339a3bb4cab4c34323266.jpg,kaggle,tiny_far,train,3,0,kaggle_341
kaggle_G0030285_JPG.rf.4bb9dc82a7348d1fc3ad51970caf6e8b.jpg,kaggle,tiny_far,train,8,0,kaggle_342
kaggle_G0030286_JPG.rf.7e9e9ba3a93566a30c567343622803d6.jpg,kaggle,tiny_far,val,4,0,kaggle_343
kaggle_G0030289_JPG.rf.6df16d1e98447a68284c4b77f62d3dce.jpg,kaggle,tiny_far,val,4,0,kaggle_344
kaggle_G0030290_JPG.rf.c15e3cc7a8b996a93208194a301fc7e2.jpg,kaggle,tiny_far,train,6,0,kaggle_345
kaggle_G0030295_JPG.rf.ca3d1b4c8dc7e278987b918c5390f653.jpg,kaggle,tiny_far,train,1,0,kaggle_346
kaggle_G0030296_JPG.rf.b6cdc10dcf56ad5a6da8bd1e544ff813.jpg,kaggle,tiny_far,val,1,0,kaggle_347
kaggle_G0030346_JPG.rf.8898e72c8fdf8edc2e8523ab2d830a24.jpg,kaggle,tiny_far,test,10,0,kaggle_348
kaggle_G0030528_JPG.rf.355c3748686cdb2ed5468426618e8d7b.jpg,kaggle,tiny_far,train,1,0,kaggle_349
kaggle_G0030660_JPG.rf.5a0517f2ee2d95303f83c0bbb41f417f.jpg,kaggle,tiny_far,test,6,0,kaggle_350
kaggle_G0030661_JPG.rf.1f5aaa0b4edae973eb21a2462d13b5fc.jpg,kaggle,tiny_far,train,2,0,kaggle_351
kaggle_G0030674_JPG.rf.70ead3b1fef29d43f1ae03b047127167.jpg,kaggle,tiny_far,val,8,0,kaggle_352
kaggle_G0030676_JPG.rf.199892ce772aeebc0f3ee08e5751b6f8.jpg,kaggle,tiny_far,test,8,0,kaggle_353
kaggle_G0030970_JPG.rf.aca720eb5d4c6da76f7e2a1f53f09d98.jpg,kaggle,tiny_far,test,12,0,kaggle_354
kaggle_G0031017_JPG.rf.a38d883b7e20a59accdcafd38fb0552d.jpg,kaggle,tiny_far,train,12,0,kaggle_355
kaggle_G0031018_JPG.rf.52639ec6d55692e9a9143829b16ab2ef.jpg,kaggle,tiny_far,train,14,0,kaggle_356
kaggle_G0031130_JPG.rf.acb4848670d54fa55f8c8cf63c443879.jpg,kaggle,tiny_far,train,2,0,kaggle_357
kaggle_G0031131_JPG.rf.a8b98d908c9fc3425f7e1e1c8eb27cbc.jpg,kaggle,tiny_far,train,2,0,kaggle_358
kaggle_G0031361_JPG.rf.bda182be50f35e119faa4b22c7395084.jpg,kaggle,tiny_far,test,6,0,kaggle_359
kaggle_G0031367_JPG.rf.6a9e1e2751b1374148d6cd0b92d2104b.jpg,kaggle,tiny_far,train,18,0,kaggle_360
kaggle_G0031368_JPG.rf.ef882c5da4e91e5da5c0811e56d7bcce.jpg,kaggle,tiny_far,val,16,0,kaggle_361
kaggle_G0031369_JPG.rf.3c81bfce1ef0f2b0ba11211294b4ae14.jpg,kaggle,tiny_far,test,20,0,kaggle_362
kaggle_G0031370_JPG.rf.adb4af36021c5cc08c9595192dda163f.jpg,kaggle,tiny_far,val,20,0,kaggle_363
kaggle_G0031371_JPG.rf.962d377b90a19e746698492c5b94e806.jpg,kaggle,tiny_far,test,12,0,kaggle_364
kaggle_G0031372_JPG.rf.cd796e3deccc2cf1e225dbcb36383c66.jpg,kaggle,tiny_far,test,10,0,kaggle_365
kaggle_G0031373_JPG.rf.041dc4625298a1ba024899e7b70fca8c.jpg,kaggle,tiny_far,train,8,0,kaggle_366
kaggle_G0031374_JPG.rf.f78e7868ceb6dada951e03b667bce31d.jpg,kaggle,tiny_far,train,6,0,kaggle_367
kaggle_G0031375_JPG.rf.37493b0f45072f542f611e5b6b9b137d.jpg,kaggle,tiny_far,train,8,0,kaggle_368
kaggle_G0031376_JPG.rf.116c16aeef6b8576ad2d356c0aa7cf62.jpg,kaggle,tiny_far,test,8,0,kaggle_369
kaggle_G0031377_JPG.rf.17842e485426283c3055c0c96c98ddf7.jpg,kaggle,tiny_far,train,6,0,kaggle_370
kaggle_G0031378_JPG.rf.52df6080212cb6b0c0248c8ddd0301d4.jpg,kaggle,tiny_far,test,4,0,kaggle_371
kaggle_G0031379_JPG.rf.a322d16b4072df83abdab6ab5618b1ab.jpg,kaggle,tiny_far,train,6,0,kaggle_372
kaggle_G0031498_JPG.rf.ef8acedb74c748cd9e1fc18e26bbdc09.jpg,kaggle,tiny_far,test,6,0,kaggle_373
kaggle_G0031530_JPG.rf.9579ddcd29bb2de780d59e5c95f80840.jpg,kaggle,tiny_far,val,2,0,kaggle_374
kaggle_G0031590_JPG.rf.140ee8eae5718a08aaf6b58f40047e89.jpg,kaggle,tiny_far,train,4,0,kaggle_375
kaggle_G0031591_JPG.rf.ac3c222a3a5d3bca11cc93109df2d229.jpg,kaggle,tiny_far,val,2,0,kaggle_376
kaggle_G0031592_JPG.rf.02dada93d601438b6d0fe15154462329.jpg,kaggle,tiny_far,train,2,0,kaggle_377
kaggle_G0031608_JPG.rf.414eb7a9d1d5ee48624a1990f3ddd3fa.jpg,kaggle,tiny_far,train,2,0,kaggle_378
kaggle_G0031609_JPG.rf.8a454e9787e61ebf504a16e0ceb71e3c.jpg,kaggle,tiny_far,train,4,0,kaggle_379
kaggle_G0031610_JPG.rf.c8eec25b3b6fe92c7094d8e8e83afcee.jpg,kaggle,tiny_far,val,4,0,kaggle_380
kaggle_G0031611_JPG.rf.b7eb9957e1f9500f38d036d187d217e8.jpg,kaggle,tiny_far,train,4,0,kaggle_381
kaggle_G0031612_JPG.rf.c9528e49b997835a31f474240e45843c.jpg,kaggle,tiny_far,train,2,0,kaggle_382
kaggle_G0031652_JPG.rf.6a7a35e0f5b8cb508dfb5a3e17bc824a.jpg,kaggle,tiny_far,train,6,0,kaggle_383
kaggle_G0031658_JPG.rf.61d47addb8b029ea018a2d044eed3c27.jpg,kaggle,tiny_far,test,2,0,kaggle_384
kaggle_G0031659_JPG.rf.f3f11d338109173edb5ff3ee7074e280.jpg,kaggle,tiny_far,train,2,0,kaggle_385
kaggle_G0031660_JPG.rf.85b42e30cafecba5510959d691820ea2.jpg,kaggle,tiny_far,test,2,0,kaggle_386
kaggle_G0031697_JPG.rf.6a57a6b9378197429082221b9cd8ed40.jpg,kaggle,tiny_far,train,8,0,kaggle_387
kaggle_G0031698_JPG.rf.729facd605f4ff65cfd51401e8f15680.jpg,kaggle,tiny_far,test,10,0,kaggle_388
kaggle_G0031736_JPG.rf.0dd7098a998da4ffaa245584eda7b9d7.jpg,kaggle,tiny_far,test,8,0,kaggle_389
kaggle_G0031911_JPG.rf.15d08b0809324e1b063bcc37f83273b1.jpg,kaggle,tiny_far,train,2,0,kaggle_390
kaggle_G0032033_JPG.rf.07e0d8d1bac350914efee0091d7561e8.jpg,kaggle,tiny_far,test,8,0,kaggle_391
kaggle_G0032034_JPG.rf.13348bebaf62cd76edf1ce9a0f90f125.jpg,kaggle,tiny_far,train,8,0,kaggle_392
kaggle_G0032036_JPG.rf.61c6bbc6bf62093de04b9bc2740efa1d.jpg,kaggle,tiny_far,train,2,0,kaggle_393
kaggle_G0032202_JPG.rf.36884618a8ca08fe8b16e558fa4b5fbb.jpg,kaggle,tiny_far,train,4,0,kaggle_394
kaggle_G0032207_JPG.rf.a5d3bf3539384ab8db830255d16b50a1.jpg,kaggle,tiny_far,train,8,0,kaggle_395
kaggle_G0032213_JPG.rf.9ec54ddc63bc88285a31abbbcc85cbf8.jpg,kaggle,tiny_far,train,4,0,kaggle_396
kaggle_G0032214_JPG.rf.0b3b351ebb29325fb0e82109ac51ac51.jpg,kaggle,tiny_far,train,4,0,kaggle_397
kaggle_G0032217_JPG.rf.077fd1c724096ad16890367ba04c53c4.jpg,kaggle,tiny_far,val,8,0,kaggle_398
kaggle_G0032228_JPG.rf.1815ca7710d75be07ce6fde34acf33ea.jpg,kaggle,tiny_far,val,4,0,kaggle_399
kaggle_G0032229_JPG.rf.6333db091f4aa22bb4d20be638079384.jpg,kaggle,tiny_far,train,2,0,kaggle_400
kaggle_G0032230_JPG.rf.d7091952334f51ff212340d2233b4e85.jpg,kaggle,tiny_far,test,4,0,kaggle_401
kaggle_G0032231_JPG.rf.60c1e27b316e3778589ad45356c66f6b.jpg,kaggle,tiny_far,train,2,0,kaggle_402
kaggle_G0032232_JPG.rf.33e3a77c57b7aa01330f1717f6068e9c.jpg,kaggle,tiny_far,train,4,0,kaggle_403
kaggle_G0032301_JPG.rf.f18940404515e7d4d544972a28559fed.jpg,kaggle,tiny_far,train,16,0,kaggle_404
kaggle_G0032424_JPG.rf.cd8fe86b7513d497b856439b93921705.jpg,kaggle,tiny_far,train,6,0,kaggle_405
kaggle_G0032425_JPG.rf.61d80e002c7c43977c0baa1e301c330a.jpg,kaggle,tiny_far,test,6,0,kaggle_406
kaggle_G0032432_JPG.rf.5660d2b17e8f0e21e1852fdef0032c90.jpg,kaggle,tiny_far,test,4,0,kaggle_407
kaggle_G0032513_JPG.rf.4f40181f61f28045646e63300a50861e.jpg,kaggle,tiny_far,val,5,0,kaggle_408
kaggle_G0032515_JPG.rf.4e28bbdb74bdcfed7450b5a61a2df3ed.jpg,kaggle,tiny_far,train,5,0,kaggle_409
kaggle_G0032516_JPG.rf.f4fb0926345e7d1b1d9118cf3833628e.jpg,kaggle,tiny_far,train,4,0,kaggle_410
kaggle_G0032518_JPG.rf.c09653016f5175f845a42f2041ab193b.jpg,kaggle,tiny_far,train,1,0,kaggle_411
kaggle_G0032519_JPG.rf.9763e4ec5fe0cd864234e88640ad81e2.jpg,kaggle,tiny_far,train,2,0,kaggle_412
kaggle_G0032754_JPG.rf.c84dc619ea195f97273a8b973b376d4c.jpg,kaggle,tiny_far,train,1,0,kaggle_413
kaggle_G0032755_JPG.rf.3ed30b826168bf3144a58ed0e378ab85.jpg,kaggle,tiny_far,train,1,0,kaggle_414
kaggle_G0040662_JPG.rf.fcc73f62c6501ec493265bd6d853bd2e.jpg,kaggle,tiny_far,train,6,0,kaggle_415
kaggle_G0040663_JPG.rf.454770a5f6b74ee268a24486bb6a5760.jpg,kaggle,tiny_far,train,5,0,kaggle_416
kaggle_G0040807_JPG.rf.6eaf54d302e45dc3100993eb7238b1e7.jpg,kaggle,tiny_far,train,1,0,kaggle_417
kaggle_G0040944_JPG.rf.7396dfee18382c5e5ad370dda574fa8f.jpg,kaggle,tiny_far,train,6,0,kaggle_418
kaggle_G0040950_JPG.rf.c1192480891abfa19a5cc30786544eee.jpg,kaggle,tiny_far,train,6,0,kaggle_419
kaggle_G0040970_JPG.rf.c5f735b9ba3cc825b086ef88fbb0654f.jpg,kaggle,tiny_far,train,2,0,kaggle_420
kaggle_G0040971_JPG.rf.1cbf2c7d3784adfbf5bde1a78f550e90.jpg,kaggle,tiny_far,val,2,0,kaggle_421
kaggle_G0040973_JPG.rf.3c6f352843fe611fa834c1df65332211.jpg,kaggle,tiny_far,train,2,0,kaggle_422
kaggle_G0040977_JPG.rf.790d894ae6d746f75529c7792b426fa6.jpg,kaggle,tiny_far,val,2,0,kaggle_423
kaggle_G0040980_JPG.rf.12500737c882eb522621b74d067e8bd9.jpg,kaggle,tiny_far,train,3,0,kaggle_424
kaggle_G0041017_JPG.rf.32911575a39e8151a19ded91d3aadda1.jpg,kaggle,tiny_far,train,2,0,kaggle_425
kaggle_G0041018_JPG.rf.9686c20d73b6671e3fb5a2064c2514d4.jpg,kaggle,tiny_far,train,8,0,kaggle_426
kaggle_G0041118_JPG.rf.c63003b38bb124576ecc9fa634fa81e8.jpg,kaggle,tiny_far,train,6,0,kaggle_427
kaggle_G0041119_JPG.rf.809e88277fe4de24e6ae3d62facdffb6.jpg,kaggle,tiny_far,train,6,0,kaggle_428
kaggle_G0041120_JPG.rf.82aeeb83529c8200805a68287a02a70c.jpg,kaggle,tiny_far,test,4,0,kaggle_429
kaggle_G0041413_JPG.rf.370b6ea65f20c9bf5208de4b90e40fc7.jpg,kaggle,tiny_far,train,1,0,kaggle_430
kaggle_G0041414_JPG.rf.994d74b9349e49b646155580d85cb608.jpg,kaggle,tiny_far,train,1,0,kaggle_431
kaggle_G0041415_JPG.rf.1e33ad9441acb5ba77ca10ebf7d8c645.jpg,kaggle,tiny_far,train,1,0,kaggle_432
kaggle_G0041416_JPG.rf.d9082e43f0b412a496e7fa2e0e31b8be.jpg,kaggle,tiny_far,train,1,0,kaggle_433
kaggle_G0041417_JPG.rf.1618e9dc5a34884704d5367920642d5c.jpg,kaggle,tiny_far,val,1,0,kaggle_434
kaggle_G0041793_JPG.rf.a60e4da2357c84441af12b9db75055e3.jpg,kaggle,tiny_far,train,1,0,kaggle_435
kaggle_G0041794_JPG.rf.0067a76fe51cf3d7ae1c562d876f4844.jpg,kaggle,tiny_far,test,1,0,kaggle_436
kaggle_G0041795_JPG.rf.afc24f1bc787e113e2d8507faceebde3.jpg,kaggle,tiny_far,train,1,0,kaggle_437
kaggle_G0041854_JPG.rf.34236b62247bc6cceb82b954483d80e4.jpg,kaggle,tiny_far,train,4,0,kaggle_438
kaggle_G0043230_JPG.rf.5c602fdda44b5ee3134b56f0391e919d.jpg,kaggle,tiny_far,val,1,0,kaggle_439
kaggle_G0043273_JPG.rf.f7315def78c7d591d47e031fbbb1b2cb.jpg,kaggle,tiny_far,train,1,0,kaggle_440
kaggle_G0043311_JPG.rf.7ff2a3b29e48953ebb868b76f2c8f7b2.jpg,kaggle,tiny_far,val,2,0,kaggle_441
kaggle_G0043312_JPG.rf.33a8dba9cb0e9f0463b69a26f58e1bbf.jpg,kaggle,tiny_far,train,3,0,kaggle_442
kaggle_G0043313_JPG.rf.f0640c4839f53238a541af8460f517c3.jpg,kaggle,tiny_far,val,4,0,kaggle_443
kaggle_G0043314_JPG.rf.122f99c2378fe58782e570dc5c5bde43.jpg,kaggle,tiny_far,train,5,0,kaggle_444
kaggle_G0043315_JPG.rf.282172d465d4a80d6a1f74886841fc59.jpg,kaggle,tiny_far,train,5,0,kaggle_445
kaggle_G0043316_JPG.rf.0224356e0079617046ae8d97656bc495.jpg,kaggle,tiny_far,train,8,0,kaggle_446
kaggle_G0043317_JPG.rf.e2be1e46797452051b009cd7c5ced419.jpg,kaggle,tiny_far,train,7,0,kaggle_447
kaggle_G0043318_JPG.rf.04be0b99317150b247ba27c51e1bae71.jpg,kaggle,tiny_far,test,6,0,kaggle_448
kaggle_G0043319_JPG.rf.4b1510c739c005216becceb719dde860.jpg,kaggle,tiny_far,train,5,0,kaggle_449
kaggle_G0043320_JPG.rf.47a390e4ec5bcb7ba586532f5275bea2.jpg,kaggle,tiny_far,train,5,0,kaggle_450
kaggle_G0043321_JPG.rf.476dc1a42aa230ac4166cfbae1d07011.jpg,kaggle,tiny_far,train,3,0,kaggle_451
kaggle_G0043322_JPG.rf.b4a093100ddc6750dd09726a08bb9cb1.jpg,kaggle,tiny_far,train,2,0,kaggle_452
kaggle_G0051938_JPG.rf.5fb6c38a186a441045cf7442ce72d32a.jpg,kaggle,tiny_far,train,2,0,kaggle_453
kaggle_G0051940_JPG.rf.b9232431b1349c611b1e653fd51fac4e.jpg,kaggle,tiny_far,train,2,0,kaggle_454
kaggle_G0051944_JPG.rf.e4f909bd18ffe6ca470384055372e2db.jpg,kaggle,tiny_far,train,2,0,kaggle_455
kaggle_G0052004_JPG.rf.276bd06bbd73044181256643f3d5a52b.jpg,kaggle,tiny_far,val,5,0,kaggle_456
kaggle_G0052007_JPG.rf.fa04ff6beac03ec40414400087681854.jpg,kaggle,tiny_far,train,4,0,kaggle_457
kaggle_G0052010_JPG.rf.803c340a2b796744b96e2e8908a56f53.jpg,kaggle,tiny_far,train,4,0,kaggle_458
kaggle_G0052118_JPG.rf.94b3d81a6b7fe6fcbc9f51f9e0b31da7.jpg,kaggle,tiny_far,train,1,0,kaggle_459
kaggle_G0052119_JPG.rf.58ef6e1eed68e070393a71d9fe1b0fa2.jpg,kaggle,tiny_far,test,1,0,kaggle_460
kaggle_G0052120_JPG.rf.1bd6d1845a6a52e1ed3997392d47dc39.jpg,kaggle,tiny_far,test,2,0,kaggle_461
kaggle_G0052145_JPG.rf.b2aa14d9832ce06fd8e6906335726109.jpg,kaggle,tiny_far,val,1,0,kaggle_462
kaggle_G0052146_JPG.rf.e607c46eead77994ad88fedad49e90a7.jpg,kaggle,tiny_far,train,1,0,kaggle_463
kaggle_G0052147_JPG.rf.4faf4ec1a8d496bfab98476bd8e7db01.jpg,kaggle,tiny_far,train,1,0,kaggle_464
kaggle_G0052190_JPG.rf.26900c63418fdb83a29d8a8ce0783116.jpg,kaggle,tiny_far,train,1,0,kaggle_465
kaggle_G0052191_JPG.rf.67e9f40767e057b1f02719760a0381ca.jpg,kaggle,tiny_far,train,1,0,kaggle_466
kaggle_G0052192_JPG.rf.84a4d4a0f6d2bd6a42a638a898352b81.jpg,kaggle,tiny_far,val,1,0,kaggle_467
kaggle_G0052199_JPG.rf.7a6b97019596eef7fe5e2ef982f125f6.jpg,kaggle,tiny_far,val,1,0,kaggle_468
kaggle_G0052200_JPG.rf.9cca4449f8ea7f0d199c48b02b62d63e.jpg,kaggle,tiny_far,val,1,0,kaggle_469
kaggle_G0052398_JPG.rf.3728e3b3780bf17bed61987483c29ae2.jpg,kaggle,tiny_far,val,2,0,kaggle_470
kaggle_G0052399_JPG.rf.f9c4f05a3becdae7f930daa86509dcb5.jpg,kaggle,tiny_far,val,2,0,kaggle_471
kaggle_G0052401_JPG.rf.62a200494a742711de7c0146ade778b4.jpg,kaggle,tiny_far,train,1,0,kaggle_472
kaggle_G0052405_JPG.rf.1b564998647c09c643b168b275282f29.jpg,kaggle,tiny_far,test,4,0,kaggle_473
kaggle_G0052406_JPG.rf.45cee10254b94de8ca037615a19ac26d.jpg,kaggle,tiny_far,test,4,0,kaggle_474
kaggle_G0052407_JPG.rf.ca385d7d61b1d141213b9db407e1b26e.jpg,kaggle,tiny_far,train,3,0,kaggle_475
kaggle_G0052416_JPG.rf.7e76665cc3c3e3aacb8a9d2b6c749c66.jpg,kaggle,tiny_far,train,1,0,kaggle_476
kaggle_G0052417_JPG.rf.32051c31dd14233877d56eb4028178cc.jpg,kaggle,tiny_far,test,1,0,kaggle_477
kaggle_G0052424_JPG.rf.088c413c61b99b6ca2fb62c26a1f0528.jpg,kaggle,tiny_far,train,1,0,kaggle_478
kaggle_G0052450_JPG.rf.63267beaf37ab0cbd6bc3acf9a218df3.jpg,kaggle,tiny_far,train,3,0,kaggle_479
kaggle_G0052464_JPG.rf.d480c7fd813e1b3b2265d3098cdc5b29.jpg,kaggle,tiny_far,train,2,0,kaggle_480
kaggle_G0052471_JPG.rf.7d2fa53f8ee11576b31a3402961a168c.jpg,kaggle,tiny_far,train,1,0,kaggle_481
kaggle_G0052584_JPG.rf.2932ef9fa4f6aba4da65cdfd945a6987.jpg,kaggle,tiny_far,train,1,0,kaggle_482
kaggle_G0052685_JPG.rf.d1f08e51ccec6efe8b7dccfa92a207dd.jpg,kaggle,tiny_far,test,1,0,kaggle_483
kaggle_G0052690_JPG.rf.9337ec3426441b07c25c7505cd92fc0f.jpg,kaggle,tiny_far,train,2,0,kaggle_484
kaggle_G0052691_JPG.rf.91be26b48ea58ccf3a848ca31d680d49.jpg,kaggle,tiny_far,train,1,0,kaggle_485
kaggle_G0052692_JPG.rf.f3cbbfa332fe35b14958eedef7319661.jpg,kaggle,tiny_far,train,1,0,kaggle_486
kaggle_G0052780_JPG.rf.c2964a83bc5d585614e3510e9cadc374.jpg,kaggle,tiny_far,train,2,0,kaggle_487
kaggle_G0052781_JPG.rf.0a42a542f53bc85a00a52ab365ed8d6f.jpg,kaggle,tiny_far,val,3,0,kaggle_488
kaggle_G0052782_JPG.rf.9bc3fc1c881453ee5b46a043be98e6c7.jpg,kaggle,tiny_far,train,5,0,kaggle_489
kaggle_G0052784_JPG.rf.b5524be006cfc32452acced8eb97e260.jpg,kaggle,tiny_far,test,5,0,kaggle_490
kaggle_G0052785_JPG.rf.85e4f80fe1ac33adfd37b5da352c84f3.jpg,kaggle,tiny_far,train,3,0,kaggle_491
kaggle_G0052788_JPG.rf.16a3ac102c9fa0719850eb2808d9c080.jpg,kaggle,tiny_far,train,1,0,kaggle_492
kaggle_G0052789_JPG.rf.f51849c55b5a7e677ab0cb551ae0b023.jpg,kaggle,tiny_far,train,1,0,kaggle_493
kaggle_G0052790_JPG.rf.6c0f637f1bc2a1c1155a1895215c2457.jpg,kaggle,tiny_far,test,1,0,kaggle_494
kaggle_G0052791_JPG.rf.4829a7ddf225f6ce553fb596b736b2ad.jpg,kaggle,tiny_far,train,1,0,kaggle_495
kaggle_G0052911_JPG.rf.67970e659287169a2f9f1557e466842f.jpg,kaggle,tiny_far,train,5,0,kaggle_496
kaggle_G0052993_JPG.rf.e76dd832d7fe74d85e70d8c56eab487c.jpg,kaggle,tiny_far,train,1,0,kaggle_497
kaggle_G0052998_JPG.rf.fd17d3d17ebd51e3b1c5df73f6a0c51c.jpg,kaggle,tiny_far,train,2,0,kaggle_498
kaggle_G0054292_JPG.rf.cadc3acea21905b75d8e1d88c536ee95.jpg,kaggle,tiny_far,test,2,0,kaggle_499
kaggle_G0054293_JPG.rf.55940e38812ecf222cdcb5f8c03e98ed.jpg,kaggle,tiny_far,train,2,0,kaggle_500
kaggle_G0063376_JPG.rf.80dd2af5b36b5f546943f61c7555d7f5.jpg,kaggle,tiny_far,train,4,0,kaggle_501
kaggle_G0063500_JPG.rf.72439688b752c25341f8bc434ffc69d0.jpg,kaggle,tiny_far,val,1,0,kaggle_502
kaggle_G0063628_JPG.rf.22e6943d1f5e8fe4514c566e64fd2aa6.jpg,kaggle,tiny_far,train,1,0,kaggle_503
kaggle_G0063629_JPG.rf.e476b00edc5c8b9bc2f26d66889f301b.jpg,kaggle,tiny_far,train,1,0,kaggle_504
kaggle_G0063916_JPG.rf.87b978bcd85e7108f8bf48db5b8de151.jpg,kaggle,tiny_far,val,1,0,kaggle_505
kaggle_G0063917_JPG.rf.933b8bf54f48f148becb86586f86b115.jpg,kaggle,tiny_far,test,1,0,kaggle_506
kaggle_G0063918_JPG.rf.4af9cc49a092eae43e1639f48382406e.jpg,kaggle,tiny_far,train,1,0,kaggle_507
kaggle_G0063920_JPG.rf.2638dde31d0b27e1a1a2cda1443a95fa.jpg,kaggle,tiny_far,val,1,0,kaggle_508
kaggle_G0063922_JPG.rf.b1f80eb046ada3854bd11bf33a52bf7a.jpg,kaggle,tiny_far,val,1,0,kaggle_509
kaggle_G0063924_JPG.rf.3fd1e89391fb0b81c7b03c96fd167101.jpg,kaggle,tiny_far,train,1,0,kaggle_510
kaggle_G0064102_JPG.rf.ed83c7dcf3de2f3866ac4c78cdbece93.jpg,kaggle,tiny_far,train,1,0,kaggle_511
kaggle_G0064140_JPG.rf.ef6b37e36e0caae33e8a4045cc16355c.jpg,kaggle,tiny_far,val,2,0,kaggle_512
kaggle_G0064141_JPG.rf.1a037defc028087bffa6879a3ec661d8.jpg,kaggle,tiny_far,train,2,0,kaggle_513
kaggle_G0064147_JPG.rf.324d7068c1d9cb4e5e8b235dfdd67c0f.jpg,kaggle,tiny_far,test,1,0,kaggle_514
kaggle_G0064148_JPG.rf.671ceba607f64f32cb78aa633487d119.jpg,kaggle,tiny_far,train,1,0,kaggle_515
kaggle_G0064182_JPG.rf.32e84173770db80a517bc3d9ce651ec9.jpg,kaggle,tiny_far,train,1,0,kaggle_516
kaggle_G0064183_JPG.rf.cb3d0905ef62388bafca00a69195b01b.jpg,kaggle,tiny_far,test,1,0,kaggle_517
kaggle_G0064184_JPG.rf.91fc53c9810c3436967728c21ad41cf0.jpg,kaggle,tiny_far,val,1,0,kaggle_518
kaggle_G0064185_JPG.rf.01ea8c75fa0b3d903886f71eebe2a410.jpg,kaggle,tiny_far,train,1,0,kaggle_519
kaggle_G0064196_JPG.rf.0adbe43d2e0acbd528c2f961e82da57c.jpg,kaggle,tiny_far,test,3,0,kaggle_520
kaggle_G0064306_JPG.rf.021e624b6d7c3aa92606e2a47c18e6a7.jpg,kaggle,tiny_far,val,1,0,kaggle_521
kaggle_G0064344_JPG.rf.97710ce03a6ae6986bf7621fc04f75ab.jpg,kaggle,tiny_far,train,2,0,kaggle_522
kaggle_G0064345_JPG.rf.931826e12dd32b0276a9d629bd816a2f.jpg,kaggle,tiny_far,val,1,0,kaggle_523
kaggle_G0064346_JPG.rf.642853ab4832a247eae49e8733f9e3ec.jpg,kaggle,tiny_far,train,1,0,kaggle_524
kaggle_G0064406_JPG.rf.cedfbafcb29239c596cdaea2aa564569.jpg,kaggle,tiny_far,train,1,0,kaggle_525
kaggle_G0064407_JPG.rf.90b9ac1f7a28cd0e04bcd3381500f822.jpg,kaggle,tiny_far,train,3,0,kaggle_526
kaggle_G0064408_JPG.rf.281c7582491f83da744cef95403002ce.jpg,kaggle,tiny_far,train,3,0,kaggle_527
kaggle_G0064436_JPG.rf.7b9a2bd8c78b2ea5bca33016b5592a41.jpg,kaggle,tiny_far,train,1,0,kaggle_528
kaggle_G0064437_JPG.rf.4fa7e05a0ed1445c1b9bd2160eb23af9.jpg,kaggle,tiny_far,val,1,0,kaggle_529
kaggle_G0064470_JPG.rf.f3b1566368445b8844b6e578b190fe28.jpg,kaggle,tiny_far,train,1,0,kaggle_530
kaggle_G0064474_JPG.rf.29bbf4b29285e5823dfb786af6c68bd5.jpg,kaggle,tiny_far,test,2,0,kaggle_531
kaggle_G0064480_JPG.rf.15b3f55c63760f949d236469099e77f8.jpg,kaggle,tiny_far,val,2,0,kaggle_532
kaggle_G0064481_JPG.rf.42b73917f38928166191cce50363588b.jpg,kaggle,tiny_far,train,2,0,kaggle_533
kaggle_G0064482_JPG.rf.2b058e5313a636d505c85cb4d40cc5ed.jpg,kaggle,tiny_far,train,1,0,kaggle_534
kaggle_G0064484_JPG.rf.00d1685188b3661fabaa68291b18516e.jpg,kaggle,tiny_far,train,2,0,kaggle_535
kaggle_G0064486_JPG.rf.885185f903fda2d139236c505eedb4ae.jpg,kaggle,tiny_far,train,3,0,kaggle_536
kaggle_G0064487_JPG.rf.3fddbc26a1a702b166fa89fc15734f84.jpg,kaggle,tiny_far,test,3,0,kaggle_537
kaggle_G0064488_JPG.rf.2c217c047731226ade8a32f41c39b0ce.jpg,kaggle,tiny_far,train,3,0,kaggle_538
kaggle_G0064498_JPG.rf.8fa87c98f8c7985479e0d3ad0cf80c3c.jpg,kaggle,tiny_far,train,1,0,kaggle_539
kaggle_G0064499_JPG.rf.6ca348ac8e75a0bcb7ae0d532ac0568b.jpg,kaggle,tiny_far,val,1,0,kaggle_540
kaggle_G0064505_JPG.rf.649a07ea6c95beb47de0f59c9508c41b.jpg,kaggle,tiny_far,train,1,0,kaggle_541
kaggle_G0064508_JPG.rf.9e6842806f494976cacbc59baf2de0a0.jpg,kaggle,tiny_far,train,1,0,kaggle_542
kaggle_G0064509_JPG.rf.09869e3734301ec10021d19bf777d7d4.jpg,kaggle,tiny_far,train,1,0,kaggle_543
kaggle_G0064510_JPG.rf.8c2069d12b486e3f8915657cdc421ee6.jpg,kaggle,tiny_far,train,2,0,kaggle_544
kaggle_G0064512_JPG.rf.98160f8cdbc3421973489c7328fba130.jpg,kaggle,tiny_far,train,1,0,kaggle_545
kaggle_G0064513_JPG.rf.3447663dd35394658067e39bc26656af.jpg,kaggle,tiny_far,train,1,0,kaggle_546
kaggle_G0064514_JPG.rf.a600c217d31213e3a3d491a94ece3e7d.jpg,kaggle,tiny_far,train,1,0,kaggle_547
kaggle_G0064515_JPG.rf.406063572118c4eb5b16f9bad4b3dd91.jpg,kaggle,tiny_far,train,1,0,kaggle_548
kaggle_G0064516_JPG.rf.22601d523c7615d823ea1a5cb1ce09b0.jpg,kaggle,tiny_far,train,3,0,kaggle_549
kaggle_G0064531_JPG.rf.5ba96d05a377eab568540d4d05593a4b.jpg,kaggle,tiny_far,train,3,0,kaggle_550
kaggle_G0064539_JPG.rf.e7eb8f29a7fededca477ffd0f7aefb79.jpg,kaggle,tiny_far,train,1,0,kaggle_551
kaggle_G0064540_JPG.rf.264976c9c309388cee7cb48d5a94f095.jpg,kaggle,tiny_far,train,2,0,kaggle_552
kaggle_G0064541_JPG.rf.f59a287617bed12b8aad07060cf7df88.jpg,kaggle,tiny_far,train,2,0,kaggle_553
kaggle_G0064542_JPG.rf.e3c2b9e886b92b5ccf81f4e28c9222e6.jpg,kaggle,tiny_far,val,2,0,kaggle_554
kaggle_G0064563_JPG.rf.0525808b9a33da40156526faeedea1e1.jpg,kaggle,tiny_far,test,5,0,kaggle_555
kaggle_G0064565_JPG.rf.66a1152929afb134e34edff277c54ec2.jpg,kaggle,tiny_far,train,3,0,kaggle_556
kaggle_G0064566_JPG.rf.57f7107c860ca7de9a7afaf384c31e96.jpg,kaggle,tiny_far,val,3,0,kaggle_557
kaggle_G0064567_JPG.rf.c865a5b81294fe2de8604899087342d8.jpg,kaggle,tiny_far,train,1,0,kaggle_558
kaggle_G0064568_JPG.rf.3807bd60f52f923d7e221fa3a8aa617b.jpg,kaggle,tiny_far,train,3,0,kaggle_559
kaggle_G0064569_JPG.rf.ff3ae132361f52bc30577bcd3d6a87ce.jpg,kaggle,tiny_far,test,5,0,kaggle_560
kaggle_G0064570_JPG.rf.2b3fd5bb75fd5fb9890101de8c39005d.jpg,kaggle,tiny_far,train,4,0,kaggle_561
kaggle_G0064572_JPG.rf.43d20047ab9e329cf3d763c96d4f6827.jpg,kaggle,tiny_far,train,4,0,kaggle_562
kaggle_G0064573_JPG.rf.5704c9a4907b3fbb6d856b3b1827ea7e.jpg,kaggle,tiny_far,val,3,0,kaggle_563
kaggle_G0064578_JPG.rf.964ec9ce64bd4d545e42c49e78ba7435.jpg,kaggle,tiny_far,val,1,0,kaggle_564
kaggle_G0064579_JPG.rf.81d146a64f22d4c922b848248808934f.jpg,kaggle,tiny_far,train,1,0,kaggle_565
kaggle_G0064580_JPG.rf.3d6746ea48d9362b8ba5962326db9872.jpg,kaggle,tiny_far,train,1,0,kaggle_566
kaggle_G0064595_JPG.rf.653aa523ae3ba0a84f76d3c561f95e33.jpg,kaggle,tiny_far,train,1,0,kaggle_567
kaggle_G0064605_JPG.rf.8963286264381f49cb514db1bfe8d36a.jpg,kaggle,tiny_far,train,1,0,kaggle_568
kaggle_G0064619_JPG.rf.d56e9c6eded69d2c701276ccb8958742.jpg,kaggle,tiny_far,train,1,0,kaggle_569
kaggle_G0064626_JPG.rf.56a3444b29ac3f10ef2c00022a6191c6.jpg,kaggle,tiny_far,train,3,0,kaggle_570
kaggle_G0064629_JPG.rf.121c881a9e5fddf8d82bf4f66d9ab2f7.jpg,kaggle,tiny_far,train,2,0,kaggle_571
kaggle_G0064638_JPG.rf.d3600e106c9eb10b9380953932c3cef7.jpg,kaggle,tiny_far,val,2,0,kaggle_572
kaggle_G0064641_JPG.rf.7bfef4e7c805facacc3af9b3a21beeec.jpg,kaggle,tiny_far,val,2,0,kaggle_573
kaggle_G0064642_JPG.rf.851ca96ac0f3a81e1c308bba7c3fb074.jpg,kaggle,tiny_far,val,1,0,kaggle_574
kaggle_G0064644_JPG.rf.1513233e8c4419edb089c5c89ea89c05.jpg,kaggle,tiny_far,train,1,0,kaggle_575
kaggle_G0064664_JPG.rf.f30e455b0a2d40f16d86c46e883ceb67.jpg,kaggle,tiny_far,train,1,0,kaggle_576
kaggle_G0064709_JPG.rf.b1814919a25945ffd4d1416ffa5238c0.jpg,kaggle,tiny_far,test,1,0,kaggle_577
kaggle_G0064711_JPG.rf.6131b8a08febd09f9b09d403820b574c.jpg,kaggle,tiny_far,train,1,0,kaggle_578
kaggle_G0064712_JPG.rf.112d64c57fb1e87eee4c55cd08b6a4d2.jpg,kaggle,tiny_far,train,1,0,kaggle_579
kaggle_G0064753_JPG.rf.068321619412b9147f3757cb3bb11ada.jpg,kaggle,tiny_far,train,2,0,kaggle_580
kaggle_G0064768_JPG.rf.1a0d140806eb05fe03a76f8a79f63e63.jpg,kaggle,tiny_far,train,1,0,kaggle_581
kaggle_G0064770_JPG.rf.30136bc5502d8cc4c08c1edc81708b8c.jpg,kaggle,tiny_far,train,1,0,kaggle_582
kaggle_G0064794_JPG.rf.cf0fbcccacc3eb0037cd8c3d24b701e9.jpg,kaggle,tiny_far,train,1,0,kaggle_583
kaggle_G0064803_JPG.rf.6cf11abfde00988435bdc479e239b8ef.jpg,kaggle,tiny_far,train,1,0,kaggle_584
kaggle_G0064820_JPG.rf.04f05f633c10295d157a365a7e0c0ca3.jpg,kaggle,tiny_far,test,1,0,kaggle_585
kaggle_G0064821_JPG.rf.867cf79413b2f741fd156f9db366161f.jpg,kaggle,tiny_far,test,1,0,kaggle_586
kaggle_G0064825_JPG.rf.0d11e369bdc4740d8e2bd6c2051860d5.jpg,kaggle,tiny_far,test,1,0,kaggle_587
kaggle_G0064826_JPG.rf.c6dacc158866b63dbfe79a5e367299f6.jpg,kaggle,tiny_far,train,1,0,kaggle_588
kaggle_G0064849_JPG.rf.b054bcb59368f3bf273423010a7aeff4.jpg,kaggle,tiny_far,test,2,0,kaggle_589
kaggle_G0064852_JPG.rf.697e6a73215cdb956326af2b2cd308d3.jpg,kaggle,tiny_far,train,1,0,kaggle_590
kaggle_G0064856_JPG.rf.b8a881720503a46e1e8d6726fde97a20.jpg,kaggle,tiny_far,train,1,0,kaggle_591
kaggle_G0064857_JPG.rf.99f0a76ec8ca3c67314d6d7d3a8d0baa.jpg,kaggle,tiny_far,train,1,0,kaggle_592
kaggle_G0064858_JPG.rf.e052323ed700e51aa7a3d020b6e14ab7.jpg,kaggle,tiny_far,train,1,0,kaggle_593
kaggle_G0064998_JPG.rf.076756d7ea16abbaf93db8dd0800e4eb.jpg,kaggle,tiny_far,test,1,0,kaggle_594
kaggle_G0064999_JPG.rf.084bcfa2284dec7729c54fac53eeeea4.jpg,kaggle,tiny_far,test,1,0,kaggle_595
kaggle_G0065014_JPG.rf.5e5bc8692e51e7e72c2cc4171634b46b.jpg,kaggle,tiny_far,val,1,0,kaggle_596
kaggle_G0065039_JPG.rf.727dea3ba18a51e9d1c6c8dade210208.jpg,kaggle,tiny_far,train,1,0,kaggle_597
kaggle_G0065042_JPG.rf.d110f3fa3e343531dbdc807eb36a316b.jpg,kaggle,tiny_far,val,1,0,kaggle_598
kaggle_G0065043_JPG.rf.192622f09a4360a9fdc720529c2b3909.jpg,kaggle,tiny_far,train,1,0,kaggle_599
kaggle_G0065278_JPG.rf.881a8a2840768e2c92adde5a0445eb24.jpg,kaggle,tiny_far,train,1,0,kaggle_600
kaggle_G0065279_JPG.rf.6baabec4b0197beaa281c1c3e8eaa21f.jpg,kaggle,tiny_far,train,1,0,kaggle_601
kaggle_G0065280_JPG.rf.4a8abce2b7869392f6ba24603191ea1a.jpg,kaggle,tiny_far,train,1,0,kaggle_602
kaggle_G0065281_JPG.rf.3236789c0c5a520f6c1e15f6d57609b1.jpg,kaggle,tiny_far,test,2,0,kaggle_603
kaggle_G0065283_JPG.rf.147e2deed334bf24513e446374c99e01.jpg,kaggle,tiny_far,train,2,0,kaggle_604
kaggle_G0065284_JPG.rf.6c0f133ee3428774e47f6d4da4896818.jpg,kaggle,tiny_far,val,2,0,kaggle_605
kaggle_G0065300_JPG.rf.d888ca6bb9d3328fd24be329ed5c4fdb.jpg,kaggle,tiny_far,train,1,0,kaggle_606
kaggle_G0065301_JPG.rf.5de03e4f274091b8058fe0b2d3fc8bf5.jpg,kaggle,tiny_far,train,1,0,kaggle_607
kaggle_G0065613_JPG.rf.d5e6b1a6f22e427153ad91bba40b6ecf.jpg,kaggle,tiny_far,train,5,0,kaggle_608
kaggle_G0065614_JPG.rf.b033a641c4c5c20fd6e07f0070fa5755.jpg,kaggle,tiny_far,val,4,0,kaggle_609
kaggle_G0065669_JPG.rf.20750d2dc36a40878aad4c5e97831975.jpg,kaggle,tiny_far,train,6,0,kaggle_610
kaggle_G0065756_JPG.rf.2a0dcfdd9c9b6ed26740fb75838b51bf.jpg,kaggle,tiny_far,train,1,0,kaggle_611
kaggle_G0065758_JPG.rf.5e87bf126c17d6565a55574554d33803.jpg,kaggle,tiny_far,val,1,0,kaggle_612
kaggle_G0065767_JPG.rf.274b152cb7ac187f3e5227d2f0ac2b14.jpg,kaggle,tiny_far,train,2,0,kaggle_613
kaggle_G0065769_JPG.rf.fcfd7f1a74fb60317743d3b5bd06001d.jpg,kaggle,tiny_far,train,2,0,kaggle_614
kaggle_G0065770_JPG.rf.73893859e2b3c1ef2039f7d635665823.jpg,kaggle,tiny_far,train,1,0,kaggle_615
kaggle_G0065792_JPG.rf.bc5bc8c6b10c0a5245b136ca1c4c3b43.jpg,kaggle,tiny_far,train,5,0,kaggle_616
kaggle_G0065794_JPG.rf.41f75f0686dce67af5720a503c382cea.jpg,kaggle,tiny_far,train,5,0,kaggle_617
kaggle_G0066026_JPG.rf.aa17214b0b6295ae82fa30355eee1750.jpg,kaggle,tiny_far,train,1,0,kaggle_618
kaggle_G0066027_JPG.rf.99a1f49dca12f8c691f45d870c9b807a.jpg,kaggle,tiny_far,train,1,0,kaggle_619
kaggle_G0066028_JPG.rf.13cc298e9bd4aecebd581cccadbc80ae.jpg,kaggle,tiny_far,train,1,0,kaggle_620
kaggle_G0066084_JPG.rf.35cfa6b407bd48ad6b5cc0db98493a62.jpg,kaggle,tiny_far,test,2,0,kaggle_621
kaggle_G0066086_JPG.rf.007ef6716b0f90ae15d6096680fc9555.jpg,kaggle,tiny_far,test,2,0,kaggle_622
kaggle_G0066087_JPG.rf.12fe4a65a88e03dac1fa3592727b4a22.jpg,kaggle,tiny_far,train,2,0,kaggle_623
kaggle_G0066106_JPG.rf.54b2ec91089f8eff1c3faae78e37ceae.jpg,kaggle,tiny_far,val,4,0,kaggle_624
kaggle_G0066107_JPG.rf.5040942c272bd3be18e093fba5ed5f06.jpg,kaggle,tiny_far,train,4,0,kaggle_625
kaggle_G0066108_JPG.rf.8f29193296dfe617806821b188718428.jpg,kaggle,tiny_far,train,2,0,kaggle_626
kaggle_G0066109_JPG.rf.52e5ad8646d716f17cbb4a91e4c0ca45.jpg,kaggle,tiny_far,train,1,0,kaggle_627
kaggle_G0066117_JPG.rf.f8d062087d5c4ba27fc92f702ebfcf2d.jpg,kaggle,tiny_far,val,2,0,kaggle_628
kaggle_G0066118_JPG.rf.6529a41b3a1680433e0c62fec522d39e.jpg,kaggle,tiny_far,val,2,0,kaggle_629
kaggle_G0066126_JPG.rf.ea2f2b8cd0b26d23d6ff64f7823c830c.jpg,kaggle,tiny_far,train,5,0,kaggle_630
kaggle_G0066128_JPG.rf.c8e819d263214e7381f52c19cf8ec2e6.jpg,kaggle,tiny_far,test,3,0,kaggle_631
kaggle_G0066129_JPG.rf.8fdfd87cee94366b422f59e8b3401262.jpg,kaggle,tiny_far,train,2,0,kaggle_632
kaggle_G0066253_JPG.rf.d690b152eb6ed163c34d3451f17d8a4b.jpg,kaggle,tiny_far,test,1,0,kaggle_633
kaggle_G0066261_JPG.rf.87525a061ce13b3267f086f32c8fcb78.jpg,kaggle,tiny_far,train,2,0,kaggle_634
kaggle_G0066262_JPG.rf.436055de18f3c734cdd307fd5ec6460a.jpg,kaggle,tiny_far,train,3,0,kaggle_635
kaggle_G0066263_JPG.rf.d0713b12499e4c63042f4273bc9b0f16.jpg,kaggle,tiny_far,train,3,0,kaggle_636
kaggle_G0066342_JPG.rf.634e24aca02c3f3740224973e363cd2c.jpg,kaggle,tiny_far,train,1,0,kaggle_637
kaggle_G0066343_JPG.rf.f77827c9280165f518aa0853a1118bf2.jpg,kaggle,tiny_far,train,2,0,kaggle_638
kaggle_G0066360_JPG.rf.58f57bde13356080e7d5776397b9beea.jpg,kaggle,tiny_far,train,3,0,kaggle_639
kaggle_G0066361_JPG.rf.e3341c92c735aa7db74e8c44d96c6b23.jpg,kaggle,tiny_far,test,3,0,kaggle_640
kaggle_G0066363_JPG.rf.b0dd62e899862b4509ec8d8076feb315.jpg,kaggle,tiny_far,train,2,0,kaggle_641
kaggle_G0066365_JPG.rf.df9f4967e9d44f40e9015c6f9cdbf62a.jpg,kaggle,tiny_far,test,2,0,kaggle_642
kaggle_G0066367_JPG.rf.b4dd0b3083df53bd6f062093676ea9f5.jpg,kaggle,tiny_far,train,2,0,kaggle_643
kaggle_G0066396_JPG.rf.b24b27b5fe97f1b765709c42807992eb.jpg,kaggle,tiny_far,train,4,0,kaggle_644
kaggle_G0066397_JPG.rf.2ddfe5acc358e1441c24289b8a970ddf.jpg,kaggle,tiny_far,train,4,0,kaggle_645
kaggle_G0066398_JPG.rf.a5526c2beac9ab32afa852d41c708554.jpg,kaggle,tiny_far,test,3,0,kaggle_646
kaggle_G0066399_JPG.rf.874c3c961be0b4463a815dbac53ce176.jpg,kaggle,tiny_far,train,2,0,kaggle_647
kaggle_G0066416_JPG.rf.4a3b0d71da8c5c4097a89c5b80e5db6a.jpg,kaggle,tiny_far,val,1,0,kaggle_648
kaggle_G0066421_JPG.rf.7752dc6fd99e82479d9fec48b9e69a2f.jpg,kaggle,tiny_far,train,2,0,kaggle_649
kaggle_G0066491_JPG.rf.72e4ec95da90c0dd295b65405f56bc01.jpg,kaggle,tiny_far,train,2,0,kaggle_650
kaggle_G0066494_JPG.rf.1c54ff61788816c2630e308bf027f3a8.jpg,kaggle,tiny_far,train,2,0,kaggle_651
kaggle_G0066547_JPG.rf.12322935840197857eba20aefdc95d67.jpg,kaggle,tiny_far,val,2,0,kaggle_652
kaggle_G0066548_JPG.rf.1c7a49e08636f0cb07dfd5f279b80d3f.jpg,kaggle,tiny_far,train,2,0,kaggle_653
kaggle_G0066551_JPG.rf.5b79df7a872b6080ff278d8bdd141708.jpg,kaggle,tiny_far,train,5,0,kaggle_654
kaggle_G0066555_JPG.rf.1cb62ef240491be0abec9f7e8b9c7664.jpg,kaggle,tiny_far,train,6,0,kaggle_655
kaggle_G0066557_JPG.rf.8fd816814648a6ca05409af8f7bd816d.jpg,kaggle,tiny_far,train,8,0,kaggle_656
kaggle_G0066559_JPG.rf.f8b2545cfc268f3c45a4038246fb85f8.jpg,kaggle,tiny_far,train,8,0,kaggle_657
kaggle_G0066562_JPG.rf.665b4e6461746db947a0af7b40486629.jpg,kaggle,tiny_far,val,5,0,kaggle_658
kaggle_G0066564_JPG.rf.50cd99c2d7720fc5fe9923f96ae4a797.jpg,kaggle,tiny_far,train,8,0,kaggle_659
kaggle_G0066565_JPG.rf.b68b598d28448553bd653367e2c55600.jpg,kaggle,tiny_far,train,11,0,kaggle_660
kaggle_G0066570_JPG.rf.22cda61e031bbbdb2f1d89142b10f423.jpg,kaggle,tiny_far,train,14,0,kaggle_661
kaggle_G0066571_JPG.rf.c0718a4265e722a62a04882bef708663.jpg,kaggle,tiny_far,train,11,0,kaggle_662
kaggle_G0066573_JPG.rf.42c3f845bda4e5f15f8ee797cfc5f800.jpg,kaggle,tiny_far,train,2,0,kaggle_663
kaggle_G0066576_JPG.rf.9db6e645cb721a76aa5ddc59e4f86d44.jpg,kaggle,tiny_far,train,4,0,kaggle_664
kaggle_G0066579_JPG.rf.b523da0e8db87368ff1eeaf7be2a8516.jpg,kaggle,tiny_far,train,6,0,kaggle_665
kaggle_G0066585_JPG.rf.7ec5886d1544ca1bbc896030bca1adde.jpg,kaggle,tiny_far,train,2,0,kaggle_666
kaggle_G0066586_JPG.rf.c248785a87525e2687da646730be9471.jpg,kaggle,tiny_far,train,3,0,kaggle_667
kaggle_G0066587_JPG.rf.ff4825ef0a85690cb715031b7b19c09f.jpg,kaggle,tiny_far,train,4,0,kaggle_668
kaggle_G0066588_JPG.rf.94af91cbc8458720b88bc1b079d83107.jpg,kaggle,tiny_far,train,5,0,kaggle_669
kaggle_G0066589_JPG.rf.5b28d41b86327ccdd94dca8bafa110ce.jpg,kaggle,tiny_far,train,5,0,kaggle_670
kaggle_G0066590_JPG.rf.a65721e8a6281d681e682270a50287c3.jpg,kaggle,tiny_far,train,10,0,kaggle_671
kaggle_G0066591_JPG.rf.009038b3a5b0f880920fa4c3cbc72db7.jpg,kaggle,tiny_far,train,12,0,kaggle_672
kaggle_G0066592_JPG.rf.fb79e6eb0392383a4af0cbf92c72cbb5.jpg,kaggle,tiny_far,train,10,0,kaggle_673
kaggle_G0066594_JPG.rf.673d3e7e3297def3148e59536c57e766.jpg,kaggle,tiny_far,train,7,0,kaggle_674
kaggle_G0066602_JPG.rf.6aaf9ae4781fa1e476f7f3b15ef3f9a6.jpg,kaggle,tiny_far,train,9,0,kaggle_675
kaggle_G0066620_JPG.rf.db15de316b203f32ecb1e02618a9ba65.jpg,kaggle,tiny_far,test,6,0,kaggle_676
kaggle_G0066633_JPG.rf.bc32d45a6d4439587967ad15c02f38d2.jpg,kaggle,tiny_far,train,3,0,kaggle_677
kaggle_G0066641_JPG.rf.51325121394af0b0e565444bf1af080d.jpg,kaggle,tiny_far,train,4,0,kaggle_678
kaggle_G0066645_JPG.rf.184b22322f2604f2733d9a3145801efd.jpg,kaggle,tiny_far,train,4,0,kaggle_679
kaggle_G0066646_JPG.rf.3b5c3a6179ae01566ea60f3a8d5a06ad.jpg,kaggle,tiny_far,val,4,0,kaggle_680
kaggle_G0066647_JPG.rf.9cf072ccdb39f1144902bfe80ebc7a51.jpg,kaggle,tiny_far,train,2,0,kaggle_681
kaggle_G0066648_JPG.rf.63edde9a100ad6f89b11cca8ba7a5944.jpg,kaggle,tiny_far,train,4,0,kaggle_682
kaggle_G0066650_JPG.rf.18ef1ec20a9dc43e29989547434678b9.jpg,kaggle,tiny_far,train,5,0,kaggle_683
kaggle_G0066651_JPG.rf.76be1276e072b9860361fefef12a9cd3.jpg,kaggle,tiny_far,test,3,0,kaggle_684
kaggle_G0066652_JPG.rf.4c2f073df8959628378a4838e552a220.jpg,kaggle,tiny_far,train,2,0,kaggle_685
kaggle_G0066694_JPG.rf.c9d9c289e415d957b004499ae2da20e6.jpg,kaggle,tiny_far,train,3,0,kaggle_686
kaggle_G0066695_JPG.rf.53b5cb9ea5291631e0887f0339691a92.jpg,kaggle,tiny_far,train,4,0,kaggle_687
kaggle_G0066696_JPG.rf.b6adeac2b20790e616fc1a071d69764c.jpg,kaggle,tiny_far,train,4,0,kaggle_688
kaggle_G0066701_JPG.rf.8f1d9bced5bfff4caf4f4ca552872daf.jpg,kaggle,tiny_far,train,1,0,kaggle_689
kaggle_G0066703_JPG.rf.33b1ac7710698e7fdedfe05460fcfc60.jpg,kaggle,tiny_far,train,2,0,kaggle_690
kaggle_G0066704_JPG.rf.7126cc624c7c18be8249a924f244fea9.jpg,kaggle,tiny_far,train,1,0,kaggle_691
kaggle_G0066876_JPG.rf.a5c2c1be8fccf737e9c543b78efb5680.jpg,kaggle,tiny_far,train,1,0,kaggle_692
kaggle_G0066879_JPG.rf.df42717645b56688b0381b3739facc31.jpg,kaggle,tiny_far,train,1,0,kaggle_693
kaggle_G0066881_JPG.rf.ae500ab8f34056e88110b3c6b6001f86.jpg,kaggle,tiny_far,train,1,0,kaggle_694
kaggle_G0066886_JPG.rf.0ea4285e6fe9c359b6a8b0f23ace4ec4.jpg,kaggle,tiny_far,train,6,0,kaggle_695
kaggle_G0066887_JPG.rf.36d4517b8ccec50fc16e012178890237.jpg,kaggle,tiny_far,train,5,0,kaggle_696
kaggle_G0066888_JPG.rf.ec264e118acdc3980a64013945eb352c.jpg,kaggle,tiny_far,train,6,0,kaggle_697
kaggle_G0066889_JPG.rf.55a8aa4c5d3afc1e42accf487ef98603.jpg,kaggle,tiny_far,test,4,0,kaggle_698
kaggle_G0066911_JPG.rf.82ffeebb10a900966a842962be4d1ba1.jpg,kaggle,tiny_far,train,2,0,kaggle_699
kaggle_G0066925_JPG.rf.b663e6cda3793435276975c0a499f8ac.jpg,kaggle,tiny_far,train,2,0,kaggle_700
kaggle_G0066933_JPG.rf.935399393f8770271fd8ce42d29e56ea.jpg,kaggle,tiny_far,train,2,0,kaggle_701
kaggle_G0066960_JPG.rf.0e1b241a599a5a5418d6af05493dca07.jpg,kaggle,tiny_far,train,2,0,kaggle_702
kaggle_G0066961_JPG.rf.c48df9d7c74a29ccdc71142cacfd22d4.jpg,kaggle,tiny_far,train,3,0,kaggle_703
kaggle_G0066962_JPG.rf.647b09f905baf207092d0528971beac8.jpg,kaggle,tiny_far,val,3,0,kaggle_704
kaggle_G0066963_JPG.rf.990e7737e91cc52b6327b390eb909c41.jpg,kaggle,tiny_far,test,3,0,kaggle_705
kaggle_G0066964_JPG.rf.3dbd39d8bf75d459d77f1dfd772db898.jpg,kaggle,tiny_far,train,3,0,kaggle_706
kaggle_G0066965_JPG.rf.71bfe10eded88dee23ea1ca5855e5304.jpg,kaggle,tiny_far,val,2,0,kaggle_707
kaggle_G0066966_JPG.rf.7b28cc16f8e7123c7efcf37b2407ccc4.jpg,kaggle,tiny_far,train,1,0,kaggle_708
kaggle_G0066967_JPG.rf.50530197747d7e39208ab48d8090e2ae.jpg,kaggle,tiny_far,train,1,0,kaggle_709
kaggle_G0066981_JPG.rf.015a5c5077f8b1ded30b9ccf7a37a798.jpg,kaggle,tiny_far,val,2,0,kaggle_710
kaggle_G0067001_JPG.rf.4b0d338376af50fc52f7465411231161.jpg,kaggle,tiny_far,train,1,0,kaggle_711
kaggle_G0067019_JPG.rf.085a0b9534ff1a4617755e62464fa358.jpg,kaggle,tiny_far,test,1,0,kaggle_712
kaggle_G0067035_JPG.rf.780fedbd7bd660ea178fc4351aa05d4f.jpg,kaggle,tiny_far,train,2,0,kaggle_713
kaggle_G0067036_JPG.rf.4cb369a4024b2b65837b6445608610c7.jpg,kaggle,tiny_far,test,3,0,kaggle_714
kaggle_G0067037_JPG.rf.fe870441acc94d428b6e8c531ba71ced.jpg,kaggle,tiny_far,test,2,0,kaggle_715
kaggle_G0067038_JPG.rf.d6a384a430a132b23e63d665efc2217f.jpg,kaggle,tiny_far,test,3,0,kaggle_716
kaggle_G0067039_JPG.rf.8b669e4549125b23bc56d752a40e0c87.jpg,kaggle,tiny_far,train,2,0,kaggle_717
kaggle_G0067040_JPG.rf.87b9e1cc701b960bf36948fe84a70993.jpg,kaggle,tiny_far,train,2,0,kaggle_718
kaggle_G0067041_JPG.rf.b200d21565d711fdc052970425786cc5.jpg,kaggle,tiny_far,train,2,0,kaggle_719
kaggle_G0067042_JPG.rf.dcd492dea967ff1fcb8e0eaaa72e3664.jpg,kaggle,tiny_far,train,2,0,kaggle_720
kaggle_G0067077_JPG.rf.7335b254bb5aeb136b8e24935db41388.jpg,kaggle,tiny_far,train,4,0,kaggle_721
kaggle_G0067078_JPG.rf.71181e6d5aa4dad00f9508558aa2ed80.jpg,kaggle,tiny_far,train,4,0,kaggle_722
kaggle_G0067082_JPG.rf.f3997ca9cbf0d5b57eac8933471b81dc.jpg,kaggle,tiny_far,train,2,0,kaggle_723
kaggle_G0073834_JPG.rf.67c90b82a3aa0d0fd36edd65d5984464.jpg,kaggle,tiny_far,train,2,0,kaggle_724
kaggle_G0073886_JPG.rf.38d626bd99d8fcd33516565eea76b07f.jpg,kaggle,tiny_far,train,2,0,kaggle_725
kaggle_G0073889_JPG.rf.80e994c9b8bf9f1720a5706ccc7fb923.jpg,kaggle,tiny_far,train,2,0,kaggle_726
kaggle_G0073978_JPG.rf.aa9bdc1466934c6c5ff74e053c836783.jpg,kaggle,tiny_far,val,6,0,kaggle_727
kaggle_G0073979_JPG.rf.86f1747beba133c2d729f58ade23cb0b.jpg,kaggle,tiny_far,train,2,0,kaggle_728
kaggle_G0073980_JPG.rf.ca6b2cfd5d996d1bf6fbf4b04ab27347.jpg,kaggle,tiny_far,train,4,0,kaggle_729
kaggle_G0074098_JPG.rf.d5ef31aa378d501e9c07163c688c885a.jpg,kaggle,tiny_far,test,2,0,kaggle_730
kaggle_G0074099_JPG.rf.b578a849444b10cfb123ddd176ce8382.jpg,kaggle,tiny_far,train,4,0,kaggle_731
kaggle_G0074113_JPG.rf.eb15f1d6bd504bf1486291af899f9700.jpg,kaggle,tiny_far,train,2,0,kaggle_732
kaggle_G0074114_JPG.rf.3a9d2ecca65944406b02f17a3e7d396d.jpg,kaggle,tiny_far,train,4,0,kaggle_733
kaggle_G0074187_JPG.rf.02e114aa48e26f667f2a029858f156c1.jpg,kaggle,tiny_far,train,6,0,kaggle_734
kaggle_G0074221_JPG.rf.974e5d42a6365347dc5f2b877d93dd9a.jpg,kaggle,tiny_far,train,4,0,kaggle_735
kaggle_G0074230_JPG.rf.663637bb2e071f52bdf3a7c0ea14e7ce.jpg,kaggle,tiny_far,test,4,0,kaggle_736
kaggle_G0077365_JPG.rf.0eb07e4d2247d29d5dc974f7fbbfd14d.jpg,kaggle,tiny_far,train,1,0,kaggle_737
kaggle_G0077749_JPG.rf.ed4594ac17604a493063c8afaa2ccc38.jpg,kaggle,tiny_far,test,1,0,kaggle_738
kaggle_G0077750_JPG.rf.28cbe240c1a3be751c353ed3034f7c68.jpg,kaggle,tiny_far,train,1,0,kaggle_739
kaggle_G0077960_JPG.rf.5ddac1f75df18f485f2a938490dc1817.jpg,kaggle,tiny_far,train,3,0,kaggle_740
kaggle_G0077961_JPG.rf.74e560e96006d93e8c2ec8cdef83bbf1.jpg,kaggle,tiny_far,val,3,0,kaggle_741
kaggle_G0084392_JPG.rf.1a7f61d48acbea61eea963f325a76070.jpg,kaggle,tiny_far,train,2,0,kaggle_742
kaggle_G0084732_JPG.rf.ca6c57225e61ae352558764f1c2cebbc.jpg,kaggle,tiny_far,train,1,0,kaggle_743
kaggle_G0084733_JPG.rf.d7432ef8dc71d79ee1e0f0535a40f867.jpg,kaggle,tiny_far,train,1,0,kaggle_744
kaggle_G0088175_JPG.rf.092a6092eebfe2f1faba2073e08e56aa.jpg,kaggle,tiny_far,val,1,0,kaggle_745
kaggle_G0088186_JPG.rf.ed707a966700ab4e569b10dbe81604a0.jpg,kaggle,tiny_far,train,1,0,kaggle_746
kaggle_G0088287_JPG.rf.afdffb1d31f189e228a51574f86c282c.jpg,kaggle,tiny_far,train,4,0,kaggle_747
kaggle_G0088288_JPG.rf.20ff2810c74a3f3bcc73217a5aa29c66.jpg,kaggle,tiny_far,val,3,0,kaggle_748
kaggle_G0088289_JPG.rf.37d43878034e14396cdbc54b924f351d.jpg,kaggle,tiny_far,train,3,0,kaggle_749
kaggle_G0088290_JPG.rf.d24b57e9cfc761e1f4d8c7125a5937fe.jpg,kaggle,tiny_far,train,1,0,kaggle_750
kaggle_G0088291_JPG.rf.13f411261da0f54a19eb8908f76ea0d6.jpg,kaggle,tiny_far,train,1,0,kaggle_751
kaggle_G0088292_JPG.rf.19c69bc89d52a0e0c8c8f371de1e83a1.jpg,kaggle,tiny_far,train,1,0,kaggle_752
kaggle_G0088435_JPG.rf.d998389574035ae37e95e5accccaa76c.jpg,kaggle,tiny_far,train,3,0,kaggle_753
kaggle_G0088436_JPG.rf.6593ed7735911ba4728fcd6bbd521f36.jpg,kaggle,tiny_far,train,3,0,kaggle_754
kaggle_G0088597_JPG.rf.7decc3714536ccceb349736fe1a267d9.jpg,kaggle,tiny_far,train,1,0,kaggle_755
kaggle_G0088598_JPG.rf.8c0119785f51c43b8d65d9a9b2c2fe31.jpg,kaggle,tiny_far,test,1,0,kaggle_756
kaggle_G0088599_JPG.rf.53763f0e6e205e58a1cd3dd936fa90c3.jpg,kaggle,tiny_far,train,1,0,kaggle_757
kaggle_G0088617_JPG.rf.3f419c8dd3bcb1159bb558a962b988a2.jpg,kaggle,tiny_far,test,4,0,kaggle_758
kaggle_G0088796_JPG.rf.ed025c359507a211fa0c5f77ac525638.jpg,kaggle,tiny_far,train,7,0,kaggle_759
kaggle_G0088798_JPG.rf.804fe4ff8576da367c78618bf5767235.jpg,kaggle,tiny_far,train,7,0,kaggle_760
kaggle_G0088799_JPG.rf.2423410a9a70bea14aa4132a1077a7a1.jpg,kaggle,tiny_far,train,9,0,kaggle_761
kaggle_G0088800_JPG.rf.d75f43f2362b96d308875af9917b9962.jpg,kaggle,tiny_far,test,8,0,kaggle_762
kaggle_G0088801_JPG.rf.b1adf2e50d006219fcd561123c146396.jpg,kaggle,tiny_far,train,9,0,kaggle_763
kaggle_G0088802_JPG.rf.db89b5dd964a996f46b87f1ea64ced0d.jpg,kaggle,tiny_far,train,7,0,kaggle_764
kaggle_G0088803_JPG.rf.0c6d111fcc18c9e00d27481f63ba9099.jpg,kaggle,tiny_far,test,6,0,kaggle_765
kaggle_G0088804_JPG.rf.080fa53296c596103226e936cc1247d6.jpg,kaggle,tiny_far,train,4,0,kaggle_766
kaggle_G0088805_JPG.rf.3f09a8fa53b4960a7196103ddd2eaee0.jpg,kaggle,tiny_far,train,4,0,kaggle_767
kaggle_G0088806_JPG.rf.5aec66e9c08945997995f9bed62f95c5.jpg,kaggle,tiny_far,train,2,0,kaggle_768
kaggle_G0088807_JPG.rf.6a061bc8c0e567c51773e296720e8581.jpg,kaggle,tiny_far,train,3,0,kaggle_769
kaggle_G0088808_JPG.rf.b9574e7877ff52bc6eb7dc28f119038e.jpg,kaggle,tiny_far,train,4,0,kaggle_770
kaggle_G0088812_JPG.rf.6c9da14d6418880763bbb1583baf42a3.jpg,kaggle,tiny_far,test,2,0,kaggle_771
kaggle_G0088827_JPG.rf.238c3942a04f0e75345e0de730d9ef95.jpg,kaggle,tiny_far,train,2,0,kaggle_772
kaggle_G0088828_JPG.rf.aaa6aa1ab9b9d375f0f665886f7c034c.jpg,kaggle,tiny_far,train,2,0,kaggle_773
kaggle_G0088831_JPG.rf.7b3dbf27b9fcf686bf09ee6bca8386c6.jpg,kaggle,tiny_far,val,4,0,kaggle_774
kaggle_G0088832_JPG.rf.c9422509ba1fcd01d5d031be40d4d33b.jpg,kaggle,tiny_far,train,4,0,kaggle_775
kaggle_G0088833_JPG.rf.2ad7f13932684015b215a7110433ab2e.jpg,kaggle,tiny_far,train,3,0,kaggle_776
kaggle_G0088970_JPG.rf.7ca821604ac30da25893235c65b33f87.jpg,kaggle,tiny_far,test,1,0,kaggle_777
kaggle_G0089105_JPG.rf.8f58108f9aab599ad3ea4904aaa6287c.jpg,kaggle,tiny_far,test,1,0,kaggle_778
kaggle_G0089161_JPG.rf.879cda76c9e7c70cbcc7ccc0314cf276.jpg,kaggle,tiny_far,train,2,0,kaggle_779
kaggle_G0089162_JPG.rf.c94c8a60bdf83ac901cbf2d7ce81fd28.jpg,kaggle,tiny_far,train,2,0,kaggle_780
kaggle_G0089163_JPG.rf.e904b0520afbf5fe92583d596eaf9f3c.jpg,kaggle,tiny_far,train,2,0,kaggle_781
kaggle_G0089164_JPG.rf.e784db3179a862f6cc037292d083ebd6.jpg,kaggle,tiny_far,train,1,0,kaggle_782
kaggle_G0089194_JPG.rf.6775be6a0c1a52d8bb05f87c2fa8cb10.jpg,kaggle,tiny_far,train,6,0,kaggle_783
kaggle_G0089197_JPG.rf.5c552cd9028269b035dd0b29c650ea4a.jpg,kaggle,tiny_far,train,6,0,kaggle_784
kaggle_G0089207_JPG.rf.0822911715b84449dd01fe0ee8a296ff.jpg,kaggle,tiny_far,train,2,0,kaggle_785
kaggle_G0089208_JPG.rf.8b62e484eebf0bab3ac1bea951e53907.jpg,kaggle,tiny_far,train,3,0,kaggle_786
kaggle_G0089238_JPG.rf.a8ae48d85bead81d7d55e4e0858d9a1d.jpg,kaggle,tiny_far,train,4,0,kaggle_787
kaggle_G0089298_JPG.rf.87db2da0838f5415dad084fbdceb2c67.jpg,kaggle,tiny_far,train,2,0,kaggle_788
kaggle_G0089299_JPG.rf.efded6e2663e8e9b76fedc3a2d4950db.jpg,kaggle,tiny_far,train,2,0,kaggle_789
kaggle_G0089302_JPG.rf.e29d2d3e7242838e7ea9098e7565cfcd.jpg,kaggle,tiny_far,train,1,0,kaggle_790
kaggle_G0089360_JPG.rf.7a94b05f3b4b95f05d0692650e984a15.jpg,kaggle,tiny_far,train,4,0,kaggle_791
kaggle_G0089433_JPG.rf.54f4a4ca5ebcd1b641fdacad697fd668.jpg,kaggle,tiny_far,val,1,0,kaggle_792
kaggle_G0089515_JPG.rf.964c2fc2bcc9820e950414fc926fd4a5.jpg,kaggle,tiny_far,train,1,0,kaggle_793
kaggle_G0089516_JPG.rf.45e09717363e4f0838658b6bdd6e1d3b.jpg,kaggle,tiny_far,train,1,0,kaggle_794
kaggle_G0089519_JPG.rf.ebb3b60cfb1864ccac4ed36838ba9850.jpg,kaggle,tiny_far,test,1,0,kaggle_795
kaggle_G0089520_JPG.rf.b36f1deeac544db42573ed09fb62d83c.jpg,kaggle,tiny_far,train,1,0,kaggle_796
kaggle_G0089755_JPG.rf.34533d4a088bb8ff0d96b1cbe8972869.jpg,kaggle,tiny_far,val,1,0,kaggle_797
kaggle_G0089756_JPG.rf.f148e8bae11d5b37ffe3755b51e3c1a0.jpg,kaggle,tiny_far,train,1,0,kaggle_798
kaggle_G0089823_JPG.rf.285ef9c674cc06b21747173475a127ba.jpg,kaggle,tiny_far,train,9,0,kaggle_799
kaggle_G0089824_JPG.rf.1a1f93f97ad8e10452f53414682ad603.jpg,kaggle,tiny_far,train,14,0,kaggle_800
kaggle_G0089825_JPG.rf.7915f1392559e3f3c5a93f2e88e320f4.jpg,kaggle,tiny_far,test,11,0,kaggle_801
kaggle_G0089826_JPG.rf.3c3b8cd82653d6087eb59c3bf94af2dd.jpg,kaggle,tiny_far,train,7,0,kaggle_802
kaggle_G0089827_JPG.rf.9c765e605f8185984dd93ef1bd57549a.jpg,kaggle,tiny_far,train,4,0,kaggle_803
kaggle_G0089828_JPG.rf.4f21b1ee32f6c10f4d21ac33a3955f9e.jpg,kaggle,tiny_far,train,4,0,kaggle_804
kaggle_G0089829_JPG.rf.39313368d358f41559df14cf0a53cc27.jpg,kaggle,tiny_far,train,3,0,kaggle_805
kaggle_G0089830_JPG.rf.cd631f01134f266c47501f62fc4e46c0.jpg,kaggle,tiny_far,train,4,0,kaggle_806
kaggle_G0089831_JPG.rf.24bd562a0342ffe9ff3fca3aca8e1506.jpg,kaggle,tiny_far,train,12,0,kaggle_807
kaggle_G0089832_JPG.rf.5d0de2706a21b68cb108951c5469f21f.jpg,kaggle,tiny_far,train,7,0,kaggle_808
kaggle_G0089833_JPG.rf.bd2aa52df211f9dae6d761b6387dc277.jpg,kaggle,tiny_far,val,9,0,kaggle_809
kaggle_G0089834_JPG.rf.fca867440407534adcd6f606591b1ebd.jpg,kaggle,tiny_far,train,7,0,kaggle_810
kaggle_G0089835_JPG.rf.cb19950d20f66bcc957892fad8485ac8.jpg,kaggle,tiny_far,train,6,0,kaggle_811
kaggle_G0089836_JPG.rf.9c3abc8f72bd25950b94ed86fdd65e79.jpg,kaggle,tiny_far,val,7,0,kaggle_812
kaggle_G0089837_JPG.rf.b96e8dd0211806566c7177abe7b4d41e.jpg,kaggle,tiny_far,train,5,0,kaggle_813
kaggle_G0089839_JPG.rf.60ff9764abd3e0308b819b3749cefdae.jpg,kaggle,tiny_far,val,6,0,kaggle_814
kaggle_G0089840_JPG.rf.e892668da74366edb6397fad6b589e84.jpg,kaggle,tiny_far,train,4,0,kaggle_815
kaggle_G0089858_JPG.rf.fe815ebbfd8cc524a5a44fec3ad44542.jpg,kaggle,tiny_far,train,2,0,kaggle_816
kaggle_G0089878_JPG.rf.cba814b108c1c629e935d92d52f4ff67.jpg,kaggle,tiny_far,train,1,0,kaggle_817
kaggle_G0089879_JPG.rf.1e6b9f5509b2e9feb8f097d89b6e6f42.jpg,kaggle,tiny_far,train,1,0,kaggle_818
kaggle_G0089880_JPG.rf.936fca008696c681149418f99a061b53.jpg,kaggle,tiny_far,train,1,0,kaggle_819
kaggle_G0089927_JPG.rf.e916b374c212c147fdafd7dba9ea7ffb.jpg,kaggle,tiny_far,train,1,0,kaggle_820
kaggle_G0089929_JPG.rf.32c2cf9390fb36b023db0fec03bc633e.jpg,kaggle,tiny_far,train,1,0,kaggle_821
kaggle_G0089930_JPG.rf.d030ecd46a522a95e084c3becb0015bc.jpg,kaggle,tiny_far,train,1,0,kaggle_822
kaggle_G0090163_JPG.rf.7cd01685a0dc9e5618ac4bd92ac4ff6b.jpg,kaggle,tiny_far,train,1,0,kaggle_823
kaggle_G0090164_JPG.rf.d0ef9c519b06d995ec75d488e73f2a13.jpg,kaggle,tiny_far,train,1,0,kaggle_824
kaggle_G0090165_JPG.rf.92f9863151ee562224285ff42fd70ded.jpg,kaggle,tiny_far,train,1,0,kaggle_825
kaggle_G0090183_JPG.rf.f7efa2c5ae3c9126a34889bac31a1ffd.jpg,kaggle,tiny_far,test,7,0,kaggle_826
kaggle_G0090184_JPG.rf.7315558109397499f304fcd477d28a59.jpg,kaggle,tiny_far,test,6,0,kaggle_827
kaggle_G0090186_JPG.rf.95b3dd75b2da108fde553c34e0b53101.jpg,kaggle,tiny_far,val,2,0,kaggle_828
kaggle_G0090187_JPG.rf.b5b0d4e02042e44358534675ea8772a6.jpg,kaggle,tiny_far,train,3,0,kaggle_829
kaggle_G0090200_JPG.rf.3b7a4da59cc0cb7a4c4bff9ea7033a3e.jpg,kaggle,tiny_far,train,3,0,kaggle_830
kaggle_G0090201_JPG.rf.8b5f3805dd07e66e586a6a6450f39d17.jpg,kaggle,tiny_far,test,4,0,kaggle_831
kaggle_G0090202_JPG.rf.e1bde94a4a489dac8872b5843673121f.jpg,kaggle,tiny_far,train,2,0,kaggle_832
kaggle_G0090207_JPG.rf.9577936ebceced4504f4441f4374a804.jpg,kaggle,tiny_far,train,8,0,kaggle_833
kaggle_G0090208_JPG.rf.5e1734138d75ee609069602d89858ac4.jpg,kaggle,tiny_far,train,6,0,kaggle_834
kaggle_G0090209_JPG.rf.3e0be928b5f3a10beec7b9ff12eb0713.jpg,kaggle,tiny_far,train,8,0,kaggle_835
kaggle_G0090210_JPG.rf.72490affe6123e6899607d38a151f20b.jpg,kaggle,tiny_far,test,6,0,kaggle_836
kaggle_G0090212_JPG.rf.b690cc0faadfd7425b014268096cf172.jpg,kaggle,tiny_far,val,7,0,kaggle_837
kaggle_G0090213_JPG.rf.03d032eb9ff53af33bf8027c34f21c6a.jpg,kaggle,tiny_far,train,6,0,kaggle_838
kaggle_G0090215_JPG.rf.99faaf68276f63a7a190ebfbb013099d.jpg,kaggle,tiny_far,train,6,0,kaggle_839
kaggle_G0090216_JPG.rf.9c7257b4ae28b96375b15d0ab6f592e8.jpg,kaggle,tiny_far,train,8,0,kaggle_840
kaggle_G0090217_JPG.rf.deefd94702bd89b5807b0e18e14bb694.jpg,kaggle,tiny_far,train,4,0,kaggle_841
kaggle_G0090218_JPG.rf.34dca32e8ea9ecaac3b05ea6b59a20cf.jpg,kaggle,tiny_far,train,6,0,kaggle_842
kaggle_G0090219_JPG.rf.f18ea69c43243b9f6a5844aaf9895b85.jpg,kaggle,tiny_far,test,6,0,kaggle_843
kaggle_G0090220_JPG.rf.24b2574963b72413d3cbced67499944c.jpg,kaggle,tiny_far,val,3,0,kaggle_844
kaggle_G0090222_JPG.rf.fb7d582820be725805a2867de0901052.jpg,kaggle,tiny_far,train,5,0,kaggle_845
kaggle_G0090227_JPG.rf.329110173756fcbc2db5ec94bfa1f844.jpg,kaggle,tiny_far,train,3,0,kaggle_846
kaggle_G0090228_JPG.rf.e756d39da8f7fe9be15d50d84b9d5957.jpg,kaggle,tiny_far,test,4,0,kaggle_847
kaggle_G0090229_JPG.rf.9f9d0bc3226db2deee9635feb7dfc61e.jpg,kaggle,tiny_far,train,4,0,kaggle_848
kaggle_G0090230_JPG.rf.c9471a6d343a9f738a1b2737f4a687e1.jpg,kaggle,tiny_far,val,4,0,kaggle_849
kaggle_G0090231_JPG.rf.14074df2ce0d8879d1168e75829354ce.jpg,kaggle,tiny_far,test,3,0,kaggle_850
kaggle_G0090246_JPG.rf.5381d45856732276d1f3b3e8a76db0e5.jpg,kaggle,tiny_far,train,1,0,kaggle_851
kaggle_G0090265_JPG.rf.b5c792cd8d0713e8bff3e83b8b8a460a.jpg,kaggle,tiny_far,train,1,0,kaggle_852
kaggle_G0090298_JPG.rf.29a80055e91f410940da6ba6df985991.jpg,kaggle,tiny_far,test,2,0,kaggle_853
kaggle_G0090314_JPG.rf.4de69f0af9a3e6336c986c4f316e46cb.jpg,kaggle,tiny_far,train,3,0,kaggle_854
kaggle_G0090315_JPG.rf.c16715c67abacef5195fbce049d9cdf7.jpg,kaggle,tiny_far,train,4,0,kaggle_855
kaggle_G0090316_JPG.rf.b3379033b2f7960e5ee383cd7b4b7fc2.jpg,kaggle,tiny_far,train,3,0,kaggle_856
kaggle_G0090339_JPG.rf.a79c0fdf6f00ad7a98b856b298ad890e.jpg,kaggle,tiny_far,train,1,0,kaggle_857
kaggle_G0090340_JPG.rf.5fd5f5cff477f81a8a3ae55c98e23f45.jpg,kaggle,tiny_far,train,2,0,kaggle_858
kaggle_G0090362_JPG.rf.d921190422ff7e99f25e8eca161a0d4e.jpg,kaggle,tiny_far,train,1,0,kaggle_859
kaggle_G0090381_JPG.rf.975e1f3f570c95a053fa31b9f09972c3.jpg,kaggle,tiny_far,train,4,0,kaggle_860
kaggle_G0090382_JPG.rf.10f78a73870933dd951aff01b6fc0eef.jpg,kaggle,tiny_far,train,3,0,kaggle_861
kaggle_G0090386_JPG.rf.2985e7982950f07f4ee7bbb300b7d0d5.jpg,kaggle,tiny_far,test,4,0,kaggle_862
kaggle_G0090388_JPG.rf.0e9c9f3180d8a5bea9a7d8853d7a551b.jpg,kaggle,tiny_far,val,3,0,kaggle_863
kaggle_G0090389_JPG.rf.e078236416d430ceb725e201ea0a4e5d.jpg,kaggle,tiny_far,train,4,0,kaggle_864
kaggle_G0090391_JPG.rf.aab4a3117b3c4333d59bfa4661aee8b9.jpg,kaggle,tiny_far,train,3,0,kaggle_865
kaggle_G0090433_JPG.rf.30a7fa69a92b3d006cae9d316a6da644.jpg,kaggle,tiny_far,train,3,0,kaggle_866
kaggle_G0090434_JPG.rf.898a3ab8538a4c3dfb74473b5382780b.jpg,kaggle,tiny_far,train,3,0,kaggle_867
kaggle_G0090471_JPG.rf.185b1b66188d695889255ee24e6bae4f.jpg,kaggle,tiny_far,train,2,0,kaggle_868
kaggle_G0090566_JPG.rf.ab34cc3b2120c95eee56882793063b64.jpg,kaggle,tiny_far,train,1,0,kaggle_869
kaggle_G0090567_JPG.rf.da284ff09c8d46ba2c7f6717e11a2c4f.jpg,kaggle,tiny_far,train,1,0,kaggle_870
kaggle_G0090568_JPG.rf.441de6edaa0651a8272edc45ee97a6ec.jpg,kaggle,tiny_far,test,1,0,kaggle_871
kaggle_G0094401_JPG.rf.0cee4a30f1b1c3c8a6cb5576b880cdb7.jpg,kaggle,tiny_far,train,1,0,kaggle_872
kaggle_G0094402_JPG.rf.ab54ac535f5cd6cc8d48cd70437a2b5b.jpg,kaggle,tiny_far,test,1,0,kaggle_873
kaggle_G0094404_JPG.rf.9517d2f38beca282651feda573028f60.jpg,kaggle,tiny_far,test,4,0,kaggle_874
kaggle_G0094405_JPG.rf.89c92fd7fd1cb23875a3b32cc769b6d9.jpg,kaggle,tiny_far,train,4,0,kaggle_875
kaggle_G0094409_JPG.rf.341d3eed2e5bd864c32d770dbce19cd8.jpg,kaggle,tiny_far,train,2,0,kaggle_876
kaggle_G0094462_JPG.rf.5a3b362ad0960ae5573b5a676c8bed70.jpg,kaggle,tiny_far,test,4,0,kaggle_877
kaggle_G0094463_JPG.rf.453a8455964b549796db15f91dbb0cf7.jpg,kaggle,tiny_far,val,4,0,kaggle_878
kaggle_G0095119_JPG.rf.6662b12e75091fe97a3e6d5abd6f027e.jpg,kaggle,tiny_far,train,5,0,kaggle_879
kaggle_G0095121_JPG.rf.816f7a59ac837419d47685998b0d6e71.jpg,kaggle,tiny_far,test,1,0,kaggle_880
kaggle_G0095122_JPG.rf.cdad309f7dcc94ded8fb7ee1f12e1bf4.jpg,kaggle,tiny_far,test,3,0,kaggle_881
kaggle_G0095123_JPG.rf.2aa494b1cee1393004d997ab9da3bdab.jpg,kaggle,tiny_far,train,3,0,kaggle_882
kaggle_G0101514_JPG.rf.f40699d0ddf86cf07123738dbcd9825d.jpg,kaggle,tiny_far,train,8,0,kaggle_883
kaggle_G0101524_JPG.rf.1135a351135d1f2e96f8c5ca7a315111.jpg,kaggle,tiny_far,train,2,0,kaggle_884
kaggle_G0104532_JPG.rf.c7a1a87aa7fcc3bd62a118c0b785cc2a.jpg,kaggle,tiny_far,train,2,0,kaggle_885
kaggle_G0105208_JPG.rf.29dde4fc64e2e025a980dc9aefa9d899.jpg,kaggle,tiny_far,val,1,0,kaggle_886
kaggle_G0105235_JPG.rf.733bbd3e41854ad0d388589fd3a18fb7.jpg,kaggle,tiny_far,train,2,0,kaggle_887
kaggle_G0105238_JPG.rf.b56e4a6fb5c6739bbe75679fdc760291.jpg,kaggle,tiny_far,train,5,0,kaggle_888
kaggle_G0105243_JPG.rf.d9d1a9e154b1f90ff461052e4cf6ad58.jpg,kaggle,tiny_far,val,4,0,kaggle_889
kaggle_G0114678_JPG.rf.e0c40a88d9c3a8417788d3383d98c9e4.jpg,kaggle,tiny_far,val,6,0,kaggle_890
kaggle_G0114679_JPG.rf.26333c88f814b75ed039773b8ee3fb89.jpg,kaggle,tiny_far,train,4,0,kaggle_891
kaggle_G0114680_JPG.rf.052445724d811623bc43e086e31bf50e.jpg,kaggle,tiny_far,train,4,0,kaggle_892
kaggle_G0114681_JPG.rf.23e2290a7ab1e015bd681ecf2bc3d206.jpg,kaggle,tiny_far,train,6,0,kaggle_893
kaggle_G0114709_JPG.rf.1617c772d51969ceecd3aae77ad3e971.jpg,kaggle,tiny_far,train,10,0,kaggle_894
kaggle_G0114711_JPG.rf.09f082d365b67b31387cc4f898fa3d44.jpg,kaggle,tiny_far,train,10,0,kaggle_895
kaggle_G0114712_JPG.rf.c0a1b3e4e37a0796bf1c7f9358062776.jpg,kaggle,tiny_far,train,4,0,kaggle_896
kaggle_G0114732_JPG.rf.1066b7f2b6c1d97a869c50b823c7eca2.jpg,kaggle,tiny_far,train,4,0,kaggle_897
kaggle_G0114733_JPG.rf.733b0f02b7dade6160de589bd46eb751.jpg,kaggle,tiny_far,train,4,0,kaggle_898
kaggle_G0114817_JPG.rf.692107eee110cc195a78bf843d2ab2af.jpg,kaggle,tiny_far,train,4,0,kaggle_899
kaggle_G0114966_JPG.rf.76d2d9490eea3a079352f180e47d88da.jpg,kaggle,tiny_far,train,4,0,kaggle_900
kaggle_G0114967_JPG.rf.817401fd8caf0baedd99f16f6d76e5b8.jpg,kaggle,tiny_far,train,2,0,kaggle_901
kaggle_G0115386_JPG.rf.ca0dde63dec8b42d82198bcd3bf59f47.jpg,kaggle,tiny_far,test,1,0,kaggle_902
kaggle_G0125001_JPG.rf.4ffda8e6b7f8f8fd93d1cc76cacc46d1.jpg,kaggle,tiny_far,train,2,0,kaggle_903
kaggle_G0125002_JPG.rf.8dedf62b25a10c27439f9ad5b5473149.jpg,kaggle,tiny_far,train,2,0,kaggle_904
kaggle_G0134474_JPG.rf.6d7b84331519d3f5356ca8c785581c1e.jpg,kaggle,tiny_far,train,1,0,kaggle_905
kaggle_G0134493_JPG.rf.c3aa50fed1b7c9ae9e9cbf35b5da9935.jpg,kaggle,tiny_far,train,1,0,kaggle_906
kaggle_G0134508_JPG.rf.0fc440dfdcbf5bfd829399c970c30746.jpg,kaggle,tiny_far,train,1,0,kaggle_907
kaggle_G0134509_JPG.rf.a96c68406cc923273da7727e3fcd7ff7.jpg,kaggle,tiny_far,val,1,0,kaggle_908
kaggle_G0134510_JPG.rf.822a922a26207ac5a6bff5d37d00c63f.jpg,kaggle,tiny_far,train,1,0,kaggle_909
kaggle_G0135100_JPG.rf.09386adcda7270aecf43f0d3d828f414.jpg,kaggle,tiny_far,train,2,0,kaggle_910
kaggle_G0135101_JPG.rf.7b6cf8a5f2f302f8b8ad68548df1d023.jpg,kaggle,tiny_far,train,2,0,kaggle_911
kaggle_G0135102_JPG.rf.2a42d7c3eef36c5d570e931aae50d9dd.jpg,kaggle,tiny_far,train,2,0,kaggle_912
kaggle_G0141814_JPG.rf.dff61ff22ced65c13ce3f78695ce5229.jpg,kaggle,tiny_far,val,6,0,kaggle_913
kaggle_G0144759_JPG.rf.173aab6c379bc419309067f4fb9a3840.jpg,kaggle,tiny_far,test,4,0,kaggle_914
kaggle_G0145139_JPG.rf.6deaf5f13223b0380bed087b25313ce9.jpg,kaggle,tiny_far,train,2,0,kaggle_915
kaggle_G0145144_JPG.rf.07db9a8666a8b3db5c61ed68335fd494.jpg,kaggle,tiny_far,train,2,0,kaggle_916
kaggle_G0145163_JPG.rf.eb3c2a07f8ce748ff835fefc1f72d28b.jpg,kaggle,tiny_far,train,6,0,kaggle_917
kaggle_G0145177_JPG.rf.b3e5c3f65370dc6f66f08cf2aefea775.jpg,kaggle,tiny_far,train,2,0,kaggle_918
kaggle_G0151834_JPG.rf.117acbd500b0bfa9622508be78b26e58.jpg,kaggle,tiny_far,train,2,0,kaggle_919
kaggle_G0267325_JPG.rf.77fd7f7752adeebe3a13904f0860f2d9.jpg,kaggle,tiny_far,train,3,0,kaggle_920
kaggle_G0267326_JPG.rf.76dc8395265e2e85e39df91b9c8fb4d1.jpg,kaggle,tiny_far,val,8,0,kaggle_921
kaggle_G0267327_JPG.rf.cd919ab7f19e75e44f3d427f190553fe.jpg,kaggle,tiny_far,train,7,0,kaggle_922
kaggle_G0267328_JPG.rf.424c328194249021d0a7ef1b337478c0.jpg,kaggle,tiny_far,train,7,0,kaggle_923
kaggle_G0287606_JPG.rf.8f4a705c427e5e8f5911b5a1c48a17c8.jpg,kaggle,tiny_far,train,1,0,kaggle_924
kaggle_G0287622_JPG.rf.97d3c00411573156c97bd6504f9a4ea9.jpg,kaggle,tiny_far,train,1,0,kaggle_925
kaggle_G0325471_JPG.rf.d8230ae69f5ea54762f203c6406883bc.jpg,kaggle,tiny_far,train,1,0,kaggle_926
kaggle_G0335492_JPG.rf.71839715ce0c82e5204c5203efc9ab2e.jpg,kaggle,tiny_far,train,1,0,kaggle_927
kaggle_G0335493_JPG.rf.5c6e61effa49e7d7e3f1778faedada1e.jpg,kaggle,tiny_far,train,1,0,kaggle_928
kaggle_G0335494_JPG.rf.57c31810153efa2d52f2cbb9962cc33b.jpg,kaggle,tiny_far,val,1,0,kaggle_929
kaggle_G0345521_JPG.rf.830cee6d50f888edfbe5a93af3886fec.jpg,kaggle,tiny_far,train,1,0,kaggle_930
kaggle_G0345522_JPG.rf.7bfff56779e63b0d35cfcd8b91b0a36e.jpg,kaggle,tiny_far,train,1,0,kaggle_931
kaggle_G0345523_JPG.rf.be635212154eb65d9b11f2ca4658a7b8.jpg,kaggle,tiny_far,train,1,0,kaggle_932
kaggle_G0345524_JPG.rf.5e5ceb3adae74817605675b40d0ef546.jpg,kaggle,tiny_far,train,2,0,kaggle_933
kaggle_G0348187_JPG.rf.431ae97d97f24bd8a6ea726d59810994.jpg,kaggle,tiny_far,train,2,0,kaggle_934
kaggle_G0398363_JPG.rf.c96ee92d462c0edc6ffc3a9f292f9415.jpg,kaggle,tiny_far,train,3,0,kaggle_935
kaggle_G0449113_JPG.rf.8026fb9d586cde6d9ff6c4b71ca361f2.jpg,kaggle,tiny_far,train,1,0,kaggle_936
pothrgbd_20250227_135438_color_png.rf.984e9768eb679052fd79e702413a94c5.jpg,pothrgbd,close_up,train,1,0,pothrgbd_0
pothrgbd_20250227_135652_color_png.rf.c3e37f97ea7f729ce0c04d4272dbab7d.jpg,pothrgbd,close_up,train,1,0,pothrgbd_1
pothrgbd_20250227_140407_color_png.rf.c4475270462eea5151c53046692d9239.jpg,pothrgbd,close_up,train,1,0,pothrgbd_2
pothrgbd_20250227_140905_color_png.rf.2d12799a85d2760abf8ee447509e62de.jpg,pothrgbd,close_up,train,1,0,pothrgbd_3
pothrgbd_20250227_141050_color_png.rf.4682f3a780dcc539b18b35c4c819567f.jpg,pothrgbd,close_up,train,1,0,pothrgbd_4
pothrgbd_20250227_141418_color_png.rf.8966749a71e9c8de22a6a8db2c796d46.jpg,pothrgbd,close_up,train,1,0,pothrgbd_5
pothrgbd_20250227_141738_color_png.rf.01bf38e6cf5703c762e51dbf3ddefe94.jpg,pothrgbd,close_up,train,1,0,pothrgbd_6
pothrgbd_20250227_142113_color_png.rf.00ba0986510dd60ddf6ffdb97f013f8e.jpg,pothrgbd,close_up,train,1,0,pothrgbd_7
pothrgbd_20250227_142636_color_png.rf.84cbc7d2274f2b691018b4c87dd700bf.jpg,pothrgbd,close_up,train,1,0,pothrgbd_8
pothrgbd_20250227_142923_color_png.rf.ea3673204da2dfe675bad273e1bcdc71.jpg,pothrgbd,close_up,train,1,0,pothrgbd_9
pothrgbd_20250227_143049_color_png.rf.dbf31dba8d2f5c2c42707960221db84b.jpg,pothrgbd,close_up,val,1,0,pothrgbd_10
pothrgbd_20250227_143319_color_png.rf.b584dd9fb2edf7fdf962391eb9b2c493.jpg,pothrgbd,close_up,train,1,0,pothrgbd_11
pothrgbd_20250227_143331_color_png.rf.1aa2e64c61268a2183df252532286e30.jpg,pothrgbd,close_up,train,1,0,pothrgbd_12
pothrgbd_20250227_151014_color_png.rf.a49edb9dd4ba09c2001e4a18a927e0bc.jpg,pothrgbd,close_up,train,1,0,pothrgbd_13
pothrgbd_20250227_152725_color_png.rf.4b2b96613509b4b1cb044f60a75e9125.jpg,pothrgbd,close_up,train,1,0,pothrgbd_14
pothrgbd_20250227_152914_color_png.rf.697db9b7720a51357160f1d014f8ee02.jpg,pothrgbd,close_up,train,1,0,pothrgbd_15
pothrgbd_20250227_154005_color_png.rf.839b8dd25c65f5d6dc4fe1f6de795391.jpg,pothrgbd,close_up,train,1,0,pothrgbd_16
pothrgbd_20250227_154322_color_png.rf.ccd3b05ae6c63dd872360b5dc6c639e9.jpg,pothrgbd,close_up,train,1,0,pothrgbd_17
pothrgbd_20250227_154522_color_png.rf.0801561b55729c3d0783dd8c1ea2296c.jpg,pothrgbd,close_up,train,1,0,pothrgbd_18
pothrgbd_20250227_155233_color_png.rf.defd4f7f0c83d87af06d228d2c7506a0.jpg,pothrgbd,close_up,val,1,0,pothrgbd_19
pothrgbd_20250227_155737_color_png.rf.7d35d74f52cc95b988001828e59abf79.jpg,pothrgbd,close_up,test,1,0,pothrgbd_20
pothrgbd_20250227_155838_color_png.rf.9e369b26c55758aa3b1052b39bdf8f37.jpg,pothrgbd,close_up,val,1,0,pothrgbd_21
pothrgbd_20250227_161423_color_png.rf.6c43cf1645b8dd79b9d86eea14db638e.jpg,pothrgbd,close_up,val,1,0,pothrgbd_22
pothrgbd_20250227_161957_color_png.rf.e7c61c2f0cf57d48ab01ec38221f14ff.jpg,pothrgbd,close_up,train,1,0,pothrgbd_23
pothrgbd_20250227_162352_color_png.rf.0fc5d36f87cc14bac842b48173ee1db9.jpg,pothrgbd,close_up,train,1,0,pothrgbd_24
pothrgbd_20250227_162618_color_png.rf.7a53447479d5bc675c08ae6cf15ab6fd.jpg,pothrgbd,close_up,val,1,0,pothrgbd_25
pothrgbd_20250227_162629_color_png.rf.f1631fe85db3298d1f8c4d168200a8ba.jpg,pothrgbd,close_up,train,1,0,pothrgbd_26
pothrgbd_20250227_162635_color_png.rf.35edb3870607bc4893cd1901ac747dc2.jpg,pothrgbd,close_up,train,2,0,pothrgbd_27
pothrgbd_20250227_162651_color_png.rf.38cc15d468bd90b14eb13e7dceaf3329.jpg,pothrgbd,close_up,val,1,0,pothrgbd_28
pothrgbd_20250227_162942_color_png.rf.e8b7d1650ce9a2cc1c8a9c3bfffe6c91.jpg,pothrgbd,close_up,train,1,0,pothrgbd_29
pothrgbd_20250227_162958_color_png.rf.20cd8dcb1661e422467bec532df36b9a.jpg,pothrgbd,close_up,train,1,0,pothrgbd_30
pothrgbd_20250227_163015_color_png.rf.02b832fde0e06b1db8fd159df77075e7.jpg,pothrgbd,close_up,val,1,0,pothrgbd_31
pothrgbd_20250227_163022_color_png.rf.0bbc82719fb402520bf6b08d2b80deef.jpg,pothrgbd,close_up,train,2,0,pothrgbd_32
pothrgbd_20250227_163135_color_png.rf.58282e843004c68c4e6eaa9bc0ee0879.jpg,pothrgbd,close_up,train,1,0,pothrgbd_33
pothrgbd_20250227_163300_color_png.rf.99da81e32db3804d2e744a07798cbf82.jpg,pothrgbd,close_up,train,1,0,pothrgbd_34
pothrgbd_20250227_163440_color_png.rf.f2bff504c24b4845ddce5ffcb5f5d8df.jpg,pothrgbd,close_up,train,1,0,pothrgbd_35
pothrgbd_20250227_163601_color_png.rf.287a41b60842f623fc3d0ed55699672a.jpg,pothrgbd,close_up,train,1,0,pothrgbd_36
pothrgbd_20250227_165206_color_png.rf.0abbb61e7c8a0b6b92261d17a8025e20.jpg,pothrgbd,close_up,train,1,0,pothrgbd_37
pothrgbd_20250227_165450_color_png.rf.8593bce5f7926c7cde98301ba16a962e.jpg,pothrgbd,close_up,val,1,0,pothrgbd_38
pothrgbd_20250227_165536_color_png.rf.2bec0db4ce47c43e0a02bfafca219570.jpg,pothrgbd,close_up,train,1,0,pothrgbd_39
pothrgbd_20250227_165705_color_png.rf.c96056d40ffd13c840be762eec305824.jpg,pothrgbd,close_up,train,1,0,pothrgbd_40
pothrgbd_20250227_165810_color_png.rf.b698c41b2723dab1729167a5931a6180.jpg,pothrgbd,close_up,train,1,0,pothrgbd_41
pothrgbd_20250227_165925_color_png.rf.6d68980a0fca4e1b30f5414524fac713.jpg,pothrgbd,close_up,train,1,0,pothrgbd_42
pothrgbd_20250227_170024_color_png.rf.b79debb9d70985890e6664c276da74cf.jpg,pothrgbd,close_up,train,1,0,pothrgbd_43
pothrgbd_20250227_170115_color_png.rf.a74f202be6fd0cd26c60153482dbad1c.jpg,pothrgbd,close_up,test,1,0,pothrgbd_44
pothrgbd_20250227_170125_color_png.rf.44dd68f47138b15798175a525c002590.jpg,pothrgbd,close_up,val,1,0,pothrgbd_45
pothrgbd_20250227_170321_color_png.rf.365e37a2d97b0393f6044f3be66d3c63.jpg,pothrgbd,close_up,train,1,0,pothrgbd_46
pothrgbd_20250227_170327_color_png.rf.69104ba8a08e8acff5209f6c0ab8bdbe.jpg,pothrgbd,close_up,train,1,0,pothrgbd_47
pothrgbd_20250227_170425_color_png.rf.2321a3b2806f2e2a94bdc66c949d0fbb.jpg,pothrgbd,close_up,val,1,0,pothrgbd_48
pothrgbd_20250227_170438_color_png.rf.5a352e65f6bae7e6f057fa3589947ae2.jpg,pothrgbd,close_up,train,1,0,pothrgbd_49
pothrgbd_20250227_170442_color_png.rf.11594b7f0c725b079ff0dcd4f834e032.jpg,pothrgbd,close_up,train,1,0,pothrgbd_50
pothrgbd_20250227_170443_color_png.rf.641a68a778faab7ee51ef7fe831c1e16.jpg,pothrgbd,close_up,test,1,0,pothrgbd_51
pothrgbd_20250227_170538_color_png.rf.04043f7a2e8ecb5ffbc04ec177b192c1.jpg,pothrgbd,close_up,val,1,0,pothrgbd_52
pothrgbd_20250227_170604_color_png.rf.088b118885aa0cf3142d96a15c9be07b.jpg,pothrgbd,close_up,train,1,0,pothrgbd_53
pothrgbd_20250227_170611_color_png.rf.129f4d8ea44afec5aa36d9a606cb4b6a.jpg,pothrgbd,close_up,train,1,0,pothrgbd_54
pothrgbd_20250227_170622_color_png.rf.efbff4a44539b7a1acf7d6eef78d4c26.jpg,pothrgbd,close_up,train,1,0,pothrgbd_55
pothrgbd_20250227_170624_color_png.rf.3dda5fa6399f87744dfeb00eb3644308.jpg,pothrgbd,close_up,val,1,0,pothrgbd_56
pothrgbd_20250227_170647_color_png.rf.efee9ab57ebc131f200cf67772c7c1d1.jpg,pothrgbd,close_up,train,1,0,pothrgbd_57
pothrgbd_20250227_170710_color_png.rf.417d93cba2762711df62c70809d1dbfb.jpg,pothrgbd,close_up,train,1,0,pothrgbd_58
pothrgbd_20250227_170729_color_png.rf.7501f43a0b52a4e0db85029d4aebacde.jpg,pothrgbd,close_up,train,1,0,pothrgbd_59
pothrgbd_20250227_170736_color_png.rf.f4193ab0b59d5f7c9c206ae2316316aa.jpg,pothrgbd,close_up,train,1,0,pothrgbd_60
pothrgbd_20250227_170828_color_png.rf.e53ba1781873fbae3a0eedb0314753b6.jpg,pothrgbd,close_up,train,1,0,pothrgbd_61
pothrgbd_20250227_170837_color_png.rf.443fc1dcbd2dece80cf7445081b404fb.jpg,pothrgbd,close_up,train,2,0,pothrgbd_62
pothrgbd_20250227_170852_color_png.rf.6f65a1dcbcf4dc48f1ecd5a22a92ef23.jpg,pothrgbd,close_up,train,1,0,pothrgbd_63
pothrgbd_20250227_170934_color_png.rf.32b1950e95f4d67f33feaac3a09d9a82.jpg,pothrgbd,close_up,train,1,0,pothrgbd_64
pothrgbd_20250227_170940_color_png.rf.3fedae2dbf2ed379cd1e6574b4bf84b7.jpg,pothrgbd,close_up,train,1,0,pothrgbd_65
pothrgbd_20250227_170945_color_png.rf.7d74c4d5285cee23f05e99a771a40f31.jpg,pothrgbd,close_up,train,1,0,pothrgbd_66
pothrgbd_20250227_171010_color_png.rf.ab09c4a9990ad0ee13ee03eab371512b.jpg,pothrgbd,close_up,train,1,0,pothrgbd_67
pothrgbd_20250227_171023_color_png.rf.c6fbd30f78aa13b6d1dd42d60140fd78.jpg,pothrgbd,close_up,train,1,0,pothrgbd_68
pothrgbd_20250227_171035_color_png.rf.53b103f9cf2d995139766f8f2734a674.jpg,pothrgbd,close_up,val,2,0,pothrgbd_69
pothrgbd_20250227_171044_color_png.rf.cf3e6bcbc0cda1f81281be1dde261d71.jpg,pothrgbd,close_up,val,1,0,pothrgbd_70
pothrgbd_20250227_171126_color_png.rf.9b618d5aacb04d2cfbcdf3cdd78e52fd.jpg,pothrgbd,close_up,train,1,0,pothrgbd_71
pothrgbd_20250227_171154_color_png.rf.77b82e1bf4b7645a9ca1e5ab117100c2.jpg,pothrgbd,close_up,train,1,0,pothrgbd_72
pothrgbd_20250227_171314_color_png.rf.da7873fb34b89f528df36f22d8742ec6.jpg,pothrgbd,close_up,train,1,0,pothrgbd_73
pothrgbd_20250227_171430_color_png.rf.f63f1ebf47d90370e74fe0e58d741305.jpg,pothrgbd,close_up,test,1,0,pothrgbd_74
pothrgbd_20250227_171441_color_png.rf.7cdf66076ca2255fdd993771517d5474.jpg,pothrgbd,close_up,train,2,0,pothrgbd_75
pothrgbd_20250227_171506_color_png.rf.db9374f2431956581a4ec30a3ee1b5af.jpg,pothrgbd,close_up,val,1,0,pothrgbd_76
pothrgbd_20250227_171513_color_png.rf.f356a0e7ff45d6e02402566abb3c7a45.jpg,pothrgbd,close_up,train,1,0,pothrgbd_77
pothrgbd_20250227_171518_color_png.rf.1d5c7592a06c795b0f10d00f504fdf20.jpg,pothrgbd,close_up,train,1,0,pothrgbd_78
pothrgbd_20250227_171539_color_png.rf.1328a928f3f501a8d4b70c100d8ee268.jpg,pothrgbd,close_up,train,1,0,pothrgbd_79
pothrgbd_20250227_171548_color_png.rf.a9032047e9fc4c0a547cb36bfff97834.jpg,pothrgbd,close_up,val,1,0,pothrgbd_80
pothrgbd_20250227_171601_color_png.rf.39803e614223e9714c6738577b35df6d.jpg,pothrgbd,close_up,train,1,0,pothrgbd_81
pothrgbd_20250227_171606_color_png.rf.dfa078f764fb4af52f87a5fc908f7ba2.jpg,pothrgbd,close_up,train,1,0,pothrgbd_82
pothrgbd_20250227_171856_color_png.rf.b88befd4ec4e9ce182b83000d758fa92.jpg,pothrgbd,close_up,train,1,0,pothrgbd_83
pothrgbd_20250227_172052_color_png.rf.c422b475ee99a0deea7bdc509f7a7f14.jpg,pothrgbd,close_up,train,1,0,pothrgbd_84
pothrgbd_20250227_172520_color_png.rf.8eaad20be9ebdc947c2a8ad1b13a8bee.jpg,pothrgbd,close_up,train,1,0,pothrgbd_85
pothrgbd_20250227_172528_color_png.rf.b709d755fd36a74ba8be4b9e8166a19c.jpg,pothrgbd,close_up,val,1,0,pothrgbd_86
pothrgbd_20250227_172615_color_png.rf.fda3c8ab1386c63d9b8e693e87557cbd.jpg,pothrgbd,close_up,train,1,0,pothrgbd_87
pothrgbd_20250227_172620_color_png.rf.8f1486a2245b685c2cc13a5413613d92.jpg,pothrgbd,close_up,train,1,0,pothrgbd_88
pothrgbd_20250227_172623_color_png.rf.eb8c8e35adbfa48ddf9a2b4c8f061f84.jpg,pothrgbd,close_up,train,1,0,pothrgbd_89
pothrgbd_20250227_172633_color_png.rf.3589508558c67ba3d5f67b38f41aa54c.jpg,pothrgbd,close_up,val,1,0,pothrgbd_90
pothrgbd_20250227_172639_color_png.rf.5bad7199bb5d6d9db00804f58c0a936f.jpg,pothrgbd,close_up,train,1,0,pothrgbd_91
pothrgbd_20250227_172731_color_png.rf.fa0802a96cff7eb5e21acc1ea40629b1.jpg,pothrgbd,close_up,train,1,0,pothrgbd_92
pothrgbd_20250227_172829_color_png.rf.750bd2e9810f662a297e240037b42347.jpg,pothrgbd,close_up,test,1,0,pothrgbd_93
pothrgbd_20250227_172833_color_png.rf.3dc88983a4cb5fd3a0282c5c90e8cab7.jpg,pothrgbd,close_up,train,1,0,pothrgbd_94
pothrgbd_20250227_172837_color_png.rf.23dc617914c4673750ff7e28c6ae2c99.jpg,pothrgbd,close_up,train,1,0,pothrgbd_95
pothrgbd_20250227_172840_color_png.rf.33da555902059b3aed993dff29a0e8ae.jpg,pothrgbd,close_up,test,1,0,pothrgbd_96
pothrgbd_20250227_173016_color_png.rf.592c068b71ae5fa9d5d74eea9bf385d9.jpg,pothrgbd,close_up,train,1,0,pothrgbd_97
pothrgbd_20250227_173136_color_png.rf.d893f145c0b61faea04570f6c41a0f50.jpg,pothrgbd,close_up,train,1,0,pothrgbd_98
pothrgbd_20250227_173255_color_png.rf.60bb9cc6e5f9b1818ed3313f24208f28.jpg,pothrgbd,close_up,train,1,0,pothrgbd_99
pothrgbd_20250227_173306_color_png.rf.7b18546f8767c9a44458bdd6a1b3363a.jpg,pothrgbd,close_up,train,1,0,pothrgbd_100
pothrgbd_20250227_173312_color_png.rf.29df0eaeabab7c9c9dada888bfff8c3e.jpg,pothrgbd,close_up,train,1,0,pothrgbd_101
pothrgbd_20250227_173320_color_png.rf.a133c22e27907013e3ef23a01eb0ee94.jpg,pothrgbd,close_up,train,1,0,pothrgbd_102
pothrgbd_20250227_173336_color_png.rf.92127631e7a3790ec98061a0b6a2ffda.jpg,pothrgbd,close_up,train,1,0,pothrgbd_103
pothrgbd_20250227_173441_color_png.rf.2148a9a381930ff30dd73819a5e0fb81.jpg,pothrgbd,close_up,train,1,0,pothrgbd_104
pothrgbd_20250227_173648_color_png.rf.18362a51b36f60d92d5c21360ac7736b.jpg,pothrgbd,close_up,train,1,0,pothrgbd_105
pothrgbd_20250227_173949_color_png.rf.f8488c061a30495ffb932860fc221b62.jpg,pothrgbd,close_up,train,2,0,pothrgbd_106
pothrgbd_20250227_173957_color_png.rf.3650a51e67e83d24831e96c0d6b920a7.jpg,pothrgbd,close_up,val,1,0,pothrgbd_107
pothrgbd_20250227_174003_color_png.rf.6ef7d0cf86c53a24f61c2b385a7cb9f2.jpg,pothrgbd,close_up,train,1,0,pothrgbd_108
pothrgbd_20250227_174013_color_png.rf.30c3b4214c5aeacbe5214957e7c50dd3.jpg,pothrgbd,close_up,train,1,0,pothrgbd_109
pothrgbd_20250227_174024_color_png.rf.7ae2a2697c16183581b25c48e6e02178.jpg,pothrgbd,close_up,train,1,0,pothrgbd_110
pothrgbd_20250227_174035_color_png.rf.6d25f1ddead5f03afc4f9667fc99833c.jpg,pothrgbd,close_up,train,1,0,pothrgbd_111
pothrgbd_20250227_174047_color_png.rf.4becced8975c5d4cf46c50d16597274d.jpg,pothrgbd,close_up,train,1,0,pothrgbd_112
pothrgbd_20250227_174056_color_png.rf.9b53705dab4012118856063d1b7634f2.jpg,pothrgbd,close_up,test,1,0,pothrgbd_113
pothrgbd_20250227_174138_color_png.rf.3e04c1c4bc9efa9d4980bf00f7858ae8.jpg,pothrgbd,close_up,train,1,0,pothrgbd_114
pothrgbd_20250227_174207_color_png.rf.1ace7fd4923d3a1aa1272574b75706be.jpg,pothrgbd,close_up,test,1,0,pothrgbd_115
pothrgbd_20250227_174307_color_png.rf.dc91d49db667a53bf60644c4d95a0a25.jpg,pothrgbd,close_up,train,1,0,pothrgbd_116
pothrgbd_20250227_174404_color_png.rf.1bdb3400e1ca3875235b70980a95d0a2.jpg,pothrgbd,close_up,test,1,0,pothrgbd_117
pothrgbd_20250227_174412_color_png.rf.aba6db3d14c9595b70e9402984559e74.jpg,pothrgbd,close_up,test,1,0,pothrgbd_118
pothrgbd_20250227_174526_color_png.rf.d054492dd86ec506dcdba94e1dd3bfe6.jpg,pothrgbd,close_up,train,1,0,pothrgbd_119
pothrgbd_20250227_174536_color_png.rf.c52955b3d3eb553a7a6da708633b14c3.jpg,pothrgbd,close_up,val,1,0,pothrgbd_120
pothrgbd_20250227_174609_color_png.rf.2c70f3f59ee7da16767ef117970b9e91.jpg,pothrgbd,close_up,test,1,0,pothrgbd_121
pothrgbd_20250227_174614_color_png.rf.0c3cd37de20b91fb2a9b2447f17252ff.jpg,pothrgbd,close_up,train,1,0,pothrgbd_122
pothrgbd_20250227_174615_color_png.rf.28541bd4d0589cdb7c15c01e5d420d5a.jpg,pothrgbd,close_up,train,1,0,pothrgbd_123
pothrgbd_20250227_174723_color_png.rf.83a11a1d6c601d3d642a557f19c306b0.jpg,pothrgbd,close_up,train,1,0,pothrgbd_124
pothrgbd_20250227_174724_color_png.rf.86204fc92abb5ac41e886433e726568f.jpg,pothrgbd,close_up,train,1,0,pothrgbd_125
pothrgbd_20250227_174810_color_png.rf.5afc5498af95260dbc735acfac60143d.jpg,pothrgbd,close_up,train,1,0,pothrgbd_126
pothrgbd_20250227_174815_color_png.rf.8d37be36d2425bc0706f020328abafb8.jpg,pothrgbd,close_up,train,1,0,pothrgbd_127
pothrgbd_20250227_174819_color_png.rf.a5c61baa7947cee694e9569ce3b6a018.jpg,pothrgbd,close_up,train,1,0,pothrgbd_128
pothrgbd_20250227_174930_color_png.rf.63cd4784b7a2785ed0590e826b43dc48.jpg,pothrgbd,close_up,train,1,0,pothrgbd_129
pothrgbd_20250227_174937_color_png.rf.c15b697839172a804a26b749f84c8148.jpg,pothrgbd,close_up,train,1,0,pothrgbd_130
pothrgbd_20250227_175001_color_png.rf.49b9263aa7c03a195ec30c32b62da068.jpg,pothrgbd,close_up,test,1,0,pothrgbd_131
pothrgbd_20250227_175013_color_png.rf.bcb9f6602fb9251949749c1ed538f828.jpg,pothrgbd,close_up,train,1,0,pothrgbd_132
pothrgbd_20250227_175021_color_png.rf.e3ec235f1715f1704bfe7c5b24608076.jpg,pothrgbd,close_up,test,1,0,pothrgbd_133
pothrgbd_20250227_175029_color_png.rf.4cbdc2112b7890bfdc5a95c6d8523621.jpg,pothrgbd,close_up,test,1,0,pothrgbd_134
pothrgbd_20250227_175036_color_png.rf.fa9b720d91b0e50cb220ae45b1529e7a.jpg,pothrgbd,close_up,train,1,0,pothrgbd_135
pothrgbd_20250227_175049_color_png.rf.85678f67dc67a6b07d7405914f000718.jpg,pothrgbd,close_up,test,1,0,pothrgbd_136
pothrgbd_20250227_175101_color_png.rf.1034ea996169014aa3d7370d87e0487f.jpg,pothrgbd,close_up,train,1,0,pothrgbd_137
pothrgbd_20250227_175202_color_png.rf.37a987a9ceef284aa306b5c72f11e195.jpg,pothrgbd,close_up,train,1,0,pothrgbd_138
pothrgbd_20250227_175216_color_png.rf.568ee55eb3c6b336adbcd39e85e3ae28.jpg,pothrgbd,close_up,train,1,0,pothrgbd_139
pothrgbd_20250227_175237_color_png.rf.17e1f5e6a90355821b80f76e59ab4542.jpg,pothrgbd,close_up,test,1,0,pothrgbd_140
pothrgbd_20250227_175242_color_png.rf.1425b17c7c312babceccb2cd6c2d1bc7.jpg,pothrgbd,close_up,test,1,0,pothrgbd_141
pothrgbd_20250227_175304_color_png.rf.620b9aa842f200075ae8963fda167d8b.jpg,pothrgbd,close_up,val,1,0,pothrgbd_142
pothrgbd_20250227_175621_color_png.rf.7a9d1d4a98128f61a25e62a7e83eb1f3.jpg,pothrgbd,close_up,train,1,0,pothrgbd_143
pothrgbd_20250227_175724_color_png.rf.5afaa7d858946ef37ee7b4fe0373d66a.jpg,pothrgbd,close_up,test,1,0,pothrgbd_144
pothrgbd_20250227_175817_color_png.rf.4ce15aceb9bc8b4e9705a5a472feed27.jpg,pothrgbd,close_up,train,1,0,pothrgbd_145
pothrgbd_20250227_180039_color_png.rf.e013596b60482b275644bfbf2fad5f61.jpg,pothrgbd,close_up,val,1,0,pothrgbd_146
pothrgbd_20250227_180158_color_png.rf.2007801e8234b459eaa6ce0dd8ad9568.jpg,pothrgbd,close_up,test,1,0,pothrgbd_147
pothrgbd_20250227_180536_color_png.rf.90633963965c09af0cc3ac12273aa597.jpg,pothrgbd,close_up,train,1,0,pothrgbd_148
pothrgbd_20250227_180537_color_png.rf.1c43a58cc160415e9b6b4c1a636415a5.jpg,pothrgbd,close_up,val,1,0,pothrgbd_149
pothrgbd_20250227_180624_color_png.rf.90fbb965e001e6a75a8e22313a3cf124.jpg,pothrgbd,close_up,val,1,0,pothrgbd_150
pothrgbd_20250227_180722_color_png.rf.905d683c194b509d6824c127a812a1bc.jpg,pothrgbd,close_up,train,1,0,pothrgbd_151
pothrgbd_20250227_180940_color_png.rf.5bc56d4c5e41ddad3299b02e66464f74.jpg,pothrgbd,close_up,train,1,0,pothrgbd_152
pothrgbd_20250227_181001_color_png.rf.1ed6c65635c461c5ee23ce3c9b2ff23b.jpg,pothrgbd,close_up,train,1,0,pothrgbd_153
pothrgbd_20250227_181003_color_png.rf.a4f7e6584097f89c2cd728f6039ce449.jpg,pothrgbd,close_up,train,1,0,pothrgbd_154
pothrgbd_20250227_181024_color_png.rf.492d55820324cbebdf59c3878f9038a4.jpg,pothrgbd,close_up,train,1,0,pothrgbd_155
pothrgbd_20250227_181028_color_png.rf.a0afa153f21982d3e412e450f7c598a3.jpg,pothrgbd,close_up,train,1,0,pothrgbd_156
pothrgbd_20250227_181033_color_png.rf.19c8251ba859e7eb5360695b4fe51431.jpg,pothrgbd,close_up,train,2,0,pothrgbd_157
pothrgbd_20250227_182647_color_png.rf.dc8efd87c23289bd01afcaa8627158d6.jpg,pothrgbd,close_up,train,1,0,pothrgbd_158
pothrgbd_20250227_182730_color_png.rf.31e613fb6a51fc91a68e92f9c26900dc.jpg,pothrgbd,close_up,train,1,0,pothrgbd_159
pothrgbd_20250227_182812_color_png.rf.ce637a3d1d506102e4df4633ae61eb8a.jpg,pothrgbd,close_up,train,1,0,pothrgbd_160
pothrgbd_20250227_182831_color_png.rf.fb2503d751875feb03af9b938bc2ce31.jpg,pothrgbd,close_up,test,1,0,pothrgbd_161
pothrgbd_20250227_183055_color_png.rf.27f836357ddcaa065dd8fd519de7bfb7.jpg,pothrgbd,close_up,train,1,0,pothrgbd_162
pothrgbd_20250227_183114_color_png.rf.85f2e56663ef7ff328552549dee3ff64.jpg,pothrgbd,close_up,train,1,0,pothrgbd_163
pothrgbd_20250227_183214_color_png.rf.664ec9b86037db6ad43c88589f10c2fc.jpg,pothrgbd,close_up,train,1,0,pothrgbd_164
pothrgbd_20250227_183220_color_png.rf.72d138056c60face9270310edd71d29a.jpg,pothrgbd,close_up,train,1,0,pothrgbd_165
pothrgbd_20250227_183313_color_png.rf.5bc506e7e6da57dc9a02724978774c63.jpg,pothrgbd,close_up,train,1,0,pothrgbd_166
pothrgbd_20250227_183322_color_png.rf.5406296be373b0c0b17eb551838360b6.jpg,pothrgbd,close_up,train,1,0,pothrgbd_167
pothrgbd_20250227_183431_color_png.rf.39848fd2893e129f29cf4570b04a0d80.jpg,pothrgbd,close_up,val,1,0,pothrgbd_168
pothrgbd_20250227_183509_color_png.rf.e4f50f48d6df130097d01259cfbd1475.jpg,pothrgbd,close_up,test,1,0,pothrgbd_169
pothrgbd_20250227_183642_color_png.rf.015f525f6ec97d160d9e379f79857e92.jpg,pothrgbd,close_up,train,1,0,pothrgbd_170
pothrgbd_20250227_183734_color_png.rf.469ed66471bca785cc56080dfff4eaa0.jpg,pothrgbd,close_up,train,1,0,pothrgbd_171
pothrgbd_20250227_183800_color_png.rf.3e33ac0b1dc66accb2857915d2059b7e.jpg,pothrgbd,close_up,train,1,0,pothrgbd_172
pothrgbd_20250227_183846_color_png.rf.65ca86d5d209be1c268d905d0b827988.jpg,pothrgbd,close_up,val,1,0,pothrgbd_173
pothrgbd_20250227_184048_color_png.rf.269bf7487ecefaeed8f35c1d0c5cda66.jpg,pothrgbd,close_up,train,1,0,pothrgbd_174
pothrgbd_20250227_184207_color_png.rf.b7ce836afa23d4804f98e581a9dfe002.jpg,pothrgbd,close_up,train,1,0,pothrgbd_175
pothrgbd_20250227_184251_color_png.rf.66c979db9c3728a3a2540dff766d972f.jpg,pothrgbd,close_up,val,1,0,pothrgbd_176
pothrgbd_20250227_184349_color_png.rf.aa1654d50432f8179951ccf0ab3eec17.jpg,pothrgbd,close_up,test,1,0,pothrgbd_177
pothrgbd_20250227_184422_color_png.rf.4410efbbdb36f7968ae2515c005daad6.jpg,pothrgbd,close_up,val,1,0,pothrgbd_178
pothrgbd_20250227_184521_color_png.rf.b74622aa59c976e3a46c0206ead24bcd.jpg,pothrgbd,close_up,test,1,0,pothrgbd_179
pothrgbd_20250227_184542_color_png.rf.0e4cacd393610037ffcc5f5c0175997c.jpg,pothrgbd,close_up,train,1,0,pothrgbd_180
pothrgbd_20250227_184609_color_png.rf.43a41c7355c237dec154f6d4b6027795.jpg,pothrgbd,close_up,train,1,0,pothrgbd_181
pothrgbd_20250227_184651_color_png.rf.3570f8141477676f3509f7c4b53a8d2e.jpg,pothrgbd,close_up,val,1,0,pothrgbd_182
pothrgbd_20250227_184856_color_png.rf.867167be8bde69c36e421ab3ec09ff25.jpg,pothrgbd,close_up,train,1,0,pothrgbd_183
pothrgbd_20250227_184927_color_png.rf.7a19f73a4a384f41903231cb545ac8c1.jpg,pothrgbd,close_up,test,1,0,pothrgbd_184
pothrgbd_20250227_184930_color_png.rf.4dcfcb9c2a676990a8b07e6efe82a07a.jpg,pothrgbd,close_up,train,2,0,pothrgbd_185
pothrgbd_20250227_184938_color_png.rf.e6a7d006dfbb55baef023234d2730d21.jpg,pothrgbd,close_up,train,1,0,pothrgbd_186
pothrgbd_20250227_185027_color_png.rf.7601d9357ba1db391ca55cebbf13fa29.jpg,pothrgbd,close_up,val,1,0,pothrgbd_187
pothrgbd_20250227_185038_color_png.rf.2ee875766d4b668faf1bcd76f22fc317.jpg,pothrgbd,close_up,val,1,0,pothrgbd_188
pothrgbd_20250227_185112_color_png.rf.dce14f6d444040aa3a57e3c5c7a1440b.jpg,pothrgbd,close_up,test,1,0,pothrgbd_189
pothrgbd_20250227_185125_color_png.rf.728585703e2ebbbe1f5fa8281656c72b.jpg,pothrgbd,close_up,train,1,0,pothrgbd_190
pothrgbd_20250227_185135_color_png.rf.731363cf61f1f2c4b738302f6698da22.jpg,pothrgbd,close_up,train,1,0,pothrgbd_191
pothrgbd_20250227_185200_color_png.rf.285bc73f43658360674b3b7ed174b832.jpg,pothrgbd,close_up,test,1,0,pothrgbd_192
pothrgbd_20250227_185221_color_png.rf.2bae3531f84eb653ec41b00d5f8b412a.jpg,pothrgbd,close_up,train,1,0,pothrgbd_193
pothrgbd_20250227_185245_color_png.rf.33b80f4efb3672bba57be65af0846b12.jpg,pothrgbd,close_up,test,1,0,pothrgbd_194
pothrgbd_20250227_185259_color_png.rf.7a4dd3de549c7d9208b90cfbce41a2fe.jpg,pothrgbd,close_up,train,1,0,pothrgbd_195
pothrgbd_20250227_185309_color_png.rf.cc87be3460ab86dbcf8f8b4953ba6b20.jpg,pothrgbd,close_up,train,1,0,pothrgbd_196
pothrgbd_20250227_185330_color_png.rf.c6ba4d45e4767bf5f4075d8f14e08950.jpg,pothrgbd,close_up,train,1,0,pothrgbd_197
pothrgbd_20250227_185340_color_png.rf.af67131cbdcc7598d1f3c6c79431704c.jpg,pothrgbd,close_up,train,1,0,pothrgbd_198
pothrgbd_20250227_185350_color_png.rf.a55a4b3611298e39b4e2c73964295a71.jpg,pothrgbd,close_up,train,1,0,pothrgbd_199
pothrgbd_20250227_185406_color_png.rf.bc249c33b27ddcb55d285e062c741ee1.jpg,pothrgbd,close_up,train,1,0,pothrgbd_200
pothrgbd_20250227_185425_color_png.rf.2f597fc802d1eb28be3b2ef29c4a196b.jpg,pothrgbd,close_up,train,1,0,pothrgbd_201
pothrgbd_20250227_185437_color_png.rf.edb5edb9e17b42f7454b742c19faa950.jpg,pothrgbd,close_up,train,1,0,pothrgbd_202
pothrgbd_20250227_185446_color_png.rf.fce06d8eed2cd435f420d1c3dceee05e.jpg,pothrgbd,close_up,train,1,0,pothrgbd_203
pothrgbd_20250227_185450_color_png.rf.0c9b70fe2af1c152e267c303d4276d4b.jpg,pothrgbd,close_up,test,1,0,pothrgbd_204
pothrgbd_20250227_185502_color_png.rf.063f63a6ba2cbfe5dbce43b45d35db71.jpg,pothrgbd,close_up,val,1,0,pothrgbd_205
pothrgbd_20250227_185523_color_png.rf.4bd82d35af62999f07f3710fae7ab45e.jpg,pothrgbd,close_up,train,1,0,pothrgbd_206
pothrgbd_20250227_185544_color_png.rf.4ce44972fbfd087d3dd33814ea517c73.jpg,pothrgbd,close_up,train,1,0,pothrgbd_207
pothrgbd_20250227_185556_color_png.rf.5f3430e48cde3c70245dd4ee77aa4d7b.jpg,pothrgbd,close_up,train,1,0,pothrgbd_208
pothrgbd_20250227_185615_color_png.rf.23aaccb4a11cabaef3a7499f6fb07122.jpg,pothrgbd,close_up,train,1,0,pothrgbd_209
pothrgbd_20250227_185645_color_png.rf.e2e1b248257463293873365f768b3b3d.jpg,pothrgbd,close_up,train,1,0,pothrgbd_210
pothrgbd_20250227_185703_color_png.rf.10c6a0f83be4c421ebb2349c631c4674.jpg,pothrgbd,close_up,train,1,0,pothrgbd_211
pothrgbd_20250227_190012_color_png.rf.842247a8c2ce5073ee82b6119fb7da00.jpg,pothrgbd,close_up,val,1,0,pothrgbd_212
pothrgbd_20250227_190027_color_png.rf.96474fed05643e70a2a8939aa394b13e.jpg,pothrgbd,close_up,train,1,0,pothrgbd_213
pothrgbd_20250227_190037_color_png.rf.f9ccbd005a22d914cff034380ef75dce.jpg,pothrgbd,close_up,val,1,0,pothrgbd_214
pothrgbd_20250227_190104_color_png.rf.069577e81c0c73aee4c24e70ee276fb6.jpg,pothrgbd,close_up,train,1,0,pothrgbd_215
pothrgbd_20250227_190125_color_png.rf.e08dcf08d438a5528dc201d154e77671.jpg,pothrgbd,close_up,train,1,0,pothrgbd_216
pothrgbd_20250227_190146_color_png.rf.96e6a00a09b7477ef44ddec4fbf8cdc6.jpg,pothrgbd,close_up,train,1,0,pothrgbd_217
pothrgbd_20250227_190210_color_png.rf.8b7bbab707643b5c8db0fbed41a66ee3.jpg,pothrgbd,close_up,train,1,0,pothrgbd_218
pothrgbd_20250227_190216_color_png.rf.7e6b3ed4b497e2ddd5e1c77580a90d16.jpg,pothrgbd,close_up,train,1,0,pothrgbd_219
pothrgbd_20250227_190423_color_png.rf.035ed3d0090b9b3e821b3bb33e6534fc.jpg,pothrgbd,close_up,train,1,0,pothrgbd_220
pothrgbd_20250227_190508_color_png.rf.59b9245c0627b44dc5f02b23642849c3.jpg,pothrgbd,close_up,train,1,0,pothrgbd_221
pothrgbd_20250227_190531_color_png.rf.470fdc51ffbbf5519fa1341efba503e5.jpg,pothrgbd,close_up,train,1,0,pothrgbd_222
pothrgbd_20250227_190609_color_png.rf.daa89fdff232a057e2225e0def6853e9.jpg,pothrgbd,close_up,train,1,0,pothrgbd_223
pothrgbd_20250227_190626_color_png.rf.0b38d445447b65753bbf3766efc9ea11.jpg,pothrgbd,close_up,test,1,0,pothrgbd_224
pothrgbd_20250227_190842_color_png.rf.be259cbad0ac5781f6b02208b1e19a94.jpg,pothrgbd,close_up,test,1,0,pothrgbd_225
pothrgbd_20250227_190929_color_png.rf.c1035fd08ab4c75e32478cbfc92e8a77.jpg,pothrgbd,close_up,val,1,0,pothrgbd_226
pothrgbd_20250227_191254_color_png.rf.4a36a455cd60defe838d88781c51c768.jpg,pothrgbd,close_up,train,1,0,pothrgbd_227
pothrgbd_20250227_191351_color_png.rf.1eebc17449c2e32ab14bfb757e045c38.jpg,pothrgbd,close_up,train,1,0,pothrgbd_228
pothrgbd_20250227_191936_color_png.rf.e923507811d2522ce4c7ac55a3e437ae.jpg,pothrgbd,close_up,train,1,0,pothrgbd_229
pothrgbd_20250227_192043_color_png.rf.d1f301a132b01fd6479b596f7729fc8d.jpg,pothrgbd,close_up,train,1,0,pothrgbd_230
pothrgbd_20250227_192501_color_png.rf.594545ab8e5dee2b6283325068d85a14.jpg,pothrgbd,close_up,train,1,0,pothrgbd_231
pothrgbd_20250305_021140_color_png.rf.345ecf4e21d01f080decab07d9c7ec4f.jpg,pothrgbd,close_up,val,1,0,pothrgbd_232
pothrgbd_20250305_021257_color_png.rf.478bbb61a993c34c58c9219b170a50a9.jpg,pothrgbd,close_up,train,1,0,pothrgbd_233
pothrgbd_20250305_021453_color_png.rf.b1ff1db258f84fabc27a1d1bac527ffb.jpg,pothrgbd,close_up,train,1,0,pothrgbd_234
pothrgbd_20250305_021612_color_png.rf.c52dd40c162c8fbe9e1e248bc94d3c72.jpg,pothrgbd,close_up,train,1,0,pothrgbd_235
pothrgbd_20250305_021640_color_png.rf.9f02d8269a1c8526dd7eca82ae983267.jpg,pothrgbd,close_up,train,1,0,pothrgbd_236
pothrgbd_20250305_021757_color_png.rf.8e44f95d4ac1c18b02b69125bb0794f4.jpg,pothrgbd,close_up,test,1,0,pothrgbd_237
pothrgbd_20250305_021805_color_png.rf.7b4d2431fc11092bb4c1bdf5824c945f.jpg,pothrgbd,close_up,val,1,0,pothrgbd_238
pothrgbd_20250305_021844_color_png.rf.2faacc2ce8c2fe45b3c280a840b79f1a.jpg,pothrgbd,close_up,test,1,0,pothrgbd_239
pothrgbd_20250305_022052_color_png.rf.08bc4f8b68ad832629cd1228c718a1ea.jpg,pothrgbd,close_up,val,1,0,pothrgbd_240
pothrgbd_20250305_022135_color_png.rf.d63e6c77cf045cda5d83bfef264b1eb0.jpg,pothrgbd,close_up,train,1,0,pothrgbd_241
pothrgbd_20250305_022251_color_png.rf.4b57f83ac77b5b7b0f75565ffa6b5f1e.jpg,pothrgbd,close_up,train,1,0,pothrgbd_242
pothrgbd_20250305_022335_color_png.rf.579aba51da0bdc5c094ee9ea8ac138ef.jpg,pothrgbd,close_up,train,1,0,pothrgbd_243
pothrgbd_20250305_022608_color_png.rf.67a5b9e7db3b72cb230a58e927abe31e.jpg,pothrgbd,close_up,test,1,0,pothrgbd_244
pothrgbd_20250305_023142_color_png.rf.c7d225effb3be33fdd98faa302b65250.jpg,pothrgbd,close_up,val,1,0,pothrgbd_245
pothrgbd_20250305_023226_color_png.rf.9da2b16defb3637d8cdcfa1451bebd77.jpg,pothrgbd,close_up,train,1,0,pothrgbd_246
pothrgbd_20250305_023916_color_png.rf.1a01aa83bd403726912c264ad424abdf.jpg,pothrgbd,close_up,train,1,0,pothrgbd_247
pothrgbd_20250305_024047_color_png.rf.7c34ce2cc251d8b46e82c5457cf323b9.jpg,pothrgbd,close_up,train,1,0,pothrgbd_248
pothrgbd_20250305_024332_color_png.rf.c894a791ee08df2eef999c7ef9297f11.jpg,pothrgbd,close_up,test,1,0,pothrgbd_249
pothrgbd_20250305_024357_color_png.rf.7289856c415076414a8935512dd64e80.jpg,pothrgbd,close_up,train,1,0,pothrgbd_250
pothrgbd_20250305_024625_color_png.rf.746b044bf79cb9a6e339504e2f889640.jpg,pothrgbd,close_up,train,1,0,pothrgbd_251
pothrgbd_20250305_024941_color_png.rf.257f41d44ccc924f8b1b2d172c694c0b.jpg,pothrgbd,close_up,train,1,0,pothrgbd_252
pothrgbd_20250305_025000_color_png.rf.bc8737bb15b44f57e025b7f52a487220.jpg,pothrgbd,close_up,train,1,0,pothrgbd_253
pothrgbd_20250305_025031_color_png.rf.798bc01da9552c18082a299ca545dfef.jpg,pothrgbd,close_up,val,1,0,pothrgbd_254
pothrgbd_20250305_025744_color_png.rf.d57d7fba84ae05b41ec57fcce1634ba6.jpg,pothrgbd,close_up,test,1,0,pothrgbd_255
pothrgbd_20250305_031236_color_png.rf.9ca9f87b2018d1b54e2c8aae90e06adc.jpg,pothrgbd,close_up,test,1,0,pothrgbd_256
pothrgbd_20250305_031258_color_png.rf.76653c048ff1d427de9f1a9c7a3fd9a6.jpg,pothrgbd,close_up,train,1,0,pothrgbd_257
pothrgbd_20250305_031304_color_png.rf.4a1566581d9f76525b39ab7e6f89f36a.jpg,pothrgbd,close_up,train,1,0,pothrgbd_258
pothrgbd_20250305_031324_color_png.rf.cac0d79c9689c6faad945d926dc8346c.jpg,pothrgbd,close_up,train,1,0,pothrgbd_259
pothrgbd_20250305_031353_color_png.rf.05812a9b3375a8fa4bd7fe2e106c081f.jpg,pothrgbd,close_up,test,1,0,pothrgbd_260
pothrgbd_20250305_031407_color_png.rf.61d3345293ded01f18cd643255b35958.jpg,pothrgbd,close_up,test,1,0,pothrgbd_261
pothrgbd_20250305_031412_color_png.rf.526be99da8b6ba2d04b55d3052bffe88.jpg,pothrgbd,close_up,train,1,0,pothrgbd_262
pothrgbd_20250305_031608_color_png.rf.6a1dfa46e9a536ca80387d35acd55033.jpg,pothrgbd,close_up,test,1,0,pothrgbd_263
pothrgbd_20250305_033147_color_png.rf.762313754c93fbbe1652666b5eea6732.jpg,pothrgbd,close_up,train,1,0,pothrgbd_264
pothrgbd_20250305_034016_color_png.rf.f67706e42bb9995757c3dd064ac0d7a9.jpg,pothrgbd,close_up,train,1,0,pothrgbd_265
pothrgbd_20250305_034055_color_png.rf.a1f0ef59b52199725e4ceeac41be7c77.jpg,pothrgbd,close_up,train,1,0,pothrgbd_266
pothrgbd_20250305_034145_color_png.rf.31312e99a47d0702dbf2646470b88e83.jpg,pothrgbd,close_up,train,1,0,pothrgbd_267
pothrgbd_20250305_034328_color_png.rf.325cfd2f79ccc7b6b9a68454d4bce801.jpg,pothrgbd,close_up,train,1,0,pothrgbd_268
pothrgbd_20250305_034430_color_png.rf.06fc3077e1b8155e87a62960e61077d8.jpg,pothrgbd,close_up,train,1,0,pothrgbd_269
pothrgbd_20250305_034515_color_png.rf.eaf94a5ed0a848454b62f7e9bd07455e.jpg,pothrgbd,close_up,train,2,0,pothrgbd_270
pothrgbd_20250305_034602_color_png.rf.d4d4d03213e892069da5e8309cec4d55.jpg,pothrgbd,close_up,train,1,0,pothrgbd_271
pothrgbd_20250305_034719_color_png.rf.5b3c002df3aefb8a3dd919c39cbefbb0.jpg,pothrgbd,close_up,train,1,0,pothrgbd_272
pothrgbd_20250305_034917_color_png.rf.9b94914df97f9b4d4def641620dbcda6.jpg,pothrgbd,close_up,train,1,0,pothrgbd_273
pothrgbd_20250305_034930_color_png.rf.5e481e145f86bf14a15d3351d7d8c606.jpg,pothrgbd,close_up,val,1,0,pothrgbd_274
pothrgbd_20250305_035042_color_png.rf.642d732b286018fdf1c10b7f3332babf.jpg,pothrgbd,close_up,test,1,0,pothrgbd_275
pothrgbd_20250305_035108_color_png.rf.1253d1ba9bb6425397ebb289b5d2dc32.jpg,pothrgbd,close_up,train,1,0,pothrgbd_276
pothrgbd_20250305_035126_color_png.rf.4253ddd5fb5ce1d3ae1d11b74041255c.jpg,pothrgbd,close_up,test,1,0,pothrgbd_277
pothrgbd_20250305_035536_color_png.rf.6f322db458e7361d916163f8b5d5a690.jpg,pothrgbd,close_up,train,1,0,pothrgbd_278
pothrgbd_20250305_035554_color_png.rf.63e226c97f00a8b72e2b9a23f0e49b4b.jpg,pothrgbd,close_up,train,1,0,pothrgbd_279
pothrgbd_20250305_035709_color_png.rf.bd0032bcc784f25091527c80b8c9cb82.jpg,pothrgbd,close_up,test,1,0,pothrgbd_280
pothrgbd_20250305_035737_color_png.rf.c9c671dbc8f699b60baf863ba512180b.jpg,pothrgbd,close_up,train,1,0,pothrgbd_281
pothrgbd_20250305_035753_color_png.rf.e4214abfd8f7a5ce3c4d00a73116ccb6.jpg,pothrgbd,close_up,train,1,0,pothrgbd_282
pothrgbd_20250305_040158_color_png.rf.49301e790972ac3e3f8971dba6af06c5.jpg,pothrgbd,close_up,test,1,0,pothrgbd_283
pothrgbd_20250305_040307_color_png.rf.becd6bee2821fddbe98d09c9624a1820.jpg,pothrgbd,close_up,train,1,0,pothrgbd_284
pothrgbd_20250305_040311_color_png.rf.7ba8f2faaaafea9bcb2001eecb751d50.jpg,pothrgbd,close_up,train,1,0,pothrgbd_285
pothrgbd_20250305_040423_color_png.rf.8011c29101d664dd7bb92395812f2349.jpg,pothrgbd,close_up,test,1,0,pothrgbd_286
pothrgbd_20250305_040438_color_png.rf.de7d9a81eeed22388036f3c00627e3d1.jpg,pothrgbd,close_up,val,1,0,pothrgbd_287
pothrgbd_20250305_041332_color_png.rf.02ac0e8130dab6565574d4bff41423a4.jpg,pothrgbd,close_up,train,1,0,pothrgbd_288
pothrgbd_20250305_041341_color_png.rf.42fe377f79bf1fd964f2b6927b2ccdfe.jpg,pothrgbd,close_up,test,1,0,pothrgbd_289
pothrgbd_20250305_041507_color_png.rf.9159d8b59413f98b10d167a3689ab3cb.jpg,pothrgbd,close_up,train,1,0,pothrgbd_290
pothrgbd_20250305_041524_color_png.rf.7f9a4c6159a5b40b2c7ca7dab2a2faba.jpg,pothrgbd,close_up,train,1,0,pothrgbd_291
pothrgbd_20250305_041534_color_png.rf.709957f5b97dd6bde303de194d812dde.jpg,pothrgbd,close_up,train,1,0,pothrgbd_292
pothrgbd_20250305_041543_color_png.rf.1b022058d75d0a84b851621495307898.jpg,pothrgbd,close_up,train,1,0,pothrgbd_293
pothrgbd_20250305_041605_color_png.rf.e424b8551862ee5431b7d1136befe357.jpg,pothrgbd,close_up,train,1,0,pothrgbd_294
pothrgbd_20250305_041840_color_png.rf.fdc765c9c4a6f3469dfe7ae4fa959982.jpg,pothrgbd,close_up,test,1,0,pothrgbd_295
pothrgbd_20250305_042023_color_png.rf.16278b334ffb0589986f68ed3c7dca28.jpg,pothrgbd,close_up,train,1,0,pothrgbd_296
pothrgbd_20250305_042158_color_png.rf.5d7e4dc5c3319e5b58925e8d67a742e9.jpg,pothrgbd,close_up,val,1,0,pothrgbd_297
pothrgbd_20250305_042307_color_png.rf.578d56b3cbf8fc3c00d3e4fc8d5c9151.jpg,pothrgbd,close_up,test,1,0,pothrgbd_298
pothrgbd_20250305_042433_color_png.rf.91b9314812491d4d1e14a4803d674429.jpg,pothrgbd,close_up,train,1,0,pothrgbd_299
pothrgbd_20250305_042445_color_png.rf.8f99693a03b211154d9cb6e875a9baab.jpg,pothrgbd,close_up,train,1,0,pothrgbd_300
pothrgbd_20250305_042621_color_png.rf.104935bfe066381f521e14b560bca337.jpg,pothrgbd,close_up,train,1,0,pothrgbd_301
pothrgbd_20250305_042726_color_png.rf.680957993fda5cbfbc43063e4048b362.jpg,pothrgbd,close_up,train,1,0,pothrgbd_302
pothrgbd_20250305_042743_color_png.rf.60bf68c2112185464cbd6456c15e93f7.jpg,pothrgbd,close_up,val,1,0,pothrgbd_303
pothrgbd_20250305_042846_color_png.rf.c4e2fcda1e732b117e3afbff01cba649.jpg,pothrgbd,close_up,train,1,0,pothrgbd_304
pothrgbd_20250305_042951_color_png.rf.a3ae6586dc9ff89e44d441abf5a08249.jpg,pothrgbd,close_up,train,1,0,pothrgbd_305
pothrgbd_20250305_043049_color_png.rf.43f1a7d2fcf5a01cf97d8d4d47a25243.jpg,pothrgbd,close_up,train,1,0,pothrgbd_306
pothrgbd_20250305_043324_color_png.rf.469e2a0525660609113b9561b54b7b66.jpg,pothrgbd,close_up,train,1,0,pothrgbd_307
pothrgbd_20250305_043451_color_png.rf.b8a5c80acc264afb3b7465489f604188.jpg,pothrgbd,close_up,train,1,0,pothrgbd_308
pothrgbd_20250305_043508_color_png.rf.6422110f33bec33d52f95a4cdc32ae1e.jpg,pothrgbd,close_up,train,1,0,pothrgbd_309
pothrgbd_20250305_043712_color_png.rf.55d9b546c4466a4116e8068566e5b70e.jpg,pothrgbd,close_up,train,1,0,pothrgbd_310
pothrgbd_20250305_043724_color_png.rf.d4a2da7cf043e43094c98abde922f83f.jpg,pothrgbd,close_up,train,1,0,pothrgbd_311
pothrgbd_20250305_043734_color_png.rf.c6317ac563956e02cc670b960db9f652.jpg,pothrgbd,close_up,train,1,0,pothrgbd_312
pothrgbd_20250305_043741_color_png.rf.9941ba5f87f82c0868bc83c36bcfb515.jpg,pothrgbd,close_up,train,1,0,pothrgbd_313
pothrgbd_20250305_043912_color_png.rf.39adf42ef70a2031a1ea6ae53ff3aa30.jpg,pothrgbd,close_up,val,1,0,pothrgbd_314
pothrgbd_20250305_045139_color_png.rf.cfdf35da5360c85f4b3933b07b7ad95b.jpg,pothrgbd,close_up,test,1,0,pothrgbd_315
pothrgbd_20250305_045148_color_png.rf.44cd6e2a03eb78fde509be0800ac0553.jpg,pothrgbd,close_up,test,1,0,pothrgbd_316
pothrgbd_20250305_045156_color_png.rf.858c02e49843e5feb7a8374afefce995.jpg,pothrgbd,close_up,train,1,0,pothrgbd_317
pothrgbd_20250305_045213_color_png.rf.60c0799306416bafead8523430b848e6.jpg,pothrgbd,close_up,train,1,0,pothrgbd_318
pothrgbd_20250305_045321_color_png.rf.73b59563933e34c2a6efeca56617cfed.jpg,pothrgbd,close_up,train,1,0,pothrgbd_319
pothrgbd_20250305_045413_color_png.rf.93bb9d4f749afeacdc7dffafd7c28287.jpg,pothrgbd,close_up,train,1,0,pothrgbd_320
pothrgbd_20250305_045439_color_png.rf.89cd94f1cb1df1838f67431bcc7c3e39.jpg,pothrgbd,close_up,val,1,0,pothrgbd_321
pothrgbd_20250305_045702_color_png.rf.910353e07cbd80f756caa858f2769bf9.jpg,pothrgbd,close_up,train,1,0,pothrgbd_322
pothrgbd_20250305_045711_color_png.rf.e7120e0c308554901563e8473da9fdfb.jpg,pothrgbd,close_up,train,1,0,pothrgbd_323
pothrgbd_20250305_045716_color_png.rf.df5ffb5e034f129034d357ffecaabf87.jpg,pothrgbd,close_up,train,1,0,pothrgbd_324
pothrgbd_20250305_045719_color_png.rf.34f059f84b03ca5eb79e892363c12149.jpg,pothrgbd,close_up,val,1,0,pothrgbd_325
pothrgbd_20250305_045744_color_png.rf.94a1cfdb701bb7b5bd2d2edc000f7991.jpg,pothrgbd,close_up,train,1,0,pothrgbd_326
pothrgbd_20250305_045812_color_png.rf.91e97791e69429804f136a98696a1373.jpg,pothrgbd,close_up,val,1,0,pothrgbd_327
pothrgbd_20250305_045853_color_png.rf.578314d0e1e8cebf3e6de08e268fc980.jpg,pothrgbd,close_up,test,1,0,pothrgbd_328
pothrgbd_20250305_045928_color_png.rf.b27347e8c5fa50a970182ab8f278b17c.jpg,pothrgbd,close_up,train,1,0,pothrgbd_329
pothrgbd_20250305_045931_color_png.rf.fcf6234fc4b7ab572508731050c39f25.jpg,pothrgbd,close_up,train,2,0,pothrgbd_330
pothrgbd_20250305_045952_color_png.rf.18e7efc3644c742e1c38ed4da38e6a3b.jpg,pothrgbd,close_up,train,1,0,pothrgbd_331
pothrgbd_20250305_050031_color_png.rf.3c235b7b305bf3a1ca6a98ccd15f7859.jpg,pothrgbd,close_up,train,1,0,pothrgbd_332
pothrgbd_20250305_050128_color_png.rf.2d1fe34db2b30396752b32e3c00bb5b3.jpg,pothrgbd,close_up,val,1,0,pothrgbd_333
pothrgbd_20250305_050151_color_png.rf.3a9fe7d0cef549bff762fa6724796f93.jpg,pothrgbd,close_up,val,1,0,pothrgbd_334
pothrgbd_20250305_050241_color_png.rf.d459d35d0c03a1a2339c4cb704c149f8.jpg,pothrgbd,close_up,train,1,0,pothrgbd_335
pothrgbd_20250305_050340_color_png.rf.b33773aa7e0b07140d8a6ab76196fb1b.jpg,pothrgbd,close_up,train,1,0,pothrgbd_336
pothrgbd_20250305_050343_color_png.rf.3dd5722d597515029fe5beaed1fdb021.jpg,pothrgbd,close_up,val,1,0,pothrgbd_337
pothrgbd_20250305_050349_color_png.rf.5daa34f05127b45ca959f12711d14a18.jpg,pothrgbd,close_up,train,1,0,pothrgbd_338
pothrgbd_20250305_050357_color_png.rf.b971edf5058ae57187c9ed5a14bff387.jpg,pothrgbd,close_up,val,1,0,pothrgbd_339
pothrgbd_20250305_050424_color_png.rf.05d01f62e9ff1cb0c7e62a1b97230dad.jpg,pothrgbd,close_up,test,1,0,pothrgbd_340
pothrgbd_20250305_050527_color_png.rf.19f90b434ce65ad36f1c59188dfed457.jpg,pothrgbd,close_up,train,1,0,pothrgbd_341
pothrgbd_20250305_050811_color_png.rf.bc62616ff9ea616cf8317dc4360e4b7e.jpg,pothrgbd,close_up,train,1,0,pothrgbd_342
pothrgbd_20250305_050817_color_png.rf.037fc96cf3c37340950a72bfe73e0c43.jpg,pothrgbd,close_up,test,1,0,pothrgbd_343
pothrgbd_20250305_050841_color_png.rf.4e8a02072db06a27b7d3a287ca05b4bf.jpg,pothrgbd,close_up,val,1,0,pothrgbd_344
pothrgbd_20250305_051101_color_png.rf.2299ea2130cf1efa4e10c35871c136df.jpg,pothrgbd,close_up,train,1,0,pothrgbd_345
pothrgbd_20250305_051245_color_png.rf.61515685d03c5a0376562c6a40923d79.jpg,pothrgbd,close_up,train,1,0,pothrgbd_346
pothrgbd_20250305_052012_color_png.rf.267031473fa45ddc8f70f325a8395865.jpg,pothrgbd,close_up,train,1,0,pothrgbd_347
pothrgbd_20250305_052031_color_png.rf.a9cbc4011cef2bde3af0449e0598516f.jpg,pothrgbd,close_up,test,1,0,pothrgbd_348
pothrgbd_20250305_052046_color_png.rf.53176026dc4712840231e665456da973.jpg,pothrgbd,close_up,test,1,0,pothrgbd_349
pothrgbd_20250305_052209_color_png.rf.2bb85d509103feee3e432829ee16110d.jpg,pothrgbd,close_up,train,1,0,pothrgbd_350
pothrgbd_20250305_052214_color_png.rf.dc8753a5034fdc521fdba0fb95da918d.jpg,pothrgbd,close_up,train,1,0,pothrgbd_351
pothrgbd_20250305_052348_color_png.rf.20b9e845ea0cbd595279da42a2f670a5.jpg,pothrgbd,close_up,train,1,0,pothrgbd_352
pothrgbd_20250305_052412_color_png.rf.58fdf592f413ffda14be5e1701f80350.jpg,pothrgbd,close_up,train,1,0,pothrgbd_353
pothrgbd_20250305_052417_color_png.rf.4716b6df5808d51442bbfeec1cbc1993.jpg,pothrgbd,close_up,val,1,0,pothrgbd_354
pothrgbd_20250305_052425_color_png.rf.bd7f21fc6aa28776be1c06423ee15e6b.jpg,pothrgbd,close_up,train,1,0,pothrgbd_355
pothrgbd_20250305_052434_color_png.rf.bde49451b9dec982655c55c6cfb7a1f7.jpg,pothrgbd,close_up,test,1,0,pothrgbd_356
pothrgbd_20250305_052438_color_png.rf.f8643f6c032050fd262ac378140f3c42.jpg,pothrgbd,close_up,val,1,0,pothrgbd_357
pothrgbd_20250305_052507_color_png.rf.95de3a03136978f8aff629b6cd3db29a.jpg,pothrgbd,close_up,train,1,0,pothrgbd_358
pothrgbd_20250305_052509_color_png.rf.3265f335fc0328dd5d676a5f6190dbad.jpg,pothrgbd,close_up,train,1,0,pothrgbd_359
pothrgbd_20250305_052514_color_png.rf.8138543616f6c43bd40d3e25758d66d9.jpg,pothrgbd,close_up,train,1,0,pothrgbd_360
pothrgbd_20250305_052530_color_png.rf.f7e16fa220283fd6bb3628cc16b75819.jpg,pothrgbd,close_up,train,1,0,pothrgbd_361
pothrgbd_20250305_052544_color_png.rf.e42885dcd987eda8af85bc91a14fdfb0.jpg,pothrgbd,close_up,test,1,0,pothrgbd_362
pothrgbd_20250305_052609_color_png.rf.0b72b01d59949d16eaf70cff9e819509.jpg,pothrgbd,close_up,train,1,0,pothrgbd_363
pothrgbd_20250305_052623_color_png.rf.41f98b9a4e312ac3acd7b65c95449688.jpg,pothrgbd,close_up,train,1,0,pothrgbd_364
pothrgbd_20250305_052703_color_png.rf.12adf4026d9b18dbc0c37d328b3db322.jpg,pothrgbd,close_up,train,1,0,pothrgbd_365
pothrgbd_20250305_052726_color_png.rf.0a39f165a0dc80f93400a9e33bfe351d.jpg,pothrgbd,close_up,train,1,0,pothrgbd_366
pothrgbd_20250305_052731_color_png.rf.3ee2b7cfa3d2c1788d543d62109bd201.jpg,pothrgbd,close_up,val,1,0,pothrgbd_367
pothrgbd_20250305_052830_color_png.rf.8453b050bb2ad72fa68586edc6abafcf.jpg,pothrgbd,close_up,train,1,0,pothrgbd_368
pothrgbd_20250305_052837_color_png.rf.05060a65cb4e6b11e2a51c18370b26c8.jpg,pothrgbd,close_up,train,1,0,pothrgbd_369
pothrgbd_20250305_052911_color_png.rf.da554ce5bd12d61e9fb2617c305c64e0.jpg,pothrgbd,close_up,train,1,0,pothrgbd_370
pothrgbd_20250305_052959_color_png.rf.f0e1c5d5584b7dd2b87a1cf91a61c9c0.jpg,pothrgbd,close_up,train,1,0,pothrgbd_371
pothrgbd_20250305_053002_color_png.rf.d6bb049a8398875c8f0c52f3c6aa0534.jpg,pothrgbd,close_up,train,1,0,pothrgbd_372
pothrgbd_20250305_053008_color_png.rf.b85db35cbbd9a682710003b2ae1d7d10.jpg,pothrgbd,close_up,test,1,0,pothrgbd_373
pothrgbd_20250305_053034_color_png.rf.12a346c5ad5feb46b42a58e836e3402a.jpg,pothrgbd,close_up,train,1,0,pothrgbd_374
pothrgbd_20250305_053041_color_png.rf.2ca65aad5a6a9edd64699b530d8b6fea.jpg,pothrgbd,close_up,train,1,0,pothrgbd_375
pothrgbd_20250305_053058_color_png.rf.6eebce6bddf583dd3ae7899b64dabc09.jpg,pothrgbd,close_up,test,1,0,pothrgbd_376
pothrgbd_20250305_053112_color_png.rf.d4aef9fdacb63ea12581a2c0217a7ac4.jpg,pothrgbd,close_up,val,1,0,pothrgbd_377
pothrgbd_20250305_053130_color_png.rf.2e9554cf33da337bc1cb700358b0c330.jpg,pothrgbd,close_up,train,1,0,pothrgbd_378
pothrgbd_20250305_053221_color_png.rf.c38138b916fd820f187ac15f455f6aac.jpg,pothrgbd,close_up,train,1,0,pothrgbd_379
pothrgbd_20250305_053230_color_png.rf.62f369832e4579275e505af2263aa0e8.jpg,pothrgbd,close_up,train,1,0,pothrgbd_380
pothrgbd_20250305_053246_color_png.rf.2f47cd93313249d3e0680d64e2f2e89a.jpg,pothrgbd,close_up,test,1,0,pothrgbd_381
pothrgbd_20250305_053309_color_png.rf.98c67e46f0c9195c064248486bed35a1.jpg,pothrgbd,close_up,train,1,0,pothrgbd_382
pothrgbd_20250305_053324_color_png.rf.a3d6fc958528aa5d856b8d275a1e8cf5.jpg,pothrgbd,close_up,train,1,0,pothrgbd_383
pothrgbd_20250305_053332_color_png.rf.418baf1ada201445c7dce7c8ce99fecc.jpg,pothrgbd,close_up,train,1,0,pothrgbd_384
pothrgbd_20250305_053421_color_png.rf.db3b902c2539bd942395f351f57d9bb2.jpg,pothrgbd,close_up,val,1,0,pothrgbd_385
pothrgbd_20250305_053447_color_png.rf.35205404515e250acf1bf58dc713c361.jpg,pothrgbd,close_up,val,1,0,pothrgbd_386
pothrgbd_20250305_053503_color_png.rf.845b424beffc16414e1d80975f2b11a8.jpg,pothrgbd,close_up,train,1,0,pothrgbd_387
pothrgbd_20250305_053506_color_png.rf.09572a372e3a926546046cfbaa0860a4.jpg,pothrgbd,close_up,test,1,0,pothrgbd_388
pothrgbd_20250305_053526_color_png.rf.c4a1f59fbef6bbec2eab2ceffdc9ffa1.jpg,pothrgbd,close_up,train,1,0,pothrgbd_389
pothrgbd_20250305_053543_color_png.rf.1c0315b4cdd1feeb456979988900ffe5.jpg,pothrgbd,close_up,test,1,0,pothrgbd_390
pothrgbd_20250305_053551_color_png.rf.0fca0fac85aecebaf5648f90610b5e73.jpg,pothrgbd,close_up,train,1,0,pothrgbd_391
pothrgbd_20250305_053555_color_png.rf.e239fd3477aaca710654912cb3dbf12e.jpg,pothrgbd,close_up,train,1,0,pothrgbd_392
pothrgbd_20250305_053624_color_png.rf.bf2c338778bc7ab15bd0e7b306014c51.jpg,pothrgbd,close_up,test,1,0,pothrgbd_393
pothrgbd_20250305_053631_color_png.rf.cc57e966f89682e879e90229b3aed43d.jpg,pothrgbd,close_up,test,1,0,pothrgbd_394
pothrgbd_20250305_053636_color_png.rf.c23427a812e2994019400ed28182880c.jpg,pothrgbd,close_up,train,1,0,pothrgbd_395
pothrgbd_20250305_053651_color_png.rf.64c566a57733177a3e0e627143a42c01.jpg,pothrgbd,close_up,train,1,0,pothrgbd_396
pothrgbd_20250305_053657_color_png.rf.abf156ce8b2b178098ea01ee5fb78c11.jpg,pothrgbd,close_up,train,1,0,pothrgbd_397
pothrgbd_20250305_053709_color_png.rf.0d769c9cd7bdf5ce1164d5498ae80f88.jpg,pothrgbd,close_up,val,1,0,pothrgbd_398
pothrgbd_20250305_053732_color_png.rf.84b1a370feb07fc20648afca2349394f.jpg,pothrgbd,close_up,train,1,0,pothrgbd_399
pothrgbd_20250305_053753_color_png.rf.851bdd831d31a02dc61859ade85fbfe9.jpg,pothrgbd,close_up,train,1,0,pothrgbd_400
pothrgbd_20250305_053803_color_png.rf.7c5434cd551e9d42a9b5df82b3cdfd5b.jpg,pothrgbd,close_up,train,1,0,pothrgbd_401
pothrgbd_20250305_053817_color_png.rf.80b1b79c0e58599b578ca41fd1542e83.jpg,pothrgbd,close_up,train,1,0,pothrgbd_402
pothrgbd_20250305_053826_color_png.rf.93eff596ee1304dc3dedb3c9c0ca293b.jpg,pothrgbd,close_up,train,1,0,pothrgbd_403
pothrgbd_20250305_053902_color_png.rf.79bb89e4c0d4e5777477467f62a3f6b7.jpg,pothrgbd,close_up,train,1,0,pothrgbd_404
pothrgbd_20250305_053907_color_png.rf.249f0db10538b11ee7a2a8ccd0f6fed1.jpg,pothrgbd,close_up,train,1,0,pothrgbd_405
pothrgbd_20250305_053910_color_png.rf.d033d898a16333282cc08007272c4f39.jpg,pothrgbd,close_up,val,1,0,pothrgbd_406
pothrgbd_20250305_053919_color_png.rf.98b7c6e13438b75086050a1ece7582ef.jpg,pothrgbd,close_up,train,1,0,pothrgbd_407
pothrgbd_20250305_053937_color_png.rf.054e4fc1cfacf32a34446b7b25d35d50.jpg,pothrgbd,close_up,val,1,0,pothrgbd_408
pothrgbd_20250305_053943_color_png.rf.5db9d341a79ba7983b980d538008b681.jpg,pothrgbd,close_up,train,1,0,pothrgbd_409
pothrgbd_20250305_054000_color_png.rf.b586e4e57364c2d3f03361a849e3cef2.jpg,pothrgbd,close_up,train,1,0,pothrgbd_410
pothrgbd_20250305_054019_color_png.rf.7712dee714c683ae2901a9dbfb2ec045.jpg,pothrgbd,close_up,val,1,0,pothrgbd_411
pothrgbd_20250305_054030_color_png.rf.65ba29dd1fdf5fe427705eeb981e04a5.jpg,pothrgbd,close_up,train,1,0,pothrgbd_412
pothrgbd_20250305_054104_color_png.rf.b6ca0a39c25b74476551a728cde859ac.jpg,pothrgbd,close_up,train,1,0,pothrgbd_413
pothrgbd_20250305_054116_color_png.rf.53de66431359c9e486cadb0ff892b6be.jpg,pothrgbd,close_up,val,1,0,pothrgbd_414
pothrgbd_20250305_054140_color_png.rf.5d3f4acf48115696d5b713e17b83fb9e.jpg,pothrgbd,close_up,train,1,0,pothrgbd_415
pothrgbd_20250305_054144_color_png.rf.55e194f9887a611f5f53954ea3e989cf.jpg,pothrgbd,close_up,train,1,0,pothrgbd_416
pothrgbd_20250305_054159_color_png.rf.0b12606fcbd02560a7f0dcf5ef41826d.jpg,pothrgbd,close_up,train,1,0,pothrgbd_417
pothrgbd_20250305_054214_color_png.rf.db4896875123ae7f1110da382606ea7f.jpg,pothrgbd,close_up,test,1,0,pothrgbd_418
pothrgbd_20250305_054221_color_png.rf.36632559b3b793a7ad69a9cb14a9a942.jpg,pothrgbd,close_up,train,1,0,pothrgbd_419
pothrgbd_20250305_054230_color_png.rf.029f672914d8f4cb9aaf4b9b8d66395d.jpg,pothrgbd,close_up,train,1,0,pothrgbd_420
pothrgbd_20250305_054319_color_png.rf.cedf064b57880cf1702966a9ade1f3f5.jpg,pothrgbd,close_up,train,1,0,pothrgbd_421
pothrgbd_20250305_054335_color_png.rf.b9487466a81938f62b175a185f3b2985.jpg,pothrgbd,close_up,train,1,0,pothrgbd_422
pothrgbd_20250305_054517_color_png.rf.f356fc4650bfd07d179966d9a3d79e15.jpg,pothrgbd,close_up,train,1,0,pothrgbd_423
pothrgbd_20250305_054557_color_png.rf.886a185e04d03187ad8a131685619748.jpg,pothrgbd,close_up,train,1,0,pothrgbd_424
pothrgbd_20250305_054607_color_png.rf.dfa00b94657c3c253ae22a404ea76a96.jpg,pothrgbd,close_up,train,1,0,pothrgbd_425
pothrgbd_20250305_054618_color_png.rf.d06701b77f0fcc14508e2ee3cdb5db86.jpg,pothrgbd,close_up,train,1,0,pothrgbd_426
pothrgbd_20250305_054625_color_png.rf.3e80efae0fe67136e28e45cac0457569.jpg,pothrgbd,close_up,test,1,0,pothrgbd_427
pothrgbd_20250305_054700_color_png.rf.bf7bef51d810141efa0de1d821793486.jpg,pothrgbd,close_up,train,1,0,pothrgbd_428
pothrgbd_20250305_054719_color_png.rf.8269ba084c47c9007f895d6d88f90f74.jpg,pothrgbd,close_up,train,1,0,pothrgbd_429
pothrgbd_20250305_054753_color_png.rf.5cc2c85d8678f9414ccf8ea1d1e858b0.jpg,pothrgbd,close_up,train,1,0,pothrgbd_430
pothrgbd_20250305_054809_color_png.rf.700e8ea3a0be6edb277725929000480d.jpg,pothrgbd,close_up,train,1,0,pothrgbd_431
pothrgbd_20250305_054850_color_png.rf.f65e6591890f8c0bb8216265efd76890.jpg,pothrgbd,close_up,val,1,0,pothrgbd_432
pothrgbd_20250305_054900_color_png.rf.d141b5c773966dae52a8301e332dd557.jpg,pothrgbd,close_up,train,1,0,pothrgbd_433
pothrgbd_20250305_054917_color_png.rf.4a2815344a7ffd26b1b8765a9d7fb855.jpg,pothrgbd,close_up,test,1,0,pothrgbd_434
pothrgbd_20250305_054930_color_png.rf.6d1d48ca87d2ca33336ea9cba5602418.jpg,pothrgbd,close_up,train,1,0,pothrgbd_435
pothrgbd_20250305_054953_color_png.rf.45f910aba1595fb461016bfcf8b8b884.jpg,pothrgbd,close_up,test,1,0,pothrgbd_436
pothrgbd_20250305_054958_color_png.rf.7e334374b21d24b060625649c65f0b12.jpg,pothrgbd,close_up,train,1,0,pothrgbd_437
pothrgbd_20250305_055009_color_png.rf.dac3d22966146b356f4e15cde36a51cb.jpg,pothrgbd,close_up,val,1,0,pothrgbd_438
pothrgbd_20250305_055020_color_png.rf.52c0159b52be212d6bc7b9a75c23d0fc.jpg,pothrgbd,close_up,train,1,0,pothrgbd_439
pothrgbd_20250305_055112_color_png.rf.7d4b4d2e54d98b01d0312c7c22b2e5b3.jpg,pothrgbd,close_up,train,1,0,pothrgbd_440
pothrgbd_20250305_055147_color_png.rf.c80295b3b4b3019e0a8ee704abc2e55e.jpg,pothrgbd,close_up,train,1,0,pothrgbd_441
pothrgbd_20250305_055152_color_png.rf.2af4fd3106066bd6a7a1c6fc4ccce543.jpg,pothrgbd,close_up,train,1,0,pothrgbd_442
pothrgbd_20250305_055210_color_png.rf.8e6b1b3a9721b2b19c3139b513702fcf.jpg,pothrgbd,close_up,train,1,0,pothrgbd_443
pothrgbd_20250305_055220_color_png.rf.8048f3c3cb053848ea5eaf32af9e2e27.jpg,pothrgbd,close_up,train,2,0,pothrgbd_444
pothrgbd_20250305_055230_color_png.rf.f029e0e1fb714d9881e6c36457b40628.jpg,pothrgbd,close_up,train,1,0,pothrgbd_445
pothrgbd_20250305_055243_color_png.rf.f75f5d2cf8b5c4ba7bb0690ac16898ef.jpg,pothrgbd,close_up,test,1,0,pothrgbd_446
pothrgbd_20250305_055253_color_png.rf.94438877a2abd64e84e1c2f0ece81919.jpg,pothrgbd,close_up,train,1,0,pothrgbd_447
pothrgbd_20250305_055325_color_png.rf.3b20901b0e75292af927b54aa99fb864.jpg,pothrgbd,close_up,train,1,0,pothrgbd_448
pothrgbd_20250305_055425_color_png.rf.e840253d084a7f546841c7d4d6c6d44b.jpg,pothrgbd,close_up,test,1,0,pothrgbd_449
pothrgbd_20250305_055452_color_png.rf.bcbd1e6495d9b5050c6132c008db557d.jpg,pothrgbd,close_up,train,2,0,pothrgbd_450
pothrgbd_20250305_055524_color_png.rf.d52f5d77f7fb25a064241bdc1e0036fe.jpg,pothrgbd,close_up,test,1,0,pothrgbd_451
pothrgbd_20250305_055645_color_png.rf.1c2058f8c9bbdb46050c95af7b5c919c.jpg,pothrgbd,close_up,train,1,0,pothrgbd_452
pothrgbd_20250305_055707_color_png.rf.7f4dd584a405638c2fddd74b7785978b.jpg,pothrgbd,close_up,train,1,0,pothrgbd_453
pothrgbd_20250305_055711_color_png.rf.a6d0b6f43a5e3a98e0d1fa2355f93bdf.jpg,pothrgbd,close_up,train,1,0,pothrgbd_454
pothrgbd_20250305_055718_color_png.rf.02e320a0dfd6d41d0667e6807e3f0853.jpg,pothrgbd,close_up,test,1,0,pothrgbd_455
pothrgbd_20250305_055727_color_png.rf.6558aab4644df691a12e664ed6d4c962.jpg,pothrgbd,close_up,train,1,0,pothrgbd_456
pothrgbd_20250305_055733_color_png.rf.007c583e4c315efa7e1e1803f62e7ba4.jpg,pothrgbd,close_up,train,1,0,pothrgbd_457
pothrgbd_20250305_055810_color_png.rf.1fc77342ae7b038f7e2f68a408820017.jpg,pothrgbd,close_up,val,1,0,pothrgbd_458
pothrgbd_20250305_055906_color_png.rf.3dc8de7f86e81d4edb610acc0e7d5b2c.jpg,pothrgbd,close_up,train,1,0,pothrgbd_459
pothrgbd_20250305_055923_color_png.rf.efe0d46d4c2d7281283f8b3ac78af84f.jpg,pothrgbd,close_up,val,1,0,pothrgbd_460
pothrgbd_20250305_055944_color_png.rf.73d1a5034de72901c01d358f25e36e53.jpg,pothrgbd,close_up,train,1,0,pothrgbd_461
pothrgbd_20250305_055950_color_png.rf.5e1c4d145b75b7164eb471a0a9a26766.jpg,pothrgbd,close_up,val,1,0,pothrgbd_462
pothrgbd_20250305_060007_color_png.rf.2f2105229cd48ce48fb2004bfc737f4d.jpg,pothrgbd,close_up,val,1,0,pothrgbd_463
pothrgbd_20250305_060013_color_png.rf.5c0741f6bffced85a21bed44272c4306.jpg,pothrgbd,close_up,train,1,0,pothrgbd_464
pothrgbd_20250305_060025_color_png.rf.600b9306348488df84aca5d149a65a6b.jpg,pothrgbd,close_up,test,1,0,pothrgbd_465
pothrgbd_20250305_060110_color_png.rf.18ec31419b9f446b4dd2ae9513184559.jpg,pothrgbd,close_up,train,1,0,pothrgbd_466
pothrgbd_20250305_060113_color_png.rf.7aafe81d8aee48ec738bde4a9abab6c2.jpg,pothrgbd,close_up,val,1,0,pothrgbd_467
pothrgbd_20250305_060116_color_png.rf.681a5ed24d7d122cef5ba9f64b0811f7.jpg,pothrgbd,close_up,train,1,0,pothrgbd_468
pothrgbd_20250305_060130_color_png.rf.429dd5a6529cb71314a5c9a369692a27.jpg,pothrgbd,close_up,train,1,0,pothrgbd_469
pothrgbd_20250305_060138_color_png.rf.8149e5071f16af88fb27bb51133173b2.jpg,pothrgbd,close_up,train,1,0,pothrgbd_470
pothrgbd_20250305_060155_color_png.rf.dce2969e596af57795bdc061d81a3f7f.jpg,pothrgbd,close_up,train,1,0,pothrgbd_471
pothrgbd_20250305_060227_color_png.rf.3e8abd22d1d911ff601724b37e1d4ec0.jpg,pothrgbd,close_up,val,1,0,pothrgbd_472
pothrgbd_20250305_060250_color_png.rf.b25c59c35f5f267abcbdf4bf7c853afe.jpg,pothrgbd,close_up,train,1,0,pothrgbd_473
pothrgbd_20250305_060305_color_png.rf.43d2f356abaacc87df73af3f9e6d8ccd.jpg,pothrgbd,close_up,train,1,0,pothrgbd_474
pothrgbd_20250305_060305_color_png.rf.f7f3fb9413d77f62d597b525c710ad2d.jpg,pothrgbd,close_up,train,1,0,pothrgbd_475
pothrgbd_20250305_060414_color_png.rf.311507fdb27baf6379385664a3cb4216.jpg,pothrgbd,close_up,train,1,0,pothrgbd_476
pothrgbd_20250305_060459_color_png.rf.2904718ef72f9e04e9f7fd429bf1eb9d.jpg,pothrgbd,close_up,train,1,0,pothrgbd_477
pothrgbd_20250305_060535_color_png.rf.a5a9a1dd8e8903bd2c24ddebfceb9441.jpg,pothrgbd,close_up,train,1,0,pothrgbd_478
pothrgbd_20250305_060539_color_png.rf.71b8ee929f8ef98c77ff19338114b107.jpg,pothrgbd,close_up,train,1,0,pothrgbd_479
pothrgbd_20250305_060604_color_png.rf.f13a6b5ea249e04811ad62f56288e6e9.jpg,pothrgbd,close_up,test,1,0,pothrgbd_480
pothrgbd_20250305_060649_color_png.rf.93c1562cd688b80e2acc8c50a1271a53.jpg,pothrgbd,close_up,train,1,0,pothrgbd_481
pothrgbd_20250305_060721_color_png.rf.309e4cbe865a9b2721e03896f1985344.jpg,pothrgbd,close_up,train,1,0,pothrgbd_482
pothrgbd_20250305_060729_color_png.rf.737357c23cfb22ce36210547aef32b41.jpg,pothrgbd,close_up,train,1,0,pothrgbd_483
pothrgbd_20250305_060928_color_png.rf.44acdec7ecf8eaeccc0562f190672329.jpg,pothrgbd,close_up,test,1,0,pothrgbd_484
pothrgbd_20250305_060935_color_png.rf.21028b9e81e2429aae109f8e0c5cc1b3.jpg,pothrgbd,close_up,val,1,0,pothrgbd_485
pothrgbd_20250305_061011_color_png.rf.97c917e65ec839a52c843169b8537563.jpg,pothrgbd,close_up,val,1,0,pothrgbd_486
pothrgbd_20250305_061029_color_png.rf.a6a8aba275d40f461394e263d99c27b7.jpg,pothrgbd,close_up,train,1,0,pothrgbd_487
pothrgbd_20250305_061043_color_png.rf.09d22699894f0860e711f23550eed217.jpg,pothrgbd,close_up,train,2,0,pothrgbd_488
pothrgbd_20250305_061103_color_png.rf.2ea619c875e799c58f1b6c7f34a07f57.jpg,pothrgbd,close_up,test,1,0,pothrgbd_489
pothrgbd_20250305_061138_color_png.rf.3b65b76010ee01dbed04905e7a41d74e.jpg,pothrgbd,close_up,val,1,0,pothrgbd_490
pothrgbd_20250305_061139_color_png.rf.f5b134470123888843f1ee2f50743946.jpg,pothrgbd,close_up,val,1,0,pothrgbd_491
pothrgbd_20250305_061208_color_png.rf.8659d8392a5de09be5e349727da6b93a.jpg,pothrgbd,close_up,train,1,0,pothrgbd_492
pothrgbd_20250305_061250_color_png.rf.6a2578262d1a791d594813cf334f6f7c.jpg,pothrgbd,close_up,val,1,0,pothrgbd_493
pothrgbd_20250305_061303_color_png.rf.5a8b186d4d48d0cf47120bf52d50e420.jpg,pothrgbd,close_up,test,1,0,pothrgbd_494
pothrgbd_20250305_061313_color_png.rf.b452e424e4bed96f217bc7de6ce68961.jpg,pothrgbd,close_up,train,1,0,pothrgbd_495
pothrgbd_20250305_061329_color_png.rf.2fb4c9a6808ea0707a1963ff672a5fad.jpg,pothrgbd,close_up,test,1,0,pothrgbd_496
pothrgbd_20250305_061340_color_png.rf.ce8e256c5283c391629612036634b702.jpg,pothrgbd,close_up,val,1,0,pothrgbd_497
pothrgbd_20250305_061347_color_png.rf.cd0452899d437d90c91f8f12fb33a01a.jpg,pothrgbd,close_up,train,1,0,pothrgbd_498
pothrgbd_20250305_061439_color_png.rf.cd878d8d0ba458be433880d92379f848.jpg,pothrgbd,close_up,train,1,0,pothrgbd_499
pothrgbd_20250305_061843_color_png.rf.85426218941d4708d19f46e183612d82.jpg,pothrgbd,close_up,train,1,0,pothrgbd_500
pothrgbd_20250305_062157_color_png.rf.ab97ce07073d87868ea99e678aecb342.jpg,pothrgbd,close_up,train,1,0,pothrgbd_501
pothrgbd_20250305_062228_color_png.rf.a23e2009aa9d92c3d93d597d11a75dab.jpg,pothrgbd,close_up,test,1,0,pothrgbd_502
pothrgbd_20250305_062247_color_png.rf.cd3bd55244384edab9e070ab2a577863.jpg,pothrgbd,close_up,train,1,0,pothrgbd_503
pothrgbd_20250305_062512_color_png.rf.83329bafd55a0fa8979bc6b614042abb.jpg,pothrgbd,close_up,train,1,0,pothrgbd_504
pothrgbd_20250305_062739_color_png.rf.c38f66bceceb43b5b5a76b5e618779e7.jpg,pothrgbd,close_up,test,1,0,pothrgbd_505
pothrgbd_20250305_063106_color_png.rf.2a5547f27e66352dec7c2d03f3b59542.jpg,pothrgbd,close_up,train,1,0,pothrgbd_506
pothrgbd_20250305_064858_color_png.rf.30b502e055bd935b5880c7a47594498f.jpg,pothrgbd,close_up,train,1,0,pothrgbd_507
pothrgbd_20250305_073146_color_png.rf.6ce49511bf4f41132d2ece10c25692db.jpg,pothrgbd,close_up,train,1,0,pothrgbd_508
pothrgbd_20250305_073152_color_png.rf.8424ea0f126804649e55207449eb6c6c.jpg,pothrgbd,close_up,val,1,0,pothrgbd_509
pothrgbd_20250305_073411_color_png.rf.37cafe3da0860dda30ab1e2b82ef08e1.jpg,pothrgbd,close_up,test,1,0,pothrgbd_510
pothrgbd_20250305_073451_color_png.rf.1df4a41784ba181162deaf84a9929c61.jpg,pothrgbd,close_up,train,1,0,pothrgbd_511
pothrgbd_20250305_073910_color_png.rf.6835619d6430beff9f945a28ff1e22e8.jpg,pothrgbd,close_up,train,1,0,pothrgbd_512
pothrgbd_20250305_074333_color_png.rf.02e81aa1a2bf2f4bc6547ac25161edd4.jpg,pothrgbd,close_up,val,1,0,pothrgbd_513
pothrgbd_20250305_074406_color_png.rf.530ece45a548a9a5d9845db5511b90b3.jpg,pothrgbd,close_up,train,1,0,pothrgbd_514
pothrgbd_20250305_074604_color_png.rf.700d6301293dd62c4fb15fdc4f17c827.jpg,pothrgbd,close_up,train,1,0,pothrgbd_515
pothrgbd_20250305_074621_color_png.rf.35242c7e71e5f049d0305dd49dbf7c59.jpg,pothrgbd,close_up,train,3,0,pothrgbd_516
pothrgbd_20250305_074730_color_png.rf.74bd8c97a7b4221f4f74c44a7c2d2d6a.jpg,pothrgbd,close_up,val,1,0,pothrgbd_517
pothrgbd_20250305_074929_color_png.rf.5bfbf237b785d42d475ff0a1ef38e04d.jpg,pothrgbd,close_up,val,1,0,pothrgbd_518
pothrgbd_20250305_075013_color_png.rf.04d5eb7356ca88b52f0ec91d3c3512c5.jpg,pothrgbd,close_up,train,1,0,pothrgbd_519
pothrgbd_20250305_075513_color_png.rf.784200ac880c94fa32f70e03df45c114.jpg,pothrgbd,close_up,train,1,0,pothrgbd_520
pothrgbd_20250305_080122_color_png.rf.8b081845ce25f378d2c6dc46f274b460.jpg,pothrgbd,close_up,test,1,0,pothrgbd_521
pothrgbd_20250305_080238_color_png.rf.fdae650fe5f992f972c6b360617cc2d7.jpg,pothrgbd,close_up,train,1,0,pothrgbd_522
pothrgbd_20250305_080503_color_png.rf.db8aebaa91b4d2382e7a0a87f2d894f3.jpg,pothrgbd,close_up,train,1,0,pothrgbd_523
pothrgbd_20250305_081241_color_png.rf.766e578505c35d9f4038992a1ca7760c.jpg,pothrgbd,close_up,test,1,0,pothrgbd_524
pothrgbd_20250305_081309_color_png.rf.1218128273d9e3e4ec62c839eef55bb6.jpg,pothrgbd,close_up,train,1,0,pothrgbd_525
pothrgbd_20250305_081500_color_png.rf.632a46c7f6a1fd5b12a0d81afe331ee6.jpg,pothrgbd,close_up,train,1,0,pothrgbd_526
pothrgbd_20250305_082258_color_png.rf.db4496659220d4282d0e8551bd95b870.jpg,pothrgbd,close_up,train,1,0,pothrgbd_527
pothrgbd_20250305_082316_color_png.rf.6434e9757b709238d485b0c2fd8ee87d.jpg,pothrgbd,close_up,train,1,0,pothrgbd_528
pothrgbd_20250305_082631_color_png.rf.36742420bc3e77dcfa9a252546913510.jpg,pothrgbd,close_up,val,1,0,pothrgbd_529
pothrgbd_20250305_082847_color_png.rf.8c8103c380764fb567732f518df4ee70.jpg,pothrgbd,close_up,train,1,0,pothrgbd_530
pothrgbd_20250305_082854_color_png.rf.585f120dd29e4a7e4f8ede54de3dae06.jpg,pothrgbd,close_up,test,1,0,pothrgbd_531
pothrgbd_20250305_082909_color_png.rf.f79f107827919a09949a5accddc7b722.jpg,pothrgbd,close_up,test,1,0,pothrgbd_532
pothrgbd_20250305_082924_color_png.rf.4c167c051ecd74a4d392bfa97c1de626.jpg,pothrgbd,close_up,val,1,0,pothrgbd_533
pothrgbd_20250305_083140_color_png.rf.5d9675e12d0e2efdb2f47e85754aa021.jpg,pothrgbd,close_up,train,1,0,pothrgbd_534
pothrgbd_20250305_083300_color_png.rf.2739641369b41acdc83504a1c0e87223.jpg,pothrgbd,close_up,train,1,0,pothrgbd_535
pothrgbd_20250305_083506_color_png.rf.dd01412f3aa98fb9a6a43a3d6de3cf21.jpg,pothrgbd,close_up,train,1,0,pothrgbd_536
pothrgbd_20250305_083530_color_png.rf.1651600dfac97aa14287b7d21546f240.jpg,pothrgbd,close_up,val,1,0,pothrgbd_537
pothrgbd_20250305_083636_color_png.rf.a68abe85e8930b6ceb6eff9dbfe28c01.jpg,pothrgbd,close_up,train,1,0,pothrgbd_538
pothrgbd_20250305_084055_color_png.rf.c5c11c1a6f9ddfdb98a8e73260997081.jpg,pothrgbd,close_up,train,1,0,pothrgbd_539
pothrgbd_20250305_084405_color_png.rf.6bb1654a44922638fcc0f986bc9c6cc8.jpg,pothrgbd,close_up,test,1,0,pothrgbd_540
pothrgbd_20250305_084430_color_png.rf.c1e50f02f2b61e3422991f4bc1836d60.jpg,pothrgbd,close_up,train,1,0,pothrgbd_541
pothrgbd_20250305_084512_color_png.rf.a8f8b11e5baff040a368d2732be64640.jpg,pothrgbd,close_up,train,1,0,pothrgbd_542
pothrgbd_20250305_084522_color_png.rf.b650fefefe70ef9afefaad5e018a1072.jpg,pothrgbd,close_up,test,1,0,pothrgbd_543
pothrgbd_20250305_084627_color_png.rf.4d3dfa8efda90e24906c6ce5ee333c34.jpg,pothrgbd,close_up,train,1,0,pothrgbd_544
pothrgbd_20250305_084706_color_png.rf.9b5e36f8543f2e4659abc3cbe0c288a1.jpg,pothrgbd,close_up,test,1,0,pothrgbd_545
pothrgbd_20250305_084720_color_png.rf.8af2d1bd3b99d30f30f63e373ae7b6c3.jpg,pothrgbd,close_up,test,1,0,pothrgbd_546
pothrgbd_20250305_084828_color_png.rf.1a8a299c0b92e232faa757d5ec0e224d.jpg,pothrgbd,close_up,train,1,0,pothrgbd_547
pothrgbd_20250305_085116_color_png.rf.fdc2fdde389323e38b91afb7c73012ba.jpg,pothrgbd,close_up,train,1,0,pothrgbd_548
pothrgbd_20250305_093835_color_png.rf.8a050b0d48627da2d5c4d864fe106268.jpg,pothrgbd,close_up,train,1,0,pothrgbd_549
pothrgbd_20250305_093851_color_png.rf.9c6ecccc691d59521a72fdaa60957e49.jpg,pothrgbd,close_up,train,1,0,pothrgbd_550
pothrgbd_20250305_093858_color_png.rf.4d2a118bfe81a22f0080ab78a58193a5.jpg,pothrgbd,close_up,test,1,0,pothrgbd_551
pothrgbd_20250305_093910_color_png.rf.d57b25872a6c7c97144f79ec61430657.jpg,pothrgbd,close_up,test,1,0,pothrgbd_552
pothrgbd_20250305_093918_color_png.rf.66fb30b43bcf85cf5766013eb7055598.jpg,pothrgbd,close_up,train,1,0,pothrgbd_553
pothrgbd_20250305_093956_color_png.rf.ba8094d137fef5772e5d1f81d465453b.jpg,pothrgbd,close_up,train,1,0,pothrgbd_554
pothrgbd_20250305_094344_color_png.rf.e2341b0cc68210d15498dd0aa4494600.jpg,pothrgbd,close_up,test,1,0,pothrgbd_555
pothrgbd_20250305_094446_color_png.rf.b605e4c7fc5cf0fd1aba215796b1f038.jpg,pothrgbd,close_up,train,1,0,pothrgbd_556
pothrgbd_20250305_094506_color_png.rf.2ae27918b05337bee3568787ff952f33.jpg,pothrgbd,close_up,test,1,0,pothrgbd_557
pothrgbd_20250305_094522_color_png.rf.f2431a48cb631a7db31ef77495b1910c.jpg,pothrgbd,close_up,val,1,0,pothrgbd_558
pothrgbd_20250305_094539_color_png.rf.8a04ca5920ca0206093df0a4be664e9e.jpg,pothrgbd,close_up,train,1,0,pothrgbd_559
pothrgbd_20250305_094551_color_png.rf.4aac9688eba19a4445fa2b74dc5688ae.jpg,pothrgbd,close_up,train,1,0,pothrgbd_560
pothrgbd_20250305_094613_color_png.rf.b94ec8b8f951ea09922c9139e5228a03.jpg,pothrgbd,close_up,train,1,0,pothrgbd_561
pothrgbd_20250305_094627_color_png.rf.8c7d88f06c8c4323377505e4e8f184bd.jpg,pothrgbd,close_up,val,1,0,pothrgbd_562
pothrgbd_20250305_094634_color_png.rf.ee83b21216e5207a075e1832ebb3c21d.jpg,pothrgbd,close_up,train,1,0,pothrgbd_563
pothrgbd_20250305_094638_color_png.rf.8656c769ab5e96ffbdab3cc2d45eb4bf.jpg,pothrgbd,close_up,test,1,0,pothrgbd_564
pothrgbd_20250305_094802_color_png.rf.32a238bbb698603835d9c8c1eda9d0cf.jpg,pothrgbd,close_up,val,1,0,pothrgbd_565
pothrgbd_20250305_095046_color_png.rf.a472f1a0d84a28a013b6572bd987f2b7.jpg,pothrgbd,close_up,train,1,0,pothrgbd_566
pothrgbd_20250305_095102_color_png.rf.9c34f0f24c9579f57c4ac3525a0f3b25.jpg,pothrgbd,close_up,train,1,0,pothrgbd_567
pothrgbd_20250305_095114_color_png.rf.39f1c353a4cb909987eb7c4a76ed305b.jpg,pothrgbd,close_up,train,1,0,pothrgbd_568
pothrgbd_20250305_095140_color_png.rf.830be99707c9b64c79852691210858c2.jpg,pothrgbd,close_up,train,1,0,pothrgbd_569
pothrgbd_20250305_095310_color_png.rf.fa68fc908cb1a6e4f285a7865e39e7b0.jpg,pothrgbd,close_up,train,1,0,pothrgbd_570
pothrgbd_20250305_095314_color_png.rf.e82bc529a6d0d9528a2b7f2000bd2782.jpg,pothrgbd,close_up,train,1,0,pothrgbd_571
pothrgbd_20250305_095320_color_png.rf.4b9a79e06d5e1e48344282190427d297.jpg,pothrgbd,close_up,train,1,0,pothrgbd_572
pothrgbd_20250305_095332_color_png.rf.acc37aa3ba78f201680c29c8e81bd4a9.jpg,pothrgbd,close_up,train,1,0,pothrgbd_573
pothrgbd_20250305_095338_color_png.rf.6c082a17f96a1b1a2544bbe5740cb42c.jpg,pothrgbd,close_up,test,1,0,pothrgbd_574
pothrgbd_20250305_095343_color_png.rf.c96937077df86fe069cb7c38fc8e40b1.jpg,pothrgbd,close_up,train,1,0,pothrgbd_575
pothrgbd_20250305_095359_color_png.rf.277cb6dfeb72ba52ee70e70aabf5c4ed.jpg,pothrgbd,close_up,train,1,0,pothrgbd_576
pothrgbd_20250305_095421_color_png.rf.3876a615870575974d44959f139df301.jpg,pothrgbd,close_up,train,1,0,pothrgbd_577
pothrgbd_20250305_095515_color_png.rf.c4ff21655b71324ba0f63e5197f8d6f6.jpg,pothrgbd,close_up,train,1,0,pothrgbd_578
pothrgbd_20250305_095743_color_png.rf.052164727f4c6061a920d055b69b5d3f.jpg,pothrgbd,close_up,train,1,0,pothrgbd_579
pothrgbd_20250305_095750_color_png.rf.5078b35a2b8ce612a79482b249210383.jpg,pothrgbd,close_up,train,1,0,pothrgbd_580
pothrgbd_20250305_095805_color_png.rf.24d82a70ad7ddd98246cb496f7069ef6.jpg,pothrgbd,close_up,train,1,0,pothrgbd_581
pothrgbd_20250305_095815_color_png.rf.6f3135d19a991d6500de796054d245b5.jpg,pothrgbd,close_up,train,1,0,pothrgbd_582
pothrgbd_20250305_095818_color_png.rf.e2cedf51a564dbffe82f6a06acb67682.jpg,pothrgbd,close_up,val,1,0,pothrgbd_583
pothrgbd_20250305_095823_color_png.rf.c7613f5e1ba4c0a5122e486e39425db7.jpg,pothrgbd,close_up,train,1,0,pothrgbd_584
pothrgbd_20250305_095829_color_png.rf.eaa701dbd24f3291376d7b0c318e7f3f.jpg,pothrgbd,close_up,train,1,0,pothrgbd_585
pothrgbd_20250305_095841_color_png.rf.e5c2af03084add0bfe710dd394b37da7.jpg,pothrgbd,close_up,train,1,0,pothrgbd_586
pothrgbd_20250305_095853_color_png.rf.0b783dae8cd10953814198e1a5a2ea61.jpg,pothrgbd,close_up,train,1,0,pothrgbd_587
pothrgbd_20250305_095858_color_png.rf.a568ddcb9d9a444f2e681abd2ed6c031.jpg,pothrgbd,close_up,train,1,0,pothrgbd_588
pothrgbd_20250305_095911_color_png.rf.88400cbd5ef074fd8c0b4076f08c85d2.jpg,pothrgbd,close_up,train,1,0,pothrgbd_589
pothrgbd_20250305_095915_color_png.rf.049d0a6abec1f2cecad8fb16da971bd9.jpg,pothrgbd,close_up,train,1,0,pothrgbd_590
pothrgbd_20250305_095918_color_png.rf.9ecd47cdad8a587197a9ac14dd64e979.jpg,pothrgbd,close_up,train,1,0,pothrgbd_591
pothrgbd_20250305_095921_color_png.rf.63d9576242dcf6534973030f17cba28d.jpg,pothrgbd,close_up,train,1,0,pothrgbd_592
pothrgbd_20250305_095928_color_png.rf.92d9f5d516fef363166e67ffab99393a.jpg,pothrgbd,close_up,train,1,0,pothrgbd_593
pothrgbd_20250305_095934_color_png.rf.1d274c5520d139b5672700d43a561e96.jpg,pothrgbd,close_up,train,1,0,pothrgbd_594
pothrgbd_20250305_095939_color_png.rf.0f5387cba99026b3469a97f7df264667.jpg,pothrgbd,close_up,val,1,0,pothrgbd_595
pothrgbd_20250305_095946_color_png.rf.5843da742d4876d67486095e846eea4f.jpg,pothrgbd,close_up,train,2,0,pothrgbd_596
pothrgbd_20250305_095954_color_png.rf.0d339441dfb64f3b62675d151217409b.jpg,pothrgbd,close_up,train,1,0,pothrgbd_597
pothrgbd_20250305_100002_color_png.rf.a3f83f9f43ebcc2864428f626b0a702b.jpg,pothrgbd,close_up,train,1,0,pothrgbd_598
pothrgbd_20250305_100015_color_png.rf.8f6ff6898a2c7d51c0d93bb7c5824f05.jpg,pothrgbd,close_up,train,1,0,pothrgbd_599
pothrgbd_20250305_100020_color_png.rf.bbad1892ca11b04f9a192cefffd2a389.jpg,pothrgbd,close_up,train,1,0,pothrgbd_600
pothrgbd_20250305_100027_color_png.rf.e5718c7f95f6a0c72c5ab47c0b0ed3dc.jpg,pothrgbd,close_up,train,1,0,pothrgbd_601
pothrgbd_20250305_100053_color_png.rf.075b17101de290a948d42d74c3f1d924.jpg,pothrgbd,close_up,train,1,0,pothrgbd_602
pothrgbd_20250305_100109_color_png.rf.d926f8d6035293c2024ed6b4a8ec9d34.jpg,pothrgbd,close_up,train,1,0,pothrgbd_603
pothrgbd_20250305_100120_color_png.rf.21ca6129a6037118537ad5625fc9689a.jpg,pothrgbd,close_up,train,1,0,pothrgbd_604
pothrgbd_20250305_100125_color_png.rf.2f542062052b810abd41956b14b0f85a.jpg,pothrgbd,close_up,train,1,0,pothrgbd_605
pothrgbd_20250305_100138_color_png.rf.03800bcd87557eb661a7d3dabd594b04.jpg,pothrgbd,close_up,train,1,0,pothrgbd_606
pothrgbd_20250305_100147_color_png.rf.c95822c71ba7726530f1ae44eb8d41ba.jpg,pothrgbd,close_up,train,1,0,pothrgbd_607
pothrgbd_20250305_100402_color_png.rf.8f2731e6b4000cc136a7ad4e3f6798fd.jpg,pothrgbd,close_up,train,1,0,pothrgbd_608
pothrgbd_20250305_100408_color_png.rf.f98ff4fed7cfeaf9f288b5faa96dbe1b.jpg,pothrgbd,close_up,val,1,0,pothrgbd_609
pothrgbd_20250305_100717_color_png.rf.c55cd121cefadcc61e5fff3e6525453a.jpg,pothrgbd,close_up,test,1,0,pothrgbd_610
pothrgbd_20250305_100728_color_png.rf.4a9feef8d7a7a94daf60612d47ae58eb.jpg,pothrgbd,close_up,train,1,0,pothrgbd_611
pothrgbd_20250305_100804_color_png.rf.ec343a753ccb69991099aa552f753d25.jpg,pothrgbd,close_up,train,1,0,pothrgbd_612
pothrgbd_20250305_100858_color_png.rf.ac5fa3a0757968d0e299145c44599b52.jpg,pothrgbd,close_up,test,1,0,pothrgbd_613
pothrgbd_20250305_101118_color_png.rf.82880bb929bafd2806d1070e2c846f24.jpg,pothrgbd,close_up,val,1,0,pothrgbd_614
pothrgbd_20250305_101122_color_png.rf.65c5d30e8adee2db37574b796d92bbb3.jpg,pothrgbd,close_up,train,1,0,pothrgbd_615
pothrgbd_20250305_101458_color_png.rf.020dda90b8c955fdd50f3aa51c871e21.jpg,pothrgbd,close_up,train,1,0,pothrgbd_616
pothrgbd_20250305_101534_color_png.rf.6f00c8e21e767314b936e7a577aad60c.jpg,pothrgbd,close_up,train,1,0,pothrgbd_617
pothrgbd_20250305_101600_color_png.rf.69e56e36273cfb3243b31de344966dd8.jpg,pothrgbd,close_up,train,1,0,pothrgbd_618
pothrgbd_20250305_101703_color_png.rf.cf2a31e5f8ff5d24d982c72805ba6e2b.jpg,pothrgbd,close_up,val,1,0,pothrgbd_619
pothrgbd_20250305_101722_color_png.rf.91d7d60ced037d919c8926eb25a15db1.jpg,pothrgbd,close_up,val,2,0,pothrgbd_620
pothrgbd_20250305_101733_color_png.rf.8438f8f165551fcf0c6cfa91d7ebf2e1.jpg,pothrgbd,close_up,test,1,0,pothrgbd_621
pothrgbd_20250305_101800_color_png.rf.144c5e2e282d5cad270d192a5dc54ec8.jpg,pothrgbd,close_up,train,1,0,pothrgbd_622
pothrgbd_20250305_102058_color_png.rf.b39b8341e75ef4f57fc557fa7085dde1.jpg,pothrgbd,close_up,val,1,0,pothrgbd_623
pothrgbd_20250305_102121_color_png.rf.29eb3919701ee0d6f30f84008c91534c.jpg,pothrgbd,close_up,train,1,0,pothrgbd_624
pothrgbd_20250305_102128_color_png.rf.6edd6ae14a4679379e33f21eca7ce090.jpg,pothrgbd,close_up,train,1,0,pothrgbd_625
pothrgbd_20250305_102150_color_png.rf.e9150c19322f7f99382d8e061b32c3a9.jpg,pothrgbd,close_up,test,1,0,pothrgbd_626
pothrgbd_20250305_102157_color_png.rf.0728dad50679b5b789bd7493f56304e1.jpg,pothrgbd,close_up,train,1,0,pothrgbd_627
pothrgbd_20250305_102237_color_png.rf.4c097fb8799320b17bf119195ec6d934.jpg,pothrgbd,close_up,train,1,0,pothrgbd_628
pothrgbd_20250305_102338_color_png.rf.4fe894853f2689cbfde68ac67c13272a.jpg,pothrgbd,close_up,train,1,0,pothrgbd_629
pothrgbd_20250305_102346_color_png.rf.cb00559156e98f6971f14c7da2a20eaf.jpg,pothrgbd,close_up,train,1,0,pothrgbd_630
pothrgbd_20250305_102506_color_png.rf.4750fa764c73883e979efb7a4f2b12f4.jpg,pothrgbd,close_up,train,1,0,pothrgbd_631
pothrgbd_20250305_102814_color_png.rf.3240cba685adcf2272e4244cf01411b4.jpg,pothrgbd,close_up,train,1,0,pothrgbd_632
pothrgbd_20250305_102838_color_png.rf.029489ef3f20026a16d4a96dec58fa02.jpg,pothrgbd,close_up,val,1,0,pothrgbd_633
pothrgbd_20250305_102845_color_png.rf.bdf62d928a141da4f0a81930565c1cc4.jpg,pothrgbd,close_up,train,1,0,pothrgbd_634
pothrgbd_20250305_102854_color_png.rf.1daa74f0143bd01bb3d8ec0e56f6621e.jpg,pothrgbd,close_up,test,1,0,pothrgbd_635
pothrgbd_20250305_102923_color_png.rf.3ccefebf33841638cca266b69343edb4.jpg,pothrgbd,close_up,val,1,0,pothrgbd_636
pothrgbd_20250305_102933_color_png.rf.ac4dcb8e6ae35345482ad02c664bcef7.jpg,pothrgbd,close_up,train,1,0,pothrgbd_637
pothrgbd_20250305_103013_color_png.rf.bdb7d1d27f138c795b43b08af5fa45f1.jpg,pothrgbd,close_up,train,1,0,pothrgbd_638
pothrgbd_20250305_103046_color_png.rf.bcbd8beb0dc6a8e9cd9c120ab0294d73.jpg,pothrgbd,close_up,train,1,0,pothrgbd_639
pothrgbd_20250305_103303_color_png.rf.ebf6bd0357cf70aa46cf7754ad023d77.jpg,pothrgbd,close_up,train,1,0,pothrgbd_640
pothrgbd_20250305_103310_color_png.rf.8999c72f8e4e66bdfeaf6c6f5d849b9e.jpg,pothrgbd,close_up,train,1,0,pothrgbd_641
pothrgbd_20250305_103318_color_png.rf.9565e30bd5a39b98633c0839896bd022.jpg,pothrgbd,close_up,train,1,0,pothrgbd_642
pothrgbd_20250305_103335_color_png.rf.0452a4549025801a052183b62e91781c.jpg,pothrgbd,close_up,test,1,0,pothrgbd_643
pothrgbd_20250305_103343_color_png.rf.7598ab2643a6f3e2224e3a0762a46f74.jpg,pothrgbd,close_up,train,1,0,pothrgbd_644
pothrgbd_20250305_103403_color_png.rf.7e0657f0aeba5a13b37f033a83cd256f.jpg,pothrgbd,close_up,val,1,0,pothrgbd_645
pothrgbd_20250305_103511_color_png.rf.8125232ae9bf974c4abe983dc86bdebc.jpg,pothrgbd,close_up,train,1,0,pothrgbd_646
pothrgbd_20250305_103552_color_png.rf.c4b21fbf08c401962385ac7dd668e008.jpg,pothrgbd,close_up,val,1,0,pothrgbd_647
pothrgbd_20250305_103603_color_png.rf.07d7fbb84b04a151c294ac1b5295a17c.jpg,pothrgbd,close_up,val,1,0,pothrgbd_648
pothrgbd_20250305_103915_color_png.rf.1608327c5b5e30949384a0e2bb0c38cd.jpg,pothrgbd,close_up,train,1,0,pothrgbd_649
pothrgbd_20250305_103950_color_png.rf.0a3119b41ddbe89613e4d790c89fe22b.jpg,pothrgbd,close_up,train,1,0,pothrgbd_650
pothrgbd_20250305_103954_color_png.rf.3c85a342dab48d8b0cb75786ea79a985.jpg,pothrgbd,close_up,val,1,0,pothrgbd_651
pothrgbd_20250305_103958_color_png.rf.418189a9499eac2cebacb9f1278461b0.jpg,pothrgbd,close_up,test,1,0,pothrgbd_652
pothrgbd_20250305_104025_color_png.rf.26d3933b9f37e377c307677a72696bcf.jpg,pothrgbd,close_up,train,1,0,pothrgbd_653
pothrgbd_20250305_104035_color_png.rf.d72b5688ba9c5716407f0fdcdaa10e13.jpg,pothrgbd,close_up,train,1,0,pothrgbd_654
pothrgbd_20250305_104042_color_png.rf.16233a0b276654dc848baceea3c02606.jpg,pothrgbd,close_up,train,1,0,pothrgbd_655
pothrgbd_20250305_110155_color_png.rf.e0cee2dc2592f32992fc6033c5c759dc.jpg,pothrgbd,close_up,train,1,0,pothrgbd_656
pothrgbd_20250305_110328_color_png.rf.af281d0702db2428ed6ca7f4d6210b60.jpg,pothrgbd,close_up,test,1,0,pothrgbd_657
pothrgbd_20250305_110401_color_png.rf.17d58b9f3e2fa469946f3526e351691c.jpg,pothrgbd,close_up,train,1,0,pothrgbd_658
pothrgbd_20250305_110407_color_png.rf.e5b0e5872dc4edf4a3b9bf23414157db.jpg,pothrgbd,close_up,train,1,0,pothrgbd_659
pothrgbd_20250305_110414_color_png.rf.ec6965b6a77a5d649c49da829c836dd2.jpg,pothrgbd,close_up,train,1,0,pothrgbd_660
pothrgbd_20250305_110443_color_png.rf.b9e9f9858103192aa6765d8a9a56b0b0.jpg,pothrgbd,close_up,train,1,0,pothrgbd_661
pothrgbd_20250305_110516_color_png.rf.4a464502cbdb8b98cae935362cb6c17a.jpg,pothrgbd,close_up,train,1,0,pothrgbd_662
pothrgbd_20250305_110543_color_png.rf.ad82f5ae96fd9d1d00af93c0409c7afe.jpg,pothrgbd,close_up,train,1,0,pothrgbd_663
pothrgbd_20250305_110746_color_png.rf.a2aba980ac32a3228787db46b6e1f863.jpg,pothrgbd,close_up,test,1,0,pothrgbd_664
pothrgbd_20250305_110800_color_png.rf.e665aff8bd2a1f983a9cfa955f569156.jpg,pothrgbd,close_up,train,1,0,pothrgbd_665
pothrgbd_20250305_110857_color_png.rf.5a53bd24031f6c3f72e005fca2eef16d.jpg,pothrgbd,close_up,train,1,0,pothrgbd_666
pothrgbd_20250305_110944_color_png.rf.94b05d5ce063279ee849c4210d43be34.jpg,pothrgbd,close_up,test,1,0,pothrgbd_667
pothrgbd_20250305_110948_color_png.rf.d2a2f4fd359469bf535dbcbb750b14fc.jpg,pothrgbd,close_up,train,1,0,pothrgbd_668
pothrgbd_20250305_111006_color_png.rf.4b5b246762ac2960c27174c409ef77ee.jpg,pothrgbd,close_up,train,1,0,pothrgbd_669
pothrgbd_20250305_111046_color_png.rf.15697b43ef4e239f8a966d1ebede0631.jpg,pothrgbd,close_up,train,1,0,pothrgbd_670
pothrgbd_20250305_111241_color_png.rf.e44e62c1b52bf9f57edab00cebecc86b.jpg,pothrgbd,close_up,train,1,0,pothrgbd_671
pothrgbd_20250305_111246_color_png.rf.80e3a219a32f7a619ba1eba7b3e3fbde.jpg,pothrgbd,close_up,train,1,0,pothrgbd_672
pothrgbd_20250305_111305_color_png.rf.b1e8d9bd85a44aa6670af04533f87b05.jpg,pothrgbd,close_up,train,1,0,pothrgbd_673
pothrgbd_20250305_111454_color_png.rf.4c0d46eae83b99aa77f0f7974d959437.jpg,pothrgbd,close_up,train,1,0,pothrgbd_674
pothrgbd_20250305_111532_color_png.rf.7e4d5349fb84c973c954ebbcd6036f81.jpg,pothrgbd,close_up,train,4,0,pothrgbd_675
pothrgbd_20250305_111554_color_png.rf.9d6109e1701f6ba9ff2b1af49bcf2005.jpg,pothrgbd,close_up,val,1,0,pothrgbd_676
pothrgbd_20250305_111558_color_png.rf.620b7141ec6df6dc460dcc8a22bab289.jpg,pothrgbd,close_up,val,4,0,pothrgbd_677
pothrgbd_20250305_111602_color_png.rf.04c0edec5d0908f821fbe1d1c02cd88c.jpg,pothrgbd,close_up,test,1,0,pothrgbd_678
pothrgbd_20250305_111604_color_png.rf.17c2d9354d127e46ca1e2e2a57060c0e.jpg,pothrgbd,close_up,train,1,0,pothrgbd_679
pothrgbd_20250305_111611_color_png.rf.3db4fd5062554bf42b0650d8460b66fc.jpg,pothrgbd,close_up,train,2,0,pothrgbd_680
pothrgbd_20250305_111615_color_png.rf.9013eaeecec24b14a050b846c66bab31.jpg,pothrgbd,close_up,train,1,0,pothrgbd_681
pothrgbd_20250305_111624_color_png.rf.41b8886f6ab1d0574ded6f654c9e820d.jpg,pothrgbd,close_up,val,2,0,pothrgbd_682
pothrgbd_20250305_111636_color_png.rf.82e7cfec8c9d78d257f94a13994fd742.jpg,pothrgbd,close_up,train,1,0,pothrgbd_683
pothrgbd_20250305_112128_color_png.rf.226aa922c99885c9c901735fac72985a.jpg,pothrgbd,close_up,train,1,0,pothrgbd_684
pothrgbd_20250305_112207_color_png.rf.2b346d2477dad691b4769bab44862bdc.jpg,pothrgbd,close_up,test,1,0,pothrgbd_685
pothrgbd_20250305_112253_color_png.rf.70a5e6665e54fe0ea63224c8d898b6f3.jpg,pothrgbd,close_up,val,1,0,pothrgbd_686
pothrgbd_20250305_112325_color_png.rf.3be60c5d03fac3ec2407019f7a91c064.jpg,pothrgbd,close_up,train,1,0,pothrgbd_687
pothrgbd_20250305_112342_color_png.rf.e74415c7e6ef5964a7c2a978b0964c03.jpg,pothrgbd,close_up,train,1,0,pothrgbd_688
pothrgbd_20250305_113235_color_png.rf.f2529f59bb53456af48f154ba7ff1661.jpg,pothrgbd,close_up,train,1,0,pothrgbd_689
pothrgbd_20250305_113238_color_png.rf.01936b9d94805db525d7a6de983243b2.jpg,pothrgbd,close_up,train,1,0,pothrgbd_690
pothrgbd_20250305_113241_color_png.rf.d06c58256b913b53ab3b45aa0c3d3a04.jpg,pothrgbd,close_up,test,1,0,pothrgbd_691
pothrgbd_20250305_113255_color_png.rf.47b9537daa70c18bd2436d3805495a68.jpg,pothrgbd,close_up,train,1,0,pothrgbd_692
pothrgbd_20250305_113505_color_png.rf.31de414d8d81ca9ccd45637ccd1e0b34.jpg,pothrgbd,close_up,train,1,0,pothrgbd_693
pothrgbd_20250305_113508_color_png.rf.dc9b9efbc788a540f0a0a8eb0fd0a975.jpg,pothrgbd,close_up,train,1,0,pothrgbd_694
pothrgbd_20250305_113513_color_png.rf.7e84f8272fcaacf72c2ac1788c483df7.jpg,pothrgbd,close_up,train,1,0,pothrgbd_695
pothrgbd_20250305_113609_color_png.rf.ce75c8bf2f005f78645e3efb4e8ca9cf.jpg,pothrgbd,close_up,train,1,0,pothrgbd_696
pothrgbd_20250305_113619_color_png.rf.8fa170eb36dda3c1ff7dffdc44f62f12.jpg,pothrgbd,close_up,train,1,0,pothrgbd_697
pothrgbd_20250305_113640_color_png.rf.784925b8534c5c1f84f63b13cd0d6193.jpg,pothrgbd,close_up,val,1,0,pothrgbd_698
pothrgbd_20250305_113647_color_png.rf.c3f7ca6f218b22010c0bf57a2cdc6c03.jpg,pothrgbd,close_up,train,1,0,pothrgbd_699
pothrgbd_20250305_113702_color_png.rf.e9e7af6254b1c02422d502513d26e622.jpg,pothrgbd,close_up,test,1,0,pothrgbd_700
pothrgbd_20250305_113748_color_png.rf.fc1614ed508151f4540711e1dc90803e.jpg,pothrgbd,close_up,test,1,0,pothrgbd_701
pothrgbd_20250305_114119_color_png.rf.b896ea50e332c4dcbb6dc7c2557031e1.jpg,pothrgbd,close_up,train,1,0,pothrgbd_702
pothrgbd_20250305_114447_color_png.rf.af311c5ddd12097118143be299467567.jpg,pothrgbd,close_up,train,1,0,pothrgbd_703
pothrgbd_20250305_114516_color_png.rf.8b00b385ce592ec29365fa486bd214cb.jpg,pothrgbd,close_up,train,1,0,pothrgbd_704
pothrgbd_20250305_114525_color_png.rf.55f56fc729a4049163269f98038d912a.jpg,pothrgbd,close_up,train,1,0,pothrgbd_705
pothrgbd_20250305_114530_color_png.rf.667a4228613e701c02a4561e69169d1d.jpg,pothrgbd,close_up,train,1,0,pothrgbd_706
pothrgbd_20250305_114536_color_png.rf.53ec74cecde39abf086df506cdea1daa.jpg,pothrgbd,close_up,test,1,0,pothrgbd_707
pothrgbd_20250305_114551_color_png.rf.87875a7d54aba4462b5bae89ff2e2a05.jpg,pothrgbd,close_up,train,1,0,pothrgbd_708
pothrgbd_20250305_114555_color_png.rf.3c2b6532419a90012df915a11d72c3ea.jpg,pothrgbd,close_up,train,1,0,pothrgbd_709
pothrgbd_20250305_114604_color_png.rf.fe305b2438ebf0b5c4ddba5b865e33d0.jpg,pothrgbd,close_up,train,1,0,pothrgbd_710
pothrgbd_20250305_114701_color_png.rf.a06f5e1406246485d2068436f6f3bf12.jpg,pothrgbd,close_up,train,1,0,pothrgbd_711
pothrgbd_20250305_114711_color_png.rf.a71a7652a3b16d5e507fefffbdce87d6.jpg,pothrgbd,close_up,train,1,0,pothrgbd_712
pothrgbd_20250305_114836_color_png.rf.79a240e4aa217ad8f5dc3d024906faec.jpg,pothrgbd,close_up,val,1,0,pothrgbd_713
pothrgbd_20250305_114841_color_png.rf.0a855d7c1c5e5d848108df9add099fa9.jpg,pothrgbd,close_up,train,1,0,pothrgbd_714
pothrgbd_20250305_115026_color_png.rf.5cd5b466654bb70af1248bb77dce48d5.jpg,pothrgbd,close_up,train,1,0,pothrgbd_715
pothrgbd_20250305_115048_color_png.rf.306b81a3cb15ef4617552fd126d0fc37.jpg,pothrgbd,close_up,val,1,0,pothrgbd_716
pothrgbd_20250305_115523_color_png.rf.71a0c78b2b4810d61b577d1d3e12bafd.jpg,pothrgbd,close_up,train,1,0,pothrgbd_717
pothrgbd_20250305_115546_color_png.rf.ea32df207634d0a0c4e310cc7b5f6b7b.jpg,pothrgbd,close_up,train,1,0,pothrgbd_718
pothrgbd_20250305_121222_color_png.rf.04d81862abc93b4efe70c2b625646b61.jpg,pothrgbd,close_up,test,1,0,pothrgbd_719
pothrgbd_20250305_121258_color_png.rf.f1cd0190c9943d59220fb2195165f93c.jpg,pothrgbd,close_up,train,1,0,pothrgbd_720
pothrgbd_20250305_121309_color_png.rf.b6f47ab74f1f8d061e568a8604fe0c18.jpg,pothrgbd,close_up,train,1,0,pothrgbd_721
pothrgbd_20250305_121411_color_png.rf.b53209bf0a59254f63ee869e3b6a7c13.jpg,pothrgbd,close_up,train,1,0,pothrgbd_722
pothrgbd_20250305_121446_color_png.rf.ce807afb1d054e835562d89e2dd073bc.jpg,pothrgbd,close_up,val,1,0,pothrgbd_723
pothrgbd_20250305_121454_color_png.rf.0e25c4a02862e61963190d8bbedaf74e.jpg,pothrgbd,close_up,test,1,0,pothrgbd_724
pothrgbd_20250305_121500_color_png.rf.f24c66c36749114abcabcfbca38d9b87.jpg,pothrgbd,close_up,val,1,0,pothrgbd_725
pothrgbd_20250305_121509_color_png.rf.0d83582470e7fc281a5b4e17754082a7.jpg,pothrgbd,close_up,test,2,0,pothrgbd_726
pothrgbd_20250305_121553_color_png.rf.0385bc1260d0520a0efaa0bb52fe4f1a.jpg,pothrgbd,close_up,train,1,0,pothrgbd_727
pothrgbd_20250305_121628_color_png.rf.77a740215e083a1768f48b111f6244b3.jpg,pothrgbd,close_up,val,1,0,pothrgbd_728
pothrgbd_20250305_122054_color_png.rf.8f54d3f8c2c6304a0a6326af1987dfb5.jpg,pothrgbd,close_up,train,1,0,pothrgbd_729
pothrgbd_20250305_122119_color_png.rf.0aee38d5add9b74a325cbd12809e6671.jpg,pothrgbd,close_up,train,1,0,pothrgbd_730
pothrgbd_20250305_122203_color_png.rf.88f27731fb26aeeab0abff1ab20f738c.jpg,pothrgbd,close_up,train,1,0,pothrgbd_731
pothrgbd_20250305_123515_color_png.rf.2ef74411e11b39b13b14c3bca0a1d75a.jpg,pothrgbd,close_up,train,1,0,pothrgbd_732
pothrgbd_20250305_123631_color_png.rf.3a31d75de36982905e0c3b180b592487.jpg,pothrgbd,close_up,train,1,0,pothrgbd_733
pothrgbd_20250305_123648_color_png.rf.6075d48f01667b665d57a61a61afbd76.jpg,pothrgbd,close_up,test,1,0,pothrgbd_734
pothrgbd_20250305_123822_color_png.rf.8fb961a51d7aba196a3c1de5f1fcc8a8.jpg,pothrgbd,close_up,train,1,0,pothrgbd_735
pothrgbd_20250305_123831_color_png.rf.83a00d81665a2261716e167eb21ddee0.jpg,pothrgbd,close_up,train,1,0,pothrgbd_736
pothrgbd_20250305_123857_color_png.rf.7705640c72317b7acfd0392bb43fb2f6.jpg,pothrgbd,close_up,test,1,0,pothrgbd_737
pothrgbd_20250305_123917_color_png.rf.f41ed095bae4c1d5c232aae45923e51d.jpg,pothrgbd,close_up,train,1,0,pothrgbd_738
pothrgbd_20250305_123923_color_png.rf.15df6c9198e2cda21d011849b5796d99.jpg,pothrgbd,close_up,train,1,0,pothrgbd_739
pothrgbd_20250305_123934_color_png.rf.be1cc24a3088642595624b890f974059.jpg,pothrgbd,close_up,test,1,0,pothrgbd_740
pothrgbd_20250305_124140_color_png.rf.4a707f18f714a5ba0326b122a035ce26.jpg,pothrgbd,close_up,train,1,0,pothrgbd_741
pothrgbd_20250305_124219_color_png.rf.62c41afabb33be1c6a509e4fa879756d.jpg,pothrgbd,close_up,train,1,0,pothrgbd_742
pothrgbd_20250305_124234_color_png.rf.1eb404e27ba1a49a0fc83eddc8bc6a10.jpg,pothrgbd,close_up,train,1,0,pothrgbd_743
pothrgbd_20250305_124240_color_png.rf.ab3269c04d3459e998d262d83ab3e7d2.jpg,pothrgbd,close_up,train,1,0,pothrgbd_744
pothrgbd_20250305_124252_color_png.rf.70448d69286ad6b4956df489a9c3ea84.jpg,pothrgbd,close_up,test,1,0,pothrgbd_745
pothrgbd_20250305_124258_color_png.rf.56c635bf5a16d6b654d90de931808a94.jpg,pothrgbd,close_up,test,1,0,pothrgbd_746
pothrgbd_20250305_124302_color_png.rf.647e0b0fde9372e58309fdee2e124795.jpg,pothrgbd,close_up,train,1,0,pothrgbd_747
pothrgbd_20250305_124307_color_png.rf.b9653b7e926a219c2767149634f7db86.jpg,pothrgbd,close_up,train,1,0,pothrgbd_748
pothrgbd_20250305_124318_color_png.rf.8c9edddc685a265d74056aa23a57fb7e.jpg,pothrgbd,close_up,train,1,0,pothrgbd_749
pothrgbd_20250305_124338_color_png.rf.42e1c52c19e033aa079c6a0b0418ec19.jpg,pothrgbd,close_up,val,1,0,pothrgbd_750
pothrgbd_20250305_124408_color_png.rf.2f85ec44ea300fbba4735ec4cd9aeb7f.jpg,pothrgbd,close_up,test,1,0,pothrgbd_751
pothrgbd_20250305_124414_color_png.rf.0874198d3dccb70a03759aeb366165e6.jpg,pothrgbd,close_up,train,1,0,pothrgbd_752
pothrgbd_20250305_124432_color_png.rf.e85f32704d3f2753e2daa2f1d750cbba.jpg,pothrgbd,close_up,test,1,0,pothrgbd_753
pothrgbd_20250305_124504_color_png.rf.dd76376bab16642af240f43da691b525.jpg,pothrgbd,close_up,train,1,0,pothrgbd_754
pothrgbd_20250305_124507_color_png.rf.a2e620b8c1474785bdc1893a49199eec.jpg,pothrgbd,close_up,train,1,0,pothrgbd_755
pothrgbd_20250305_124519_color_png.rf.5544ce18f8ac993b907c0e179480b120.jpg,pothrgbd,close_up,train,1,0,pothrgbd_756
pothrgbd_20250305_124559_color_png.rf.00de01ee851a0ba576313d688c7d2006.jpg,pothrgbd,close_up,test,1,0,pothrgbd_757
pothrgbd_20250305_124603_color_png.rf.f64888c3bcf505b81b2ed462664e2810.jpg,pothrgbd,close_up,train,1,0,pothrgbd_758
pothrgbd_20250305_124605_color_png.rf.3a6920d70a937979b301236337b910a7.jpg,pothrgbd,close_up,val,1,0,pothrgbd_759
pothrgbd_20250305_124613_color_png.rf.810751cee2630cdb4e42f47ef204f599.jpg,pothrgbd,close_up,val,1,0,pothrgbd_760
pothrgbd_20250305_124623_color_png.rf.09d2b185cb2dd68c85c20f24309d1d71.jpg,pothrgbd,close_up,train,1,0,pothrgbd_761
pothrgbd_20250305_124642_color_png.rf.ae833d75c2f0d2c82980ec496e119995.jpg,pothrgbd,close_up,train,1,0,pothrgbd_762
pothrgbd_20250305_124651_color_png.rf.a129cbacdd9b96387fb9ad2f0ca9fafc.jpg,pothrgbd,close_up,train,1,0,pothrgbd_763
pothrgbd_20250305_124654_color_png.rf.361a1555a941ebb764307b32c601c5d8.jpg,pothrgbd,close_up,train,1,0,pothrgbd_764
pothrgbd_20250305_124659_color_png.rf.6136f071da2a1503b9d929dfddc29745.jpg,pothrgbd,close_up,train,1,0,pothrgbd_765
pothrgbd_20250305_124703_color_png.rf.e47331f53356d17fec1e83b73fb8d2ba.jpg,pothrgbd,close_up,train,1,0,pothrgbd_766
pothrgbd_20250305_124711_color_png.rf.34f7e765cf6d34e66b2556fb60f275f0.jpg,pothrgbd,close_up,train,1,0,pothrgbd_767
pothrgbd_20250305_124716_color_png.rf.6249b8bb5684bededde4f427d255e1f4.jpg,pothrgbd,close_up,train,1,0,pothrgbd_768
pothrgbd_20250305_124716_color_png.rf.7b7b45598ae099ebd8ebce1bef188757.jpg,pothrgbd,close_up,train,1,0,pothrgbd_769
pothrgbd_20250305_124722_color_png.rf.7cb2d63dc60d6a2fa648b3992d062f79.jpg,pothrgbd,close_up,train,1,0,pothrgbd_770
pothrgbd_20250305_124726_color_png.rf.801aa0b1c9bb8484e5d01d6776cfe194.jpg,pothrgbd,close_up,train,1,0,pothrgbd_771
pothrgbd_20250305_124803_color_png.rf.5e305dda1812bb23b7fb98ed5e4f0ba1.jpg,pothrgbd,close_up,train,1,0,pothrgbd_772
pothrgbd_20250305_124804_color_png.rf.217ae657016c29966636953148bdfc4f.jpg,pothrgbd,close_up,train,1,0,pothrgbd_773
pothrgbd_20250305_124810_color_png.rf.85cd16464c83177970b92366651e3e77.jpg,pothrgbd,close_up,train,1,0,pothrgbd_774
pothrgbd_20250305_124818_color_png.rf.39971d985c3cca46c018ebe4683700a4.jpg,pothrgbd,close_up,train,1,0,pothrgbd_775
pothrgbd_20250305_124822_color_png.rf.be3096277354fa4b9d34be929080c592.jpg,pothrgbd,close_up,train,1,0,pothrgbd_776
pothrgbd_20250305_124827_color_png.rf.98a00042e0ee74d4710950dabdef96f7.jpg,pothrgbd,close_up,val,1,0,pothrgbd_777
pothrgbd_20250305_124833_color_png.rf.d326e797f0cdf455b9d845af1f267299.jpg,pothrgbd,close_up,train,1,0,pothrgbd_778
pothrgbd_20250305_124838_color_png.rf.1996e1f50b282731e98182c7976820af.jpg,pothrgbd,close_up,val,1,0,pothrgbd_779
pothrgbd_20250305_124840_color_png.rf.c51152682c5aa89779a475e7502416bd.jpg,pothrgbd,close_up,test,1,0,pothrgbd_780
pothrgbd_20250305_124845_color_png.rf.dcb0c69c416617f697d48fb7aa0add24.jpg,pothrgbd,close_up,train,1,0,pothrgbd_781
pothrgbd_20250305_124847_color_png.rf.492b7209ce2307e7165365e0f7d9aae2.jpg,pothrgbd,close_up,test,1,0,pothrgbd_782
pothrgbd_20250305_124859_color_png.rf.4882e270d352976510bac1e7f60a5923.jpg,pothrgbd,close_up,train,1,0,pothrgbd_783
pothrgbd_20250305_124908_color_png.rf.4d09ce89e44c6aa3fad6a40b6d7aaf1b.jpg,pothrgbd,close_up,train,1,0,pothrgbd_784
pothrgbd_20250305_124909_color_png.rf.e7d9ac66e85eef16551395faa97a3f75.jpg,pothrgbd,close_up,train,1,0,pothrgbd_785
pothrgbd_20250305_124917_color_png.rf.92be32d1cd1b9a3a4ea2ed28f8d8d655.jpg,pothrgbd,close_up,train,1,0,pothrgbd_786
pothrgbd_20250305_124920_color_png.rf.b3eb76a83134b62d6f897104252c4992.jpg,pothrgbd,close_up,test,1,0,pothrgbd_787
pothrgbd_20250305_124929_color_png.rf.e8f83d796a5d2d02388ef1597bbacd9d.jpg,pothrgbd,close_up,test,1,0,pothrgbd_788
pothrgbd_20250305_124933_color_png.rf.18741c2940312bda8fe0e8d447515d93.jpg,pothrgbd,close_up,train,1,0,pothrgbd_789
pothrgbd_20250305_124935_color_png.rf.e7ecd4d527787a6ad85b962f39104ac3.jpg,pothrgbd,close_up,train,1,0,pothrgbd_790
pothrgbd_20250305_124944_color_png.rf.c6d5b9fdb51d5191be4abd3efb0385fb.jpg,pothrgbd,close_up,train,1,0,pothrgbd_791
pothrgbd_20250305_125029_color_png.rf.955b05884e484b6e949537009230d3e6.jpg,pothrgbd,close_up,train,1,0,pothrgbd_792
pothrgbd_20250305_125111_color_png.rf.34fec3d26cd769e273189213ea743916.jpg,pothrgbd,close_up,train,1,0,pothrgbd_793
pothrgbd_20250305_125116_color_png.rf.c18f20c2159fedc413299006aeb78f79.jpg,pothrgbd,close_up,train,1,0,pothrgbd_794
pothrgbd_20250305_125126_color_png.rf.dccc4713fd4795a8d59a06dd64146a30.jpg,pothrgbd,close_up,test,1,0,pothrgbd_795
pothrgbd_20250305_125129_color_png.rf.a2fd7a1fec874cfa42adba2062e645c5.jpg,pothrgbd,close_up,val,1,0,pothrgbd_796
pothrgbd_20250305_125139_color_png.rf.d36a5b352a35a6498ea23062c692b45c.jpg,pothrgbd,close_up,train,1,0,pothrgbd_797
pothrgbd_20250305_125158_color_png.rf.89b1a278e6f526472826e04385b7ba43.jpg,pothrgbd,close_up,test,1,0,pothrgbd_798
pothrgbd_20250305_125219_color_png.rf.ff99808f1bec40a1aef358b88c1f402d.jpg,pothrgbd,close_up,train,1,0,pothrgbd_799
pothrgbd_20250305_125220_color_png.rf.6b81764d9522f54feb4fe31a5bcb939b.jpg,pothrgbd,close_up,train,1,0,pothrgbd_800
pothrgbd_20250305_125242_color_png.rf.3ed4adec886d36fef16d787914a33b54.jpg,pothrgbd,close_up,train,1,0,pothrgbd_801
pothrgbd_20250305_125247_color_png.rf.c561ae32c92dbaeb2b55106a656e7911.jpg,pothrgbd,close_up,train,1,0,pothrgbd_802
pothrgbd_20250305_125419_color_png.rf.4aeab82855082f94c731687f6f8de20c.jpg,pothrgbd,close_up,val,1,0,pothrgbd_803
pothrgbd_20250305_125426_color_png.rf.d664f8392a2358eeb3256e612ff987b3.jpg,pothrgbd,close_up,train,1,0,pothrgbd_804
pothrgbd_20250305_125432_color_png.rf.81360b7ac371510f101a2c8daabb1928.jpg,pothrgbd,close_up,train,1,0,pothrgbd_805
pothrgbd_20250305_125440_color_png.rf.f8e66346a459d9dd95635dd9fccda89b.jpg,pothrgbd,close_up,train,1,0,pothrgbd_806
pothrgbd_20250305_125548_color_png.rf.6e201bce8a72c08cd52e295a67b2049b.jpg,pothrgbd,close_up,train,1,0,pothrgbd_807
pothrgbd_20250305_125611_color_png.rf.db91554eff72554dfab0f9f569e95a30.jpg,pothrgbd,close_up,train,1,0,pothrgbd_808
pothrgbd_20250305_125639_color_png.rf.9d613f63dca8b15bbdc37b18b121ab5f.jpg,pothrgbd,close_up,train,1,0,pothrgbd_809
pothrgbd_20250305_125700_color_png.rf.9c7774f721148a0dbc8f519d5072347d.jpg,pothrgbd,close_up,val,1,0,pothrgbd_810
pothrgbd_20250305_125749_color_png.rf.48dfc5cd90726729093b9f2216981036.jpg,pothrgbd,close_up,val,1,0,pothrgbd_811
pothrgbd_20250305_125803_color_png.rf.9a49acd06370be07e131e7c5c23d61ba.jpg,pothrgbd,close_up,train,1,0,pothrgbd_812
pothrgbd_20250305_125815_color_png.rf.ccc3b9ab9bb567c930ddd74be2a5586e.jpg,pothrgbd,close_up,train,1,0,pothrgbd_813
pothrgbd_20250305_125823_color_png.rf.bf97b573b247ea078e15a8b3405a9117.jpg,pothrgbd,close_up,train,1,0,pothrgbd_814
pothrgbd_20250305_125901_color_png.rf.ad1c3eb4dec7b988821f9c410319e49b.jpg,pothrgbd,close_up,train,1,0,pothrgbd_815
pothrgbd_20250305_130544_color_png.rf.0827843128ae68286844b52594c5ada0.jpg,pothrgbd,close_up,train,1,0,pothrgbd_816
pothrgbd_20250305_131511_color_png.rf.7265461761ede18458f8ee37248f6f49.jpg,pothrgbd,close_up,train,1,0,pothrgbd_817
pothrgbd_20250305_131532_color_png.rf.1fd9b95133dedb360b7291b1528c3a6e.jpg,pothrgbd,close_up,train,1,0,pothrgbd_818
pothrgbd_20250305_131541_color_png.rf.9f2b147f9d1303ce84a09e687bc76f68.jpg,pothrgbd,close_up,train,1,0,pothrgbd_819
pothrgbd_20250305_131547_color_png.rf.93ec0e837ceeb7facc2bb142a6289d40.jpg,pothrgbd,close_up,val,1,0,pothrgbd_820
pothrgbd_20250305_131640_color_png.rf.ba1b965c0ba32fccd9065be71d9273ae.jpg,pothrgbd,close_up,train,1,0,pothrgbd_821
pothrgbd_20250305_131704_color_png.rf.44c3d017900f100fb25fe911d2946e91.jpg,pothrgbd,close_up,train,1,0,pothrgbd_822
pothrgbd_20250305_131720_color_png.rf.e370b41baf5a1667702599917f5c780c.jpg,pothrgbd,close_up,train,1,0,pothrgbd_823
pothrgbd_20250305_131734_color_png.rf.4778194e509ca1525a9b263ad5f8c249.jpg,pothrgbd,close_up,test,1,0,pothrgbd_824
pothrgbd_20250305_131756_color_png.rf.b12adbdc8ab0f4b8de7616f0bf2accb3.jpg,pothrgbd,close_up,test,1,0,pothrgbd_825
pothrgbd_20250305_131813_color_png.rf.c0a2c2011c1bfce00c77198d1b224ea3.jpg,pothrgbd,close_up,val,1,0,pothrgbd_826
pothrgbd_20250305_131835_color_png.rf.f7d6293f59dfe6f22cd814737441d5e0.jpg,pothrgbd,close_up,train,1,0,pothrgbd_827
pothrgbd_20250305_131902_color_png.rf.4f0215f542269c1bdad24da7b91959db.jpg,pothrgbd,close_up,val,1,0,pothrgbd_828
pothrgbd_20250305_131930_color_png.rf.a61c824603bd5cd0e24126ea1ab5fe47.jpg,pothrgbd,close_up,train,1,0,pothrgbd_829
pothrgbd_20250305_132143_color_png.rf.ea142459b0e23fb7fb0ea298d8d1e09d.jpg,pothrgbd,close_up,train,1,0,pothrgbd_830
pothrgbd_20250305_132157_color_png.rf.7d724490f22ef6724555d89a15383dc0.jpg,pothrgbd,close_up,train,1,0,pothrgbd_831
pothrgbd_20250305_132207_color_png.rf.08b15eeca7935e536b9c1a2858967fb6.jpg,pothrgbd,close_up,train,1,0,pothrgbd_832
pothrgbd_20250305_132212_color_png.rf.97aaee2572f634479304927246b90b20.jpg,pothrgbd,close_up,train,1,0,pothrgbd_833
pothrgbd_20250305_132216_color_png.rf.af75ebc5277e2c3d641a813dae900269.jpg,pothrgbd,close_up,train,1,0,pothrgbd_834
pothrgbd_20250305_132248_color_png.rf.0a1e990c858afae075ccb471d75a854f.jpg,pothrgbd,close_up,train,1,0,pothrgbd_835
pothrgbd_20250305_132257_color_png.rf.67317a89962e1164d8602b76193b5d29.jpg,pothrgbd,close_up,train,1,0,pothrgbd_836
pothrgbd_20250305_132340_color_png.rf.7e98d10de794d3e6fcef350ec8b970db.jpg,pothrgbd,close_up,train,1,0,pothrgbd_837
pothrgbd_20250305_132405_color_png.rf.0a19d9e163d3bc3d6f463dbcbc2ea1a6.jpg,pothrgbd,close_up,train,1,0,pothrgbd_838
pothrgbd_20250305_132505_color_png.rf.a92786cd1f70fdbfdae8346e757d1945.jpg,pothrgbd,close_up,val,1,0,pothrgbd_839
pothrgbd_20250305_132549_color_png.rf.16d6fa4b1e354803417f437348e92252.jpg,pothrgbd,close_up,train,1,0,pothrgbd_840
pothrgbd_20250305_132557_color_png.rf.d6766c41927947ce4fcd1b42d9e9d0aa.jpg,pothrgbd,close_up,val,1,0,pothrgbd_841
pothrgbd_20250305_132607_color_png.rf.3566b54d2f5cb14baa054ee2ee0572f1.jpg,pothrgbd,close_up,test,2,0,pothrgbd_842
pothrgbd_20250305_132636_color_png.rf.236c4d424c96f5f905d9db751794f6e7.jpg,pothrgbd,close_up,train,1,0,pothrgbd_843
pothrgbd_20250305_132656_color_png.rf.dd3511f6f5508d4128b3aa1f54f48b08.jpg,pothrgbd,close_up,train,1,0,pothrgbd_844
pothrgbd_20250305_132706_color_png.rf.0de2a271e5dc89b7d46286f2bc18c8f7.jpg,pothrgbd,close_up,val,1,0,pothrgbd_845
pothrgbd_20250305_132852_color_png.rf.9ac257639487a484c2acd10119d97ef4.jpg,pothrgbd,close_up,train,1,0,pothrgbd_846
pothrgbd_20250305_132930_color_png.rf.fd967eef379b2b9d1476eb08474fba7d.jpg,pothrgbd,close_up,test,1,0,pothrgbd_847
pothrgbd_20250305_133001_color_png.rf.febc6c4c3d71904fcebff9e359b6af88.jpg,pothrgbd,close_up,train,1,0,pothrgbd_848
pothrgbd_20250305_133014_color_png.rf.73a651ccfc9ffcd381db6191d54b8213.jpg,pothrgbd,close_up,train,1,0,pothrgbd_849
pothrgbd_20250305_133018_color_png.rf.ec33addc2ff1e7cd61f5276980b0441a.jpg,pothrgbd,close_up,train,1,0,pothrgbd_850
pothrgbd_20250305_133021_color_png.rf.e9c6e40381a3ebb5f23de9fd08d377fd.jpg,pothrgbd,close_up,train,2,0,pothrgbd_851
pothrgbd_20250305_133054_color_png.rf.ba63968528dd5a168b0ca3b018ad6a67.jpg,pothrgbd,close_up,train,1,0,pothrgbd_852
pothrgbd_20250305_133059_color_png.rf.cd1d5c0f49fe1a55c56add7433865abe.jpg,pothrgbd,close_up,train,2,0,pothrgbd_853
pothrgbd_20250305_133111_color_png.rf.a7c47b8989869b88e991e7917bc4a6c6.jpg,pothrgbd,close_up,train,1,0,pothrgbd_854
pothrgbd_20250305_133525_color_png.rf.6fc9dbe78b85bd721dd499f8f25cdba0.jpg,pothrgbd,close_up,train,1,0,pothrgbd_855
pothrgbd_20250305_133536_color_png.rf.b279b272470b2fcbcce1aee94677cd79.jpg,pothrgbd,close_up,train,1,0,pothrgbd_856
pothrgbd_20250305_133540_color_png.rf.15f108b8b85bad4c2a06edbffc04ad7b.jpg,pothrgbd,close_up,train,1,0,pothrgbd_857
pothrgbd_20250305_133543_color_png.rf.94bc86ce9cfff1d21128774b2d01d3b9.jpg,pothrgbd,close_up,train,1,0,pothrgbd_858
pothrgbd_20250305_133549_color_png.rf.633f9f5718058ea56609dd445e304c33.jpg,pothrgbd,close_up,train,1,0,pothrgbd_859
pothrgbd_20250305_133552_color_png.rf.9f2e2954c6d29f257dc23bb346b30434.jpg,pothrgbd,close_up,val,1,0,pothrgbd_860
pothrgbd_20250305_133606_color_png.rf.2455bf32b2fec097a11f2748d77739f2.jpg,pothrgbd,close_up,test,1,0,pothrgbd_861
pothrgbd_20250305_133609_color_png.rf.873bd12f0c9c5c269ab7fd8bb23179a3.jpg,pothrgbd,close_up,train,2,0,pothrgbd_862
pothrgbd_20250305_133629_color_png.rf.55975be61bc8ee76a679218dca20d0e8.jpg,pothrgbd,close_up,train,1,0,pothrgbd_863
pothrgbd_20250305_133633_color_png.rf.596432a656bdeaa067befe6fb3c008a7.jpg,pothrgbd,close_up,train,1,0,pothrgbd_864
pothrgbd_20250305_133640_color_png.rf.45afe55a99b8fabbe17105a50f49b947.jpg,pothrgbd,close_up,train,1,0,pothrgbd_865
pothrgbd_20250305_133655_color_png.rf.f6e08787b7b23d5eb8826d2746dea715.jpg,pothrgbd,close_up,train,6,0,pothrgbd_866
pothrgbd_20250305_133703_color_png.rf.4c025948e03755167d036dbfc84f8278.jpg,pothrgbd,close_up,train,1,0,pothrgbd_867
pothrgbd_20250305_133709_color_png.rf.cf9ff3dfadee65dc57c8bf9c8c617695.jpg,pothrgbd,close_up,train,1,0,pothrgbd_868
pothrgbd_20250305_133732_color_png.rf.776ba0d7f84141bb3ff803cbfabe2dd6.jpg,pothrgbd,close_up,train,1,0,pothrgbd_869
pothrgbd_20250305_133753_color_png.rf.1f1942ae6ab1c127df6e40d421e8e7b2.jpg,pothrgbd,close_up,train,1,0,pothrgbd_870
pothrgbd_20250305_134023_color_png.rf.83c91f6f9b993b537dac102d887bb2a4.jpg,pothrgbd,close_up,train,1,0,pothrgbd_871
pothrgbd_20250305_134201_color_png.rf.cf87551fbdf367fcc83b232031ab5a7b.jpg,pothrgbd,close_up,train,1,0,pothrgbd_872
pothrgbd_20250305_134208_color_png.rf.10cfdf6e8531557c9fb16b924bd81883.jpg,pothrgbd,close_up,train,1,0,pothrgbd_873
pothrgbd_20250305_134211_color_png.rf.3cf86ac9b708208b4a0bc0a6f2c9e863.jpg,pothrgbd,close_up,train,1,0,pothrgbd_874
pothrgbd_20250305_134212_color_png.rf.808ed5f1b7af37bd5b7fd56f8b7ebf61.jpg,pothrgbd,close_up,val,1,0,pothrgbd_875
pothrgbd_20250305_134236_color_png.rf.cf973c09e5204b0b3c646a48b5c1dc14.jpg,pothrgbd,close_up,test,1,0,pothrgbd_876
pothrgbd_20250305_134243_color_png.rf.c34c1cde8d00a646c318a313b4044bf9.jpg,pothrgbd,close_up,val,1,0,pothrgbd_877
pothrgbd_20250305_134250_color_png.rf.1cb49c9a7f57e4313f82df8225274988.jpg,pothrgbd,close_up,val,1,0,pothrgbd_878
pothrgbd_20250305_134302_color_png.rf.2cd05b684cc2cd6b2d8392bed9676b57.jpg,pothrgbd,close_up,train,1,0,pothrgbd_879
pothrgbd_20250305_134331_color_png.rf.1adf087f5e7a4887dd513fde229ed581.jpg,pothrgbd,close_up,train,1,0,pothrgbd_880
pothrgbd_20250305_134622_color_png.rf.ed2805eab2b3cfc4cf63f9d5522b1045.jpg,pothrgbd,close_up,train,1,0,pothrgbd_881
pothrgbd_20250305_134629_color_png.rf.2bc863f3127e1bd8e48cde726fbb6499.jpg,pothrgbd,close_up,train,1,0,pothrgbd_882
pothrgbd_20250305_134713_color_png.rf.e03ac607570b97918703ba53f1cebeca.jpg,pothrgbd,close_up,train,1,0,pothrgbd_883
pothrgbd_20250305_134830_color_png.rf.5d8c3e695d48bd2361baf400a9ee4e20.jpg,pothrgbd,close_up,val,1,0,pothrgbd_884
pothrgbd_20250305_134958_color_png.rf.fd6a169a6dd49a33680f451ab68bcee2.jpg,pothrgbd,close_up,test,1,0,pothrgbd_885
pothrgbd_20250305_135009_color_png.rf.5e971596cad4e5554c3c5329be22fbf6.jpg,pothrgbd,close_up,test,3,0,pothrgbd_886
pothrgbd_20250305_135014_color_png.rf.4533c0ff48363d9f632467e3cfb5766d.jpg,pothrgbd,close_up,train,1,0,pothrgbd_887
pothrgbd_20250305_135029_color_png.rf.9f3d53fde10ede6f4d4b59ee350aacdb.jpg,pothrgbd,close_up,val,1,0,pothrgbd_888
pothrgbd_20250305_135035_color_png.rf.46331a9429094d60236b28b4bbd7aa99.jpg,pothrgbd,close_up,val,2,0,pothrgbd_889
pothrgbd_20250305_135042_color_png.rf.03b83403968473f696da9555e21c4d7b.jpg,pothrgbd,close_up,train,2,0,pothrgbd_890
pothrgbd_20250305_135046_color_png.rf.d193d3f310b024ae3c38fe71c6371241.jpg,pothrgbd,close_up,train,1,0,pothrgbd_891
pothrgbd_20250305_135051_color_png.rf.117c54f3894095da626d9047a2ccb9b6.jpg,pothrgbd,close_up,train,1,0,pothrgbd_892
pothrgbd_20250305_135057_color_png.rf.6ef0af02371e0195dd4df413385e1417.jpg,pothrgbd,close_up,test,1,0,pothrgbd_893
pothrgbd_20250305_135133_color_png.rf.5ae1f401673396c0d64a42de7eb8e7e5.jpg,pothrgbd,close_up,val,1,0,pothrgbd_894
pothrgbd_20250305_135143_color_png.rf.4ed1c952140eb0b413ca7fd6b2d20f07.jpg,pothrgbd,close_up,train,1,0,pothrgbd_895
pothrgbd_20250305_135157_color_png.rf.0269386e1be8cffa7c745416cdbd332b.jpg,pothrgbd,close_up,train,1,0,pothrgbd_896
pothrgbd_20250305_135219_color_png.rf.ce36b0fd769c28b07fe53df0be4d0a78.jpg,pothrgbd,close_up,train,1,0,pothrgbd_897
pothrgbd_20250305_135233_color_png.rf.c7031df3ec7e8cd32179aca6b0bedde3.jpg,pothrgbd,close_up,train,1,0,pothrgbd_898
pothrgbd_20250305_135247_color_png.rf.dd2b37a9e05a62923cfca344c7e5b31d.jpg,pothrgbd,close_up,test,5,0,pothrgbd_899
pothrgbd_20250305_135253_color_png.rf.9a04319a353ed54d8e6faa2da25ab1ea.jpg,pothrgbd,close_up,test,1,0,pothrgbd_900
pothrgbd_20250305_135259_color_png.rf.a0599e21d44e2d100e728abe15b10d31.jpg,pothrgbd,close_up,train,1,0,pothrgbd_901
pothrgbd_20250305_135306_color_png.rf.a9de6197aa4901fc5544d2acc713b1ea.jpg,pothrgbd,close_up,val,1,0,pothrgbd_902
pothrgbd_20250305_135312_color_png.rf.5a143154bc50cad5f65be6909a87f13b.jpg,pothrgbd,close_up,train,1,0,pothrgbd_903
pothrgbd_20250305_135325_color_png.rf.1f31070c55b18784ce843f7870460d82.jpg,pothrgbd,close_up,val,1,0,pothrgbd_904
pothrgbd_20250305_135341_color_png.rf.fa187168f16046d53f08f7258dc361d5.jpg,pothrgbd,close_up,test,2,0,pothrgbd_905
pothrgbd_20250305_135344_color_png.rf.2d86178ef39497ef30aeb5fc62557117.jpg,pothrgbd,close_up,test,2,0,pothrgbd_906
pothrgbd_20250305_135354_color_png.rf.74c84a3d4a0febba95c46307a398c6ae.jpg,pothrgbd,close_up,test,2,0,pothrgbd_907
pothrgbd_20250305_135425_color_png.rf.09aca5487be0aa28e3f0bde0c18d0e2e.jpg,pothrgbd,close_up,val,2,0,pothrgbd_908
pothrgbd_20250305_135431_color_png.rf.a746b43e97a6813e746bf30c0f323fea.jpg,pothrgbd,close_up,train,1,0,pothrgbd_909
pothrgbd_20250305_135440_color_png.rf.5b74b5c7e3842c3605349daaa9c0cf24.jpg,pothrgbd,close_up,train,1,0,pothrgbd_910
pothrgbd_20250305_135459_color_png.rf.925b95dade5b293d825568ae44628b95.jpg,pothrgbd,close_up,train,1,0,pothrgbd_911
pothrgbd_20250305_140109_color_png.rf.e1e3448472c06201553a3aafc6074484.jpg,pothrgbd,close_up,val,1,0,pothrgbd_912
pothrgbd_20250305_140116_color_png.rf.2491fade8ffe275f62cc1097da1ea0ac.jpg,pothrgbd,close_up,test,3,0,pothrgbd_913
pothrgbd_20250305_140151_color_png.rf.8cec202b53f4b976221f89aaae0a6459.jpg,pothrgbd,close_up,train,1,0,pothrgbd_914
pothrgbd_20250305_140155_color_png.rf.d21024957681e5c0ed97bd3e39338c6c.jpg,pothrgbd,close_up,val,1,0,pothrgbd_915
pothrgbd_20250305_140203_color_png.rf.dcbfdeeeb2c15ae4a87b136590459793.jpg,pothrgbd,close_up,val,2,0,pothrgbd_916
pothrgbd_20250305_140415_color_png.rf.3be480fa21999f47fbeace2b696101a9.jpg,pothrgbd,close_up,train,1,0,pothrgbd_917
pothrgbd_20250305_140423_color_png.rf.c510391af75bae588d0d2505ed3b6f12.jpg,pothrgbd,close_up,train,13,0,pothrgbd_918
pothrgbd_20250305_140426_color_png.rf.9de8708e8bf576485a7bb31e6158972f.jpg,pothrgbd,close_up,train,10,0,pothrgbd_919
pothrgbd_20250305_140432_color_png.rf.a1ea8d9c3be050450ab264216a8f9e9b.jpg,pothrgbd,close_up,train,3,0,pothrgbd_920
pothrgbd_20250305_140444_color_png.rf.e6a9d0d119dcec8197b695a3d3000b08.jpg,pothrgbd,close_up,val,1,0,pothrgbd_921
pothrgbd_20250305_140447_color_png.rf.999b17330bb2f49e722a446c8459d1e0.jpg,pothrgbd,close_up,train,1,0,pothrgbd_922
pothrgbd_20250305_140549_color_png.rf.1c245ef8e7782322ffff91a78d602761.jpg,pothrgbd,close_up,train,1,0,pothrgbd_923
pothrgbd_20250305_140801_color_png.rf.b4b5b89c2895fcc52fe4393c7950cc5b.jpg,pothrgbd,close_up,train,1,0,pothrgbd_924
pothrgbd_20250305_140808_color_png.rf.575cada2d8e0e479c415f581a2a7f88b.jpg,pothrgbd,close_up,train,1,0,pothrgbd_925
pothrgbd_20250305_140826_color_png.rf.a392607137a33be0052601f1f65af3a1.jpg,pothrgbd,close_up,train,1,0,pothrgbd_926
pothrgbd_20250305_140842_color_png.rf.ed1b44fccec6a00ec5242bb7003d15a3.jpg,pothrgbd,close_up,train,2,0,pothrgbd_927
pothrgbd_20250305_140851_color_png.rf.3e74ec24ef90d3d7c2e88281a1e399bc.jpg,pothrgbd,close_up,test,1,0,pothrgbd_928
pothrgbd_20250305_141310_color_png.rf.c29be97003e6dd07d1e6b45a7d6c0b7e.jpg,pothrgbd,close_up,train,1,0,pothrgbd_929
pothrgbd_20250305_141316_color_png.rf.fd4017cbb409db202de742f1294cc16b.jpg,pothrgbd,close_up,train,1,0,pothrgbd_930
pothrgbd_20250305_141439_color_png.rf.5d3fd1c0ebfda00cbb25491f5e6e5e41.jpg,pothrgbd,close_up,train,1,0,pothrgbd_931
pothrgbd_20250305_141449_color_png.rf.9645176a41a201ce1027af690dc586c6.jpg,pothrgbd,close_up,val,1,0,pothrgbd_932
pothrgbd_20250305_141520_color_png.rf.24298aa680c4dc925ef1c15f45399eb8.jpg,pothrgbd,close_up,val,1,0,pothrgbd_933
pothrgbd_20250305_141524_color_png.rf.b763666df2f5ed1421f834a42be0ee0f.jpg,pothrgbd,close_up,train,7,0,pothrgbd_934
pothrgbd_20250305_141551_color_png.rf.b6b47192746e297a69150ce8c345ba53.jpg,pothrgbd,close_up,train,1,0,pothrgbd_935
pothrgbd_20250305_141909_color_png.rf.3239a90fd745e5fa24b5fe51bcf9957d.jpg,pothrgbd,close_up,train,1,0,pothrgbd_936
pothrgbd_20250305_141916_color_png.rf.3243370e6d76dc36b27b7b3af15ab997.jpg,pothrgbd,close_up,train,1,0,pothrgbd_937
pothrgbd_20250305_142050_color_png.rf.9708c26a7989b4f0d39f20908fd2c648.jpg,pothrgbd,close_up,train,1,0,pothrgbd_938
pothrgbd_20250305_142058_color_png.rf.06fceb11a02b65693e5db5ca867fef1e.jpg,pothrgbd,close_up,train,1,0,pothrgbd_939
pothrgbd_20250305_142107_color_png.rf.34ab5ad879d9d026fe97f44ebced7cae.jpg,pothrgbd,close_up,train,2,0,pothrgbd_940
pothrgbd_20250305_142115_color_png.rf.e20af3cd8b0c185f442d2cd7ab8c062b.jpg,pothrgbd,close_up,val,1,0,pothrgbd_941
pothrgbd_20250305_142139_color_png.rf.e171f0528a35d227e943751b475fdf84.jpg,pothrgbd,close_up,train,4,0,pothrgbd_942
pothrgbd_20250305_142205_color_png.rf.a59b281d816040d9e83bff596a1fc40f.jpg,pothrgbd,close_up,train,1,0,pothrgbd_943
pothrgbd_20250305_142220_color_png.rf.d61f3638cf8ef522452f1daf912cc2c7.jpg,pothrgbd,close_up,train,2,0,pothrgbd_944
pothrgbd_20250305_142246_color_png.rf.b1725efb684ae878735e4ea26c7621e8.jpg,pothrgbd,close_up,train,1,0,pothrgbd_945
pothrgbd_20250305_142301_color_png.rf.14d3268563a2329c4a3188dc5b725804.jpg,pothrgbd,close_up,train,1,0,pothrgbd_946
pothrgbd_20250305_142409_color_png.rf.15810832f52794ed748ab67a51792aa5.jpg,pothrgbd,close_up,train,1,0,pothrgbd_947
pothrgbd_20250305_142436_color_png.rf.b61ed83f22049006f1df8e389c0a0471.jpg,pothrgbd,close_up,train,1,0,pothrgbd_948
pothrgbd_20250305_142451_color_png.rf.38d1d1c4a66c38d756a69a4679dd6c67.jpg,pothrgbd,close_up,val,1,0,pothrgbd_949
pothrgbd_20250305_142518_color_png.rf.a8b634f8f47acbcf8f6567e9695da980.jpg,pothrgbd,close_up,train,1,0,pothrgbd_950
pothrgbd_20250305_142529_color_png.rf.38f4acd0364fb2b87b61fc9a92e1a31a.jpg,pothrgbd,close_up,train,2,0,pothrgbd_951
pothrgbd_20250305_142551_color_png.rf.c829fb4334d9f5676f7fccdd1f4fd331.jpg,pothrgbd,close_up,train,1,0,pothrgbd_952
pothrgbd_20250305_142602_color_png.rf.2352e6011e7a5ae8a53d95e0d8de74e1.jpg,pothrgbd,close_up,test,1,0,pothrgbd_953
pothrgbd_20250305_142717_color_png.rf.4f92d259fda41a6b67a3083572d9c50e.jpg,pothrgbd,close_up,test,1,0,pothrgbd_954
pothrgbd_20250305_142744_color_png.rf.6c9d6812a722e2d1189211406d039c19.jpg,pothrgbd,close_up,train,2,0,pothrgbd_955
pothrgbd_20250305_142815_color_png.rf.de44a154339b146a134ff4228b0ac429.jpg,pothrgbd,close_up,train,1,0,pothrgbd_956
pothrgbd_20250305_143002_color_png.rf.e4667b4f8933963874cff191b1bbbce6.jpg,pothrgbd,close_up,train,1,0,pothrgbd_957
pothrgbd_20250305_143025_color_png.rf.c89109c8033de07c26b8d72e751bf76b.jpg,pothrgbd,close_up,train,1,0,pothrgbd_958
pothrgbd_20250305_143042_color_png.rf.c33bd1063fb45bfd132ff019a44ab925.jpg,pothrgbd,close_up,train,1,0,pothrgbd_959
pothrgbd_20250305_143046_color_png.rf.12bb678ec7ec885b57e42364a1f02f53.jpg,pothrgbd,close_up,train,2,0,pothrgbd_960
pothrgbd_20250305_143109_color_png.rf.4fef0783f4bcf7d86d095fa6bb516dc3.jpg,pothrgbd,close_up,train,1,0,pothrgbd_961
pothrgbd_20250305_143124_color_png.rf.7b99fea8a48035a47d4220d0b6bcbad9.jpg,pothrgbd,close_up,train,4,0,pothrgbd_962
pothrgbd_20250305_143219_color_png.rf.d3a5abf19a291e26379bc831d6963baf.jpg,pothrgbd,close_up,train,3,0,pothrgbd_963
pothrgbd_20250305_143234_color_png.rf.691c478418388091e738178c4a9d24d1.jpg,pothrgbd,close_up,train,1,0,pothrgbd_964
pothrgbd_20250305_143243_color_png.rf.e4f735945ad53d12772a0f857de64505.jpg,pothrgbd,close_up,train,1,0,pothrgbd_965
pothrgbd_20250305_143250_color_png.rf.e1d3d873655a3afa3133243f4ee3391d.jpg,pothrgbd,close_up,train,1,0,pothrgbd_966
pothrgbd_20250305_143255_color_png.rf.fb0cb447f8e980b2ead96c9127c8bf57.jpg,pothrgbd,close_up,val,1,0,pothrgbd_967
pothrgbd_20250305_143305_color_png.rf.5ae7ca7239377ceebf364f8a74b4a6fa.jpg,pothrgbd,close_up,train,1,0,pothrgbd_968
pothrgbd_20250305_143314_color_png.rf.fe220a38695f6711bc4c468f21e3de85.jpg,pothrgbd,close_up,val,2,0,pothrgbd_969
pothrgbd_20250305_143325_color_png.rf.eafe4d0b4bde3e95d57143af00122e33.jpg,pothrgbd,close_up,train,1,0,pothrgbd_970
pothrgbd_20250305_143414_color_png.rf.48d8252e77cc2c49c48324ee3fee5db6.jpg,pothrgbd,close_up,train,3,0,pothrgbd_971
pothrgbd_20250305_143424_color_png.rf.d030ac5ccadf90f6ed10546d9681fcd7.jpg,pothrgbd,close_up,train,5,0,pothrgbd_972
pothrgbd_20250305_143919_color_png.rf.5bc35452820b7b5b3775c54f54d9b3ba.jpg,pothrgbd,close_up,train,1,0,pothrgbd_973
pothrgbd_20250305_143927_color_png.rf.4f2f0264201cf14c7074e4ca247ffce2.jpg,pothrgbd,close_up,train,1,0,pothrgbd_974
pothrgbd_20250305_144025_color_png.rf.505cdbcae6c874e08d5e9fde8c79e7db.jpg,pothrgbd,close_up,train,1,0,pothrgbd_975
pothrgbd_20250305_144032_color_png.rf.34fc1a192e682dcd3af86429670a8df2.jpg,pothrgbd,close_up,train,1,0,pothrgbd_976
pothrgbd_20250305_144527_color_png.rf.9de3202e72b4583d780575cdba201227.jpg,pothrgbd,close_up,train,1,0,pothrgbd_977
pothrgbd_20250305_150021_color_png.rf.52a8005026ae5c197e373a2e278df9b7.jpg,pothrgbd,close_up,train,1,0,pothrgbd_978
pothrgbd_20250305_150029_color_png.rf.5238babcb1118890e66396ffa3c3cc74.jpg,pothrgbd,close_up,train,1,0,pothrgbd_979
pothrgbd_20250305_150043_color_png.rf.6d8c18e65ca60310702f9432202c6914.jpg,pothrgbd,close_up,val,2,0,pothrgbd_980
pothrgbd_20250305_150049_color_png.rf.1fcba099eabc825cfd624a8f8f2cbe8d.jpg,pothrgbd,close_up,train,1,0,pothrgbd_981
pothrgbd_20250305_150113_color_png.rf.beb61da125a580cd2cce6e339956ac38.jpg,pothrgbd,close_up,val,1,0,pothrgbd_982
pothrgbd_20250305_150132_color_png.rf.e32812314c0ec10f59daf8eae611eb36.jpg,pothrgbd,close_up,train,1,0,pothrgbd_983
pothrgbd_20250305_150323_color_png.rf.ba96be44c948fee8e52eb7bd313fd014.jpg,pothrgbd,close_up,train,1,0,pothrgbd_984
pothrgbd_20250305_150331_color_png.rf.81c48ba1ebbee6f91c990db80f4786d6.jpg,pothrgbd,close_up,test,1,0,pothrgbd_985
pothrgbd_20250305_150348_color_png.rf.d4790b090287b4df7893adadd975ecf0.jpg,pothrgbd,close_up,train,1,0,pothrgbd_986
pothrgbd_20250305_150414_color_png.rf.c2f73b98253bca52431560a24099f835.jpg,pothrgbd,close_up,train,1,0,pothrgbd_987
pothrgbd_20250305_150419_color_png.rf.823b01dfbe6c6976c7e56b10203259dd.jpg,pothrgbd,close_up,test,1,0,pothrgbd_988
pothrgbd_20250305_150442_color_png.rf.3aa276f26760bd7a0364beb75db3feb0.jpg,pothrgbd,close_up,test,1,0,pothrgbd_989
pothrgbd_20250305_150506_color_png.rf.9d148e61568ebcf41759c44cf039d5e0.jpg,pothrgbd,close_up,train,1,0,pothrgbd_990
pothrgbd_20250305_150515_color_png.rf.1ef39ee665ee13a401306082d32e2591.jpg,pothrgbd,close_up,train,1,0,pothrgbd_991
pothrgbd_20250305_150518_color_png.rf.6607f4a1039a171484b2eb87aabaa839.jpg,pothrgbd,close_up,train,1,0,pothrgbd_992
pothrgbd_20250305_151641_color_png.rf.1de5af6c9d78248c3b2c71ca5a1bab88.jpg,pothrgbd,close_up,train,1,0,pothrgbd_993
pothrgbd_20250305_152851_color_png.rf.f8bf36801bdccd01001a6d929b08fc76.jpg,pothrgbd,close_up,train,1,0,pothrgbd_994
pothrgbd_20250305_153008_color_png.rf.3c59be85ee5084f6df43dc7b3ee65506.jpg,pothrgbd,close_up,test,1,0,pothrgbd_995
rdd_India_000001.jpg,rdd,far_dashcam,train,0,1,rdd_0
rdd_India_000005.jpg,rdd,far_dashcam,train,1,0,rdd_1
rdd_India_000011.jpg,rdd,far_dashcam,train,0,1,rdd_2
rdd_India_000017.jpg,rdd,far_dashcam,train,4,0,rdd_3
rdd_India_000019.jpg,rdd,far_dashcam,train,0,1,rdd_4
rdd_India_000024.jpg,rdd,far_dashcam,train,0,1,rdd_5
rdd_India_000027.jpg,rdd,far_dashcam,train,5,0,rdd_6
rdd_India_000037.jpg,rdd,far_dashcam,train,0,1,rdd_7
rdd_India_000039.jpg,rdd,far_dashcam,train,0,1,rdd_8
rdd_India_000043.jpg,rdd,far_dashcam,train,6,0,rdd_9
rdd_India_000052.jpg,rdd,far_dashcam,train,6,0,rdd_10
rdd_India_000054.jpg,rdd,far_dashcam,train,1,0,rdd_11
rdd_India_000055.jpg,rdd,far_dashcam,test,1,0,rdd_12
rdd_India_000057.jpg,rdd,far_dashcam,train,2,0,rdd_13
rdd_India_000061.jpg,rdd,far_dashcam,train,2,0,rdd_14
rdd_India_000064.jpg,rdd,far_dashcam,train,0,1,rdd_15
rdd_India_000067.jpg,rdd,far_dashcam,train,1,0,rdd_16
rdd_India_000071.jpg,rdd,far_dashcam,train,2,0,rdd_17
rdd_India_000073.jpg,rdd,far_dashcam,train,0,1,rdd_18
rdd_India_000079.jpg,rdd,far_dashcam,train,0,1,rdd_19
rdd_India_000080.jpg,rdd,far_dashcam,train,0,1,rdd_20
rdd_India_000081.jpg,rdd,far_dashcam,train,1,0,rdd_21
rdd_India_000086.jpg,rdd,far_dashcam,train,0,1,rdd_22
rdd_India_000090.jpg,rdd,far_dashcam,train,0,1,rdd_23
rdd_India_000099.jpg,rdd,far_dashcam,train,0,1,rdd_24
rdd_India_000102.jpg,rdd,far_dashcam,train,0,1,rdd_25
rdd_India_000103.jpg,rdd,far_dashcam,train,1,0,rdd_26
rdd_India_000105.jpg,rdd,far_dashcam,test,3,0,rdd_27
rdd_India_000109.jpg,rdd,far_dashcam,test,1,0,rdd_28
rdd_India_000111.jpg,rdd,far_dashcam,train,0,1,rdd_29
rdd_India_000112.jpg,rdd,far_dashcam,test,0,1,rdd_30
rdd_India_000115.jpg,rdd,far_dashcam,train,1,0,rdd_31
rdd_India_000117.jpg,rdd,far_dashcam,train,0,1,rdd_32
rdd_India_000119.jpg,rdd,far_dashcam,train,0,1,rdd_33
rdd_India_000123.jpg,rdd,far_dashcam,train,0,1,rdd_34
rdd_India_000125.jpg,rdd,far_dashcam,train,0,1,rdd_35
rdd_India_000126.jpg,rdd,far_dashcam,train,1,0,rdd_36
rdd_India_000127.jpg,rdd,far_dashcam,train,1,0,rdd_37
rdd_India_000128.jpg,rdd,far_dashcam,train,1,0,rdd_38
rdd_India_000129.jpg,rdd,far_dashcam,val,0,1,rdd_39
rdd_India_000131.jpg,rdd,far_dashcam,train,1,0,rdd_40
rdd_India_000132.jpg,rdd,far_dashcam,train,0,1,rdd_41
rdd_India_000135.jpg,rdd,far_dashcam,train,0,1,rdd_42
rdd_India_000146.jpg,rdd,far_dashcam,train,0,1,rdd_43
rdd_India_000147.jpg,rdd,far_dashcam,test,2,0,rdd_44
rdd_India_000148.jpg,rdd,far_dashcam,train,0,1,rdd_45
rdd_India_000150.jpg,rdd,far_dashcam,train,0,1,rdd_46
rdd_India_000151.jpg,rdd,far_dashcam,train,0,1,rdd_47
rdd_India_000155.jpg,rdd,far_dashcam,train,1,0,rdd_48
rdd_India_000156.jpg,rdd,far_dashcam,train,0,1,rdd_49
rdd_India_000158.jpg,rdd,far_dashcam,train,0,1,rdd_50
rdd_India_000160.jpg,rdd,far_dashcam,test,0,1,rdd_51
rdd_India_000166.jpg,rdd,far_dashcam,val,0,1,rdd_52
rdd_India_000168.jpg,rdd,far_dashcam,train,3,0,rdd_53
rdd_India_000170.jpg,rdd,far_dashcam,train,0,1,rdd_54
rdd_India_000173.jpg,rdd,far_dashcam,train,2,0,rdd_55
rdd_India_000174.jpg,rdd,far_dashcam,train,4,0,rdd_56
rdd_India_000177.jpg,rdd,far_dashcam,train,0,1,rdd_57
rdd_India_000193.jpg,rdd,far_dashcam,train,2,0,rdd_58
rdd_India_000194.jpg,rdd,far_dashcam,train,0,1,rdd_59
rdd_India_000197.jpg,rdd,far_dashcam,train,0,1,rdd_60
rdd_India_000198.jpg,rdd,far_dashcam,train,0,1,rdd_61
rdd_India_000204.jpg,rdd,far_dashcam,train,0,1,rdd_62
rdd_India_000205.jpg,rdd,far_dashcam,train,0,1,rdd_63
rdd_India_000206.jpg,rdd,far_dashcam,train,0,1,rdd_64
rdd_India_000209.jpg,rdd,far_dashcam,test,6,0,rdd_65
rdd_India_000217.jpg,rdd,far_dashcam,train,0,1,rdd_66
rdd_India_000218.jpg,rdd,far_dashcam,test,0,1,rdd_67
rdd_India_000223.jpg,rdd,far_dashcam,train,6,0,rdd_68
rdd_India_000229.jpg,rdd,far_dashcam,test,0,1,rdd_69
rdd_India_000230.jpg,rdd,far_dashcam,test,1,0,rdd_70
rdd_India_000232.jpg,rdd,far_dashcam,train,0,1,rdd_71
rdd_India_000236.jpg,rdd,far_dashcam,val,0,1,rdd_72
rdd_India_000241.jpg,rdd,far_dashcam,train,1,0,rdd_73
rdd_India_000242.jpg,rdd,far_dashcam,test,0,1,rdd_74
rdd_India_000243.jpg,rdd,far_dashcam,train,0,1,rdd_75
rdd_India_000244.jpg,rdd,far_dashcam,train,0,1,rdd_76
rdd_India_000245.jpg,rdd,far_dashcam,test,0,1,rdd_77
rdd_India_000252.jpg,rdd,far_dashcam,test,0,1,rdd_78
rdd_India_000253.jpg,rdd,far_dashcam,train,0,1,rdd_79
rdd_India_000257.jpg,rdd,far_dashcam,train,0,1,rdd_80
rdd_India_000258.jpg,rdd,far_dashcam,val,0,1,rdd_81
rdd_India_000261.jpg,rdd,far_dashcam,train,1,0,rdd_82
rdd_India_000267.jpg,rdd,far_dashcam,train,0,1,rdd_83
rdd_India_000268.jpg,rdd,far_dashcam,train,1,0,rdd_84
rdd_India_000270.jpg,rdd,far_dashcam,train,0,1,rdd_85
rdd_India_000273.jpg,rdd,far_dashcam,test,0,1,rdd_86
rdd_India_000274.jpg,rdd,far_dashcam,val,3,0,rdd_87
rdd_India_000275.jpg,rdd,far_dashcam,train,0,1,rdd_88
rdd_India_000278.jpg,rdd,far_dashcam,val,1,0,rdd_89
rdd_India_000280.jpg,rdd,far_dashcam,train,0,1,rdd_90
rdd_India_000282.jpg,rdd,far_dashcam,test,0,1,rdd_91
rdd_India_000285.jpg,rdd,far_dashcam,train,0,1,rdd_92
rdd_India_000286.jpg,rdd,far_dashcam,train,0,1,rdd_93
rdd_India_000288.jpg,rdd,far_dashcam,train,2,0,rdd_94
rdd_India_000289.jpg,rdd,far_dashcam,train,0,1,rdd_95
rdd_India_000298.jpg,rdd,far_dashcam,train,0,1,rdd_96
rdd_India_000301.jpg,rdd,far_dashcam,train,2,0,rdd_97
rdd_India_000305.jpg,rdd,far_dashcam,train,0,1,rdd_98
rdd_India_000316.jpg,rdd,far_dashcam,train,5,0,rdd_99
rdd_India_000317.jpg,rdd,far_dashcam,train,1,0,rdd_100
rdd_India_000320.jpg,rdd,far_dashcam,train,1,0,rdd_101
rdd_India_000321.jpg,rdd,far_dashcam,test,0,1,rdd_102
rdd_India_000323.jpg,rdd,far_dashcam,train,3,0,rdd_103
rdd_India_000329.jpg,rdd,far_dashcam,test,0,1,rdd_104
rdd_India_000332.jpg,rdd,far_dashcam,test,0,1,rdd_105
rdd_India_000337.jpg,rdd,far_dashcam,val,0,1,rdd_106
rdd_India_000338.jpg,rdd,far_dashcam,train,0,1,rdd_107
rdd_India_000340.jpg,rdd,far_dashcam,val,0,1,rdd_108
rdd_India_000351.jpg,rdd,far_dashcam,val,0,1,rdd_109
rdd_India_000352.jpg,rdd,far_dashcam,val,2,0,rdd_110
rdd_India_000358.jpg,rdd,far_dashcam,val,0,1,rdd_111
rdd_India_000361.jpg,rdd,far_dashcam,val,3,0,rdd_112
rdd_India_000367.jpg,rdd,far_dashcam,val,1,0,rdd_113
rdd_India_000368.jpg,rdd,far_dashcam,val,3,0,rdd_114
rdd_India_000369.jpg,rdd,far_dashcam,train,0,1,rdd_115
rdd_India_000373.jpg,rdd,far_dashcam,train,1,0,rdd_116
rdd_India_000376.jpg,rdd,far_dashcam,train,0,1,rdd_117
rdd_India_000382.jpg,rdd,far_dashcam,val,0,1,rdd_118
rdd_India_000383.jpg,rdd,far_dashcam,train,5,0,rdd_119
rdd_India_000384.jpg,rdd,far_dashcam,val,2,0,rdd_120
rdd_India_000389.jpg,rdd,far_dashcam,test,1,0,rdd_121
rdd_India_000391.jpg,rdd,far_dashcam,val,1,0,rdd_122
rdd_India_000392.jpg,rdd,far_dashcam,val,1,0,rdd_123
rdd_India_000394.jpg,rdd,far_dashcam,train,0,1,rdd_124
rdd_India_000399.jpg,rdd,far_dashcam,train,2,0,rdd_125
rdd_India_000402.jpg,rdd,far_dashcam,val,2,0,rdd_126
rdd_India_000405.jpg,rdd,far_dashcam,train,0,1,rdd_127
rdd_India_000408.jpg,rdd,far_dashcam,train,0,1,rdd_128
rdd_India_000424.jpg,rdd,far_dashcam,val,0,1,rdd_129
rdd_India_000427.jpg,rdd,far_dashcam,train,0,1,rdd_130
rdd_India_000430.jpg,rdd,far_dashcam,train,0,1,rdd_131
rdd_India_000431.jpg,rdd,far_dashcam,val,1,0,rdd_132
rdd_India_000438.jpg,rdd,far_dashcam,train,2,0,rdd_133
rdd_India_000439.jpg,rdd,far_dashcam,test,6,0,rdd_134
rdd_India_000440.jpg,rdd,far_dashcam,train,1,0,rdd_135
rdd_India_000444.jpg,rdd,far_dashcam,train,0,1,rdd_136
rdd_India_000446.jpg,rdd,far_dashcam,test,0,1,rdd_137
rdd_India_000448.jpg,rdd,far_dashcam,train,3,0,rdd_138
rdd_India_000451.jpg,rdd,far_dashcam,train,0,1,rdd_139
rdd_India_000453.jpg,rdd,far_dashcam,train,0,1,rdd_140
rdd_India_000455.jpg,rdd,far_dashcam,train,0,1,rdd_141
rdd_India_000456.jpg,rdd,far_dashcam,train,2,0,rdd_142
rdd_India_000457.jpg,rdd,far_dashcam,val,0,1,rdd_143
rdd_India_000462.jpg,rdd,far_dashcam,train,0,1,rdd_144
rdd_India_000465.jpg,rdd,far_dashcam,train,0,1,rdd_145
rdd_India_000466.jpg,rdd,far_dashcam,test,4,0,rdd_146
rdd_India_000470.jpg,rdd,far_dashcam,train,7,0,rdd_147
rdd_India_000472.jpg,rdd,far_dashcam,train,2,0,rdd_148
rdd_India_000473.jpg,rdd,far_dashcam,test,0,1,rdd_149
rdd_India_000475.jpg,rdd,far_dashcam,test,4,0,rdd_150
rdd_India_000485.jpg,rdd,far_dashcam,val,1,0,rdd_151
rdd_India_000486.jpg,rdd,far_dashcam,val,1,0,rdd_152
rdd_India_000493.jpg,rdd,far_dashcam,val,0,1,rdd_153
rdd_India_000495.jpg,rdd,far_dashcam,test,0,1,rdd_154
rdd_India_000497.jpg,rdd,far_dashcam,train,0,1,rdd_155
rdd_India_000499.jpg,rdd,far_dashcam,train,0,1,rdd_156
rdd_India_000509.jpg,rdd,far_dashcam,train,0,1,rdd_157
rdd_India_000512.jpg,rdd,far_dashcam,val,0,1,rdd_158
rdd_India_000517.jpg,rdd,far_dashcam,val,4,0,rdd_159
rdd_India_000519.jpg,rdd,far_dashcam,test,0,1,rdd_160
rdd_India_000521.jpg,rdd,far_dashcam,train,0,1,rdd_161
rdd_India_000522.jpg,rdd,far_dashcam,test,0,1,rdd_162
rdd_India_000528.jpg,rdd,far_dashcam,val,0,1,rdd_163
rdd_India_000529.jpg,rdd,far_dashcam,test,0,1,rdd_164
rdd_India_000535.jpg,rdd,far_dashcam,train,1,0,rdd_165
rdd_India_000537.jpg,rdd,far_dashcam,test,8,0,rdd_166
rdd_India_000544.jpg,rdd,far_dashcam,val,3,0,rdd_167
rdd_India_000545.jpg,rdd,far_dashcam,train,1,0,rdd_168
rdd_India_000548.jpg,rdd,far_dashcam,train,0,1,rdd_169
rdd_India_000551.jpg,rdd,far_dashcam,train,0,1,rdd_170
rdd_India_000552.jpg,rdd,far_dashcam,train,6,0,rdd_171
rdd_India_000555.jpg,rdd,far_dashcam,val,0,1,rdd_172
rdd_India_000557.jpg,rdd,far_dashcam,val,5,0,rdd_173
rdd_India_000562.jpg,rdd,far_dashcam,test,1,0,rdd_174
rdd_India_000563.jpg,rdd,far_dashcam,val,1,0,rdd_175
rdd_India_000570.jpg,rdd,far_dashcam,train,0,1,rdd_176
rdd_India_000572.jpg,rdd,far_dashcam,train,0,1,rdd_177
rdd_India_000575.jpg,rdd,far_dashcam,train,2,0,rdd_178
rdd_India_000576.jpg,rdd,far_dashcam,train,1,0,rdd_179
rdd_India_000579.jpg,rdd,far_dashcam,test,2,0,rdd_180
rdd_India_000580.jpg,rdd,far_dashcam,train,1,0,rdd_181
rdd_India_000581.jpg,rdd,far_dashcam,train,2,0,rdd_182
rdd_India_000586.jpg,rdd,far_dashcam,train,3,0,rdd_183
rdd_India_000590.jpg,rdd,far_dashcam,train,1,0,rdd_184
rdd_India_000591.jpg,rdd,far_dashcam,train,1,0,rdd_185
rdd_India_000592.jpg,rdd,far_dashcam,train,0,1,rdd_186
rdd_India_000594.jpg,rdd,far_dashcam,train,0,1,rdd_187
rdd_India_000595.jpg,rdd,far_dashcam,train,3,0,rdd_188
rdd_India_000596.jpg,rdd,far_dashcam,train,1,0,rdd_189
rdd_India_000597.jpg,rdd,far_dashcam,train,0,1,rdd_190
rdd_India_000600.jpg,rdd,far_dashcam,train,0,1,rdd_191
rdd_India_000603.jpg,rdd,far_dashcam,train,0,1,rdd_192
rdd_India_000606.jpg,rdd,far_dashcam,train,0,1,rdd_193
rdd_India_000612.jpg,rdd,far_dashcam,val,1,0,rdd_194
rdd_India_000614.jpg,rdd,far_dashcam,test,2,0,rdd_195
rdd_India_000617.jpg,rdd,far_dashcam,train,0,1,rdd_196
rdd_India_000618.jpg,rdd,far_dashcam,train,2,0,rdd_197
rdd_India_000620.jpg,rdd,far_dashcam,test,0,1,rdd_198
rdd_India_000627.jpg,rdd,far_dashcam,train,1,0,rdd_199
rdd_India_000628.jpg,rdd,far_dashcam,train,1,0,rdd_200
rdd_India_000631.jpg,rdd,far_dashcam,train,2,0,rdd_201
rdd_India_000637.jpg,rdd,far_dashcam,train,0,1,rdd_202
rdd_India_000638.jpg,rdd,far_dashcam,test,0,1,rdd_203
rdd_India_000639.jpg,rdd,far_dashcam,train,0,1,rdd_204
rdd_India_000644.jpg,rdd,far_dashcam,train,1,0,rdd_205
rdd_India_000646.jpg,rdd,far_dashcam,train,1,0,rdd_206
rdd_India_000647.jpg,rdd,far_dashcam,train,0,1,rdd_207
rdd_India_000652.jpg,rdd,far_dashcam,val,4,0,rdd_208
rdd_India_000653.jpg,rdd,far_dashcam,train,0,1,rdd_209
rdd_India_000654.jpg,rdd,far_dashcam,test,1,0,rdd_210
rdd_India_000659.jpg,rdd,far_dashcam,train,6,0,rdd_211
rdd_India_000669.jpg,rdd,far_dashcam,train,2,0,rdd_212
rdd_India_000677.jpg,rdd,far_dashcam,train,0,1,rdd_213
rdd_India_000682.jpg,rdd,far_dashcam,val,1,0,rdd_214
rdd_India_000684.jpg,rdd,far_dashcam,train,2,0,rdd_215
rdd_India_000685.jpg,rdd,far_dashcam,test,2,0,rdd_216
rdd_India_000690.jpg,rdd,far_dashcam,train,0,1,rdd_217
rdd_India_000693.jpg,rdd,far_dashcam,train,0,1,rdd_218
rdd_India_000697.jpg,rdd,far_dashcam,train,0,1,rdd_219
rdd_India_000700.jpg,rdd,far_dashcam,test,0,1,rdd_220
rdd_India_000701.jpg,rdd,far_dashcam,test,1,0,rdd_221
rdd_India_000705.jpg,rdd,far_dashcam,train,2,0,rdd_222
rdd_India_000710.jpg,rdd,far_dashcam,train,2,0,rdd_223
rdd_India_000714.jpg,rdd,far_dashcam,train,2,0,rdd_224
rdd_India_000718.jpg,rdd,far_dashcam,train,2,0,rdd_225
rdd_India_000719.jpg,rdd,far_dashcam,train,0,1,rdd_226
rdd_India_000721.jpg,rdd,far_dashcam,train,0,1,rdd_227
rdd_India_000722.jpg,rdd,far_dashcam,train,0,1,rdd_228
rdd_India_000724.jpg,rdd,far_dashcam,train,1,0,rdd_229
rdd_India_000725.jpg,rdd,far_dashcam,test,0,1,rdd_230
rdd_India_000729.jpg,rdd,far_dashcam,val,6,0,rdd_231
rdd_India_000731.jpg,rdd,far_dashcam,val,1,0,rdd_232
rdd_India_000732.jpg,rdd,far_dashcam,test,1,0,rdd_233
rdd_India_000733.jpg,rdd,far_dashcam,train,0,1,rdd_234
rdd_India_000735.jpg,rdd,far_dashcam,test,1,0,rdd_235
rdd_India_000739.jpg,rdd,far_dashcam,val,0,1,rdd_236
rdd_India_000741.jpg,rdd,far_dashcam,train,0,1,rdd_237
rdd_India_000743.jpg,rdd,far_dashcam,train,1,0,rdd_238
rdd_India_000744.jpg,rdd,far_dashcam,train,2,0,rdd_239
rdd_India_000745.jpg,rdd,far_dashcam,test,2,0,rdd_240
rdd_India_000746.jpg,rdd,far_dashcam,test,1,0,rdd_241
rdd_India_000747.jpg,rdd,far_dashcam,val,1,0,rdd_242
rdd_India_000756.jpg,rdd,far_dashcam,train,1,0,rdd_243
rdd_India_000757.jpg,rdd,far_dashcam,val,0,1,rdd_244
rdd_India_000759.jpg,rdd,far_dashcam,train,1,0,rdd_245
rdd_India_000764.jpg,rdd,far_dashcam,train,0,1,rdd_246
rdd_India_000765.jpg,rdd,far_dashcam,train,0,1,rdd_247
rdd_India_000766.jpg,rdd,far_dashcam,train,0,1,rdd_248
rdd_India_000768.jpg,rdd,far_dashcam,train,1,0,rdd_249
rdd_India_000770.jpg,rdd,far_dashcam,test,2,0,rdd_250
rdd_India_000771.jpg,rdd,far_dashcam,train,1,0,rdd_251
rdd_India_000779.jpg,rdd,far_dashcam,test,0,1,rdd_252
rdd_India_000780.jpg,rdd,far_dashcam,train,0,1,rdd_253
rdd_India_000781.jpg,rdd,far_dashcam,test,1,0,rdd_254
rdd_India_000782.jpg,rdd,far_dashcam,test,0,1,rdd_255
rdd_India_000785.jpg,rdd,far_dashcam,train,1,0,rdd_256
rdd_India_000796.jpg,rdd,far_dashcam,train,0,1,rdd_257
rdd_India_000797.jpg,rdd,far_dashcam,train,1,0,rdd_258
rdd_India_000802.jpg,rdd,far_dashcam,val,1,0,rdd_259
rdd_India_000803.jpg,rdd,far_dashcam,test,0,1,rdd_260
rdd_India_000805.jpg,rdd,far_dashcam,train,0,1,rdd_261
rdd_India_000806.jpg,rdd,far_dashcam,train,0,1,rdd_262
rdd_India_000808.jpg,rdd,far_dashcam,train,4,0,rdd_263
rdd_India_000812.jpg,rdd,far_dashcam,train,3,0,rdd_264
rdd_India_000819.jpg,rdd,far_dashcam,train,0,1,rdd_265
rdd_India_000820.jpg,rdd,far_dashcam,val,0,1,rdd_266
rdd_India_000822.jpg,rdd,far_dashcam,test,2,0,rdd_267
rdd_India_000823.jpg,rdd,far_dashcam,train,1,0,rdd_268
rdd_India_000825.jpg,rdd,far_dashcam,train,1,0,rdd_269
rdd_India_000826.jpg,rdd,far_dashcam,val,0,1,rdd_270
rdd_India_000831.jpg,rdd,far_dashcam,val,1,0,rdd_271
rdd_India_000832.jpg,rdd,far_dashcam,train,0,1,rdd_272
rdd_India_000840.jpg,rdd,far_dashcam,train,1,0,rdd_273
rdd_India_000842.jpg,rdd,far_dashcam,train,0,1,rdd_274
rdd_India_000846.jpg,rdd,far_dashcam,train,1,0,rdd_275
rdd_India_000847.jpg,rdd,far_dashcam,train,0,1,rdd_276
rdd_India_000848.jpg,rdd,far_dashcam,val,1,0,rdd_277
rdd_India_000852.jpg,rdd,far_dashcam,train,0,1,rdd_278
rdd_India_000853.jpg,rdd,far_dashcam,train,2,0,rdd_279
rdd_India_000855.jpg,rdd,far_dashcam,train,5,0,rdd_280
rdd_India_000857.jpg,rdd,far_dashcam,val,1,0,rdd_281
rdd_India_000859.jpg,rdd,far_dashcam,val,0,1,rdd_282
rdd_India_000860.jpg,rdd,far_dashcam,train,0,1,rdd_283
rdd_India_000862.jpg,rdd,far_dashcam,train,3,0,rdd_284
rdd_India_000864.jpg,rdd,far_dashcam,train,2,0,rdd_285
rdd_India_000865.jpg,rdd,far_dashcam,train,0,1,rdd_286
rdd_India_000873.jpg,rdd,far_dashcam,train,2,0,rdd_287
rdd_India_000881.jpg,rdd,far_dashcam,test,0,1,rdd_288
rdd_India_000885.jpg,rdd,far_dashcam,train,0,1,rdd_289
rdd_India_000891.jpg,rdd,far_dashcam,train,0,1,rdd_290
rdd_India_000893.jpg,rdd,far_dashcam,train,1,0,rdd_291
rdd_India_000914.jpg,rdd,far_dashcam,train,6,0,rdd_292
rdd_India_000915.jpg,rdd,far_dashcam,train,1,0,rdd_293
rdd_India_000917.jpg,rdd,far_dashcam,val,0,1,rdd_294
rdd_India_000921.jpg,rdd,far_dashcam,test,1,0,rdd_295
rdd_India_000923.jpg,rdd,far_dashcam,test,1,0,rdd_296
rdd_India_000931.jpg,rdd,far_dashcam,val,1,0,rdd_297
rdd_India_000932.jpg,rdd,far_dashcam,train,0,1,rdd_298
rdd_India_000934.jpg,rdd,far_dashcam,test,0,1,rdd_299
rdd_India_000935.jpg,rdd,far_dashcam,val,2,0,rdd_300
rdd_India_000936.jpg,rdd,far_dashcam,train,0,1,rdd_301
rdd_India_000942.jpg,rdd,far_dashcam,train,1,0,rdd_302
rdd_India_000944.jpg,rdd,far_dashcam,val,3,0,rdd_303
rdd_India_000945.jpg,rdd,far_dashcam,train,4,0,rdd_304
rdd_India_000946.jpg,rdd,far_dashcam,train,1,0,rdd_305
rdd_India_000952.jpg,rdd,far_dashcam,train,0,1,rdd_306
rdd_India_000954.jpg,rdd,far_dashcam,test,0,1,rdd_307
rdd_India_000958.jpg,rdd,far_dashcam,train,0,1,rdd_308
rdd_India_000959.jpg,rdd,far_dashcam,val,0,1,rdd_309
rdd_India_000963.jpg,rdd,far_dashcam,train,5,0,rdd_310
rdd_India_000969.jpg,rdd,far_dashcam,train,1,0,rdd_311
rdd_India_000970.jpg,rdd,far_dashcam,test,1,0,rdd_312
rdd_India_000976.jpg,rdd,far_dashcam,train,0,1,rdd_313
rdd_India_000977.jpg,rdd,far_dashcam,train,1,0,rdd_314
rdd_India_000979.jpg,rdd,far_dashcam,train,2,0,rdd_315
rdd_India_000981.jpg,rdd,far_dashcam,val,1,0,rdd_316
rdd_India_000992.jpg,rdd,far_dashcam,train,0,1,rdd_317
rdd_India_000993.jpg,rdd,far_dashcam,train,1,0,rdd_318
rdd_India_000994.jpg,rdd,far_dashcam,test,7,0,rdd_319
rdd_India_000996.jpg,rdd,far_dashcam,test,2,0,rdd_320
rdd_India_000997.jpg,rdd,far_dashcam,train,1,0,rdd_321
rdd_India_001000.jpg,rdd,far_dashcam,train,0,1,rdd_322
rdd_India_001002.jpg,rdd,far_dashcam,train,0,1,rdd_323
rdd_India_001005.jpg,rdd,far_dashcam,train,2,0,rdd_324
rdd_India_001006.jpg,rdd,far_dashcam,train,4,0,rdd_325
rdd_India_001007.jpg,rdd,far_dashcam,train,1,0,rdd_326
rdd_India_001008.jpg,rdd,far_dashcam,train,1,0,rdd_327
rdd_India_001012.jpg,rdd,far_dashcam,train,1,0,rdd_328
rdd_India_001015.jpg,rdd,far_dashcam,train,0,1,rdd_329
rdd_India_001020.jpg,rdd,far_dashcam,val,0,1,rdd_330
rdd_India_001027.jpg,rdd,far_dashcam,test,0,1,rdd_331
rdd_India_001030.jpg,rdd,far_dashcam,train,0,1,rdd_332
rdd_India_001033.jpg,rdd,far_dashcam,train,0,1,rdd_333
rdd_India_001037.jpg,rdd,far_dashcam,train,1,0,rdd_334
rdd_India_001038.jpg,rdd,far_dashcam,val,3,0,rdd_335
rdd_India_001040.jpg,rdd,far_dashcam,train,0,1,rdd_336
rdd_India_001044.jpg,rdd,far_dashcam,train,0,1,rdd_337
rdd_India_001049.jpg,rdd,far_dashcam,val,2,0,rdd_338
rdd_India_001051.jpg,rdd,far_dashcam,train,7,0,rdd_339
rdd_India_001053.jpg,rdd,far_dashcam,train,1,0,rdd_340
rdd_India_001056.jpg,rdd,far_dashcam,train,2,0,rdd_341
rdd_India_001058.jpg,rdd,far_dashcam,train,1,0,rdd_342
rdd_India_001059.jpg,rdd,far_dashcam,train,0,1,rdd_343
rdd_India_001061.jpg,rdd,far_dashcam,train,0,1,rdd_344
rdd_India_001064.jpg,rdd,far_dashcam,val,0,1,rdd_345
rdd_India_001069.jpg,rdd,far_dashcam,val,2,0,rdd_346
rdd_India_001074.jpg,rdd,far_dashcam,val,0,1,rdd_347
rdd_India_001075.jpg,rdd,far_dashcam,train,0,1,rdd_348
rdd_India_001076.jpg,rdd,far_dashcam,train,0,1,rdd_349
rdd_India_001086.jpg,rdd,far_dashcam,test,0,1,rdd_350
rdd_India_001088.jpg,rdd,far_dashcam,train,1,0,rdd_351
rdd_India_001093.jpg,rdd,far_dashcam,val,0,1,rdd_352
rdd_India_001095.jpg,rdd,far_dashcam,train,0,1,rdd_353
rdd_India_001097.jpg,rdd,far_dashcam,train,0,1,rdd_354
rdd_India_001101.jpg,rdd,far_dashcam,train,1,0,rdd_355
rdd_India_001102.jpg,rdd,far_dashcam,val,0,1,rdd_356
rdd_India_001103.jpg,rdd,far_dashcam,train,1,0,rdd_357
rdd_India_001105.jpg,rdd,far_dashcam,train,1,0,rdd_358
rdd_India_001112.jpg,rdd,far_dashcam,train,3,0,rdd_359
rdd_India_001113.jpg,rdd,far_dashcam,test,0,1,rdd_360
rdd_India_001114.jpg,rdd,far_dashcam,val,2,0,rdd_361
rdd_India_001121.jpg,rdd,far_dashcam,train,1,0,rdd_362
rdd_India_001122.jpg,rdd,far_dashcam,train,2,0,rdd_363
rdd_India_001125.jpg,rdd,far_dashcam,val,2,0,rdd_364
rdd_India_001126.jpg,rdd,far_dashcam,train,3,0,rdd_365
rdd_India_001132.jpg,rdd,far_dashcam,train,0,1,rdd_366
rdd_India_001133.jpg,rdd,far_dashcam,train,1,0,rdd_367
rdd_India_001134.jpg,rdd,far_dashcam,test,2,0,rdd_368
rdd_India_001135.jpg,rdd,far_dashcam,train,2,0,rdd_369
rdd_India_001137.jpg,rdd,far_dashcam,val,4,0,rdd_370
rdd_India_001139.jpg,rdd,far_dashcam,train,0,1,rdd_371
rdd_India_001140.jpg,rdd,far_dashcam,train,0,1,rdd_372
rdd_India_001141.jpg,rdd,far_dashcam,train,3,0,rdd_373
rdd_India_001145.jpg,rdd,far_dashcam,train,7,0,rdd_374
rdd_India_001155.jpg,rdd,far_dashcam,test,0,1,rdd_375
rdd_India_001156.jpg,rdd,far_dashcam,train,6,0,rdd_376
rdd_India_001158.jpg,rdd,far_dashcam,train,0,1,rdd_377
rdd_India_001163.jpg,rdd,far_dashcam,test,0,1,rdd_378
rdd_India_001165.jpg,rdd,far_dashcam,train,0,1,rdd_379
rdd_India_001166.jpg,rdd,far_dashcam,train,0,1,rdd_380
rdd_India_001167.jpg,rdd,far_dashcam,train,3,0,rdd_381
rdd_India_001168.jpg,rdd,far_dashcam,val,1,0,rdd_382
rdd_India_001173.jpg,rdd,far_dashcam,train,1,0,rdd_383
rdd_India_001174.jpg,rdd,far_dashcam,train,1,0,rdd_384
rdd_India_001175.jpg,rdd,far_dashcam,test,0,1,rdd_385
rdd_India_001176.jpg,rdd,far_dashcam,train,1,0,rdd_386
rdd_India_001180.jpg,rdd,far_dashcam,val,1,0,rdd_387
rdd_India_001181.jpg,rdd,far_dashcam,train,2,0,rdd_388
rdd_India_001183.jpg,rdd,far_dashcam,train,0,1,rdd_389
rdd_India_001185.jpg,rdd,far_dashcam,train,0,1,rdd_390
rdd_India_001186.jpg,rdd,far_dashcam,train,2,0,rdd_391
rdd_India_001187.jpg,rdd,far_dashcam,train,0,1,rdd_392
rdd_India_001188.jpg,rdd,far_dashcam,val,0,1,rdd_393
rdd_India_001192.jpg,rdd,far_dashcam,val,0,1,rdd_394
rdd_India_001194.jpg,rdd,far_dashcam,train,1,0,rdd_395
rdd_India_001200.jpg,rdd,far_dashcam,train,1,0,rdd_396
rdd_India_001207.jpg,rdd,far_dashcam,test,0,1,rdd_397
rdd_India_001208.jpg,rdd,far_dashcam,test,0,1,rdd_398
rdd_India_001213.jpg,rdd,far_dashcam,train,1,0,rdd_399
rdd_India_001217.jpg,rdd,far_dashcam,test,0,1,rdd_400
rdd_India_001222.jpg,rdd,far_dashcam,val,3,0,rdd_401
rdd_India_001225.jpg,rdd,far_dashcam,train,2,0,rdd_402
rdd_India_001228.jpg,rdd,far_dashcam,val,0,1,rdd_403
rdd_India_001230.jpg,rdd,far_dashcam,train,4,0,rdd_404
rdd_India_001231.jpg,rdd,far_dashcam,train,0,1,rdd_405
rdd_India_001232.jpg,rdd,far_dashcam,train,1,0,rdd_406
rdd_India_001234.jpg,rdd,far_dashcam,train,4,0,rdd_407
rdd_India_001236.jpg,rdd,far_dashcam,train,3,0,rdd_408
rdd_India_001239.jpg,rdd,far_dashcam,train,4,0,rdd_409
rdd_India_001241.jpg,rdd,far_dashcam,train,0,1,rdd_410
rdd_India_001242.jpg,rdd,far_dashcam,test,1,0,rdd_411
rdd_India_001245.jpg,rdd,far_dashcam,train,0,1,rdd_412
rdd_India_001246.jpg,rdd,far_dashcam,val,1,0,rdd_413
rdd_India_001247.jpg,rdd,far_dashcam,test,2,0,rdd_414
rdd_India_001250.jpg,rdd,far_dashcam,test,1,0,rdd_415
rdd_India_001251.jpg,rdd,far_dashcam,test,5,0,rdd_416
rdd_India_001254.jpg,rdd,far_dashcam,train,1,0,rdd_417
rdd_India_001261.jpg,rdd,far_dashcam,train,0,1,rdd_418
rdd_India_001262.jpg,rdd,far_dashcam,train,1,0,rdd_419
rdd_India_001266.jpg,rdd,far_dashcam,test,2,0,rdd_420
rdd_India_001268.jpg,rdd,far_dashcam,train,0,1,rdd_421
rdd_India_001271.jpg,rdd,far_dashcam,train,1,0,rdd_422
rdd_India_001272.jpg,rdd,far_dashcam,train,0,1,rdd_423
rdd_India_001275.jpg,rdd,far_dashcam,val,1,0,rdd_424
rdd_India_001278.jpg,rdd,far_dashcam,val,0,1,rdd_425
rdd_India_001282.jpg,rdd,far_dashcam,train,0,1,rdd_426
rdd_India_001284.jpg,rdd,far_dashcam,val,0,1,rdd_427
rdd_India_001286.jpg,rdd,far_dashcam,train,0,1,rdd_428
rdd_India_001287.jpg,rdd,far_dashcam,test,6,0,rdd_429
rdd_India_001289.jpg,rdd,far_dashcam,train,0,1,rdd_430
rdd_India_001294.jpg,rdd,far_dashcam,train,3,0,rdd_431
rdd_India_001295.jpg,rdd,far_dashcam,train,2,0,rdd_432
rdd_India_001301.jpg,rdd,far_dashcam,train,0,1,rdd_433
rdd_India_001308.jpg,rdd,far_dashcam,test,0,1,rdd_434
rdd_India_001309.jpg,rdd,far_dashcam,test,0,1,rdd_435
rdd_India_001313.jpg,rdd,far_dashcam,val,0,1,rdd_436
rdd_India_001314.jpg,rdd,far_dashcam,val,4,0,rdd_437
rdd_India_001319.jpg,rdd,far_dashcam,train,1,0,rdd_438
rdd_India_001320.jpg,rdd,far_dashcam,train,1,0,rdd_439
rdd_India_001321.jpg,rdd,far_dashcam,val,0,1,rdd_440
rdd_India_001328.jpg,rdd,far_dashcam,train,0,1,rdd_441
rdd_India_001338.jpg,rdd,far_dashcam,train,7,0,rdd_442
rdd_India_001349.jpg,rdd,far_dashcam,train,1,0,rdd_443
rdd_India_001350.jpg,rdd,far_dashcam,train,0,1,rdd_444
rdd_India_001357.jpg,rdd,far_dashcam,train,0,1,rdd_445
rdd_India_001362.jpg,rdd,far_dashcam,train,0,1,rdd_446
rdd_India_001364.jpg,rdd,far_dashcam,val,0,1,rdd_447
rdd_India_001366.jpg,rdd,far_dashcam,train,0,1,rdd_448
rdd_India_001367.jpg,rdd,far_dashcam,test,5,0,rdd_449
rdd_India_001368.jpg,rdd,far_dashcam,train,0,1,rdd_450
rdd_India_001377.jpg,rdd,far_dashcam,val,0,1,rdd_451
rdd_India_001381.jpg,rdd,far_dashcam,train,10,0,rdd_452
rdd_India_001385.jpg,rdd,far_dashcam,train,4,0,rdd_453
rdd_India_001388.jpg,rdd,far_dashcam,train,2,0,rdd_454
rdd_India_001390.jpg,rdd,far_dashcam,train,0,1,rdd_455
rdd_India_001392.jpg,rdd,far_dashcam,train,1,0,rdd_456
rdd_India_001394.jpg,rdd,far_dashcam,train,0,1,rdd_457
rdd_India_001401.jpg,rdd,far_dashcam,train,3,0,rdd_458
rdd_India_001404.jpg,rdd,far_dashcam,val,0,1,rdd_459
rdd_India_001405.jpg,rdd,far_dashcam,train,0,1,rdd_460
rdd_India_001407.jpg,rdd,far_dashcam,train,1,0,rdd_461
rdd_India_001408.jpg,rdd,far_dashcam,train,0,1,rdd_462
rdd_India_001413.jpg,rdd,far_dashcam,train,0,1,rdd_463
rdd_India_001415.jpg,rdd,far_dashcam,train,0,1,rdd_464
rdd_India_001418.jpg,rdd,far_dashcam,val,1,0,rdd_465
rdd_India_001419.jpg,rdd,far_dashcam,train,1,0,rdd_466
rdd_India_001421.jpg,rdd,far_dashcam,train,0,1,rdd_467
rdd_India_001422.jpg,rdd,far_dashcam,train,3,0,rdd_468
rdd_India_001424.jpg,rdd,far_dashcam,train,1,0,rdd_469
rdd_India_001430.jpg,rdd,far_dashcam,val,0,1,rdd_470
rdd_India_001433.jpg,rdd,far_dashcam,train,0,1,rdd_471
rdd_India_001439.jpg,rdd,far_dashcam,train,0,1,rdd_472
rdd_India_001440.jpg,rdd,far_dashcam,val,0,1,rdd_473
rdd_India_001441.jpg,rdd,far_dashcam,test,1,0,rdd_474
rdd_India_001443.jpg,rdd,far_dashcam,test,1,0,rdd_475
rdd_India_001452.jpg,rdd,far_dashcam,val,0,1,rdd_476
rdd_India_001453.jpg,rdd,far_dashcam,train,1,0,rdd_477
rdd_India_001454.jpg,rdd,far_dashcam,train,0,1,rdd_478
rdd_India_001456.jpg,rdd,far_dashcam,train,1,0,rdd_479
rdd_India_001465.jpg,rdd,far_dashcam,train,3,0,rdd_480
rdd_India_001466.jpg,rdd,far_dashcam,train,2,0,rdd_481
rdd_India_001471.jpg,rdd,far_dashcam,test,0,1,rdd_482
rdd_India_001473.jpg,rdd,far_dashcam,train,0,1,rdd_483
rdd_India_001475.jpg,rdd,far_dashcam,train,1,0,rdd_484
rdd_India_001480.jpg,rdd,far_dashcam,train,1,0,rdd_485
rdd_India_001481.jpg,rdd,far_dashcam,train,0,1,rdd_486
rdd_India_001485.jpg,rdd,far_dashcam,train,3,0,rdd_487
rdd_India_001487.jpg,rdd,far_dashcam,train,0,1,rdd_488
rdd_India_001489.jpg,rdd,far_dashcam,train,1,0,rdd_489
rdd_India_001491.jpg,rdd,far_dashcam,val,2,0,rdd_490
rdd_India_001493.jpg,rdd,far_dashcam,train,2,0,rdd_491
rdd_India_001494.jpg,rdd,far_dashcam,val,2,0,rdd_492
rdd_India_001503.jpg,rdd,far_dashcam,train,2,0,rdd_493
rdd_India_001506.jpg,rdd,far_dashcam,train,0,1,rdd_494
rdd_India_001507.jpg,rdd,far_dashcam,train,2,0,rdd_495
rdd_India_001516.jpg,rdd,far_dashcam,val,2,0,rdd_496
rdd_India_001518.jpg,rdd,far_dashcam,train,0,1,rdd_497
rdd_India_001524.jpg,rdd,far_dashcam,test,1,0,rdd_498
rdd_India_001526.jpg,rdd,far_dashcam,train,1,0,rdd_499
rdd_India_001527.jpg,rdd,far_dashcam,train,1,0,rdd_500
rdd_India_001528.jpg,rdd,far_dashcam,train,3,0,rdd_501
rdd_India_001534.jpg,rdd,far_dashcam,val,2,0,rdd_502
rdd_India_001545.jpg,rdd,far_dashcam,val,0,1,rdd_503
rdd_India_001550.jpg,rdd,far_dashcam,train,8,0,rdd_504
rdd_India_001551.jpg,rdd,far_dashcam,train,2,0,rdd_505
rdd_India_001552.jpg,rdd,far_dashcam,test,5,0,rdd_506
rdd_India_001553.jpg,rdd,far_dashcam,train,1,0,rdd_507
rdd_India_001560.jpg,rdd,far_dashcam,val,0,1,rdd_508
rdd_India_001561.jpg,rdd,far_dashcam,val,2,0,rdd_509
rdd_India_001566.jpg,rdd,far_dashcam,train,3,0,rdd_510
rdd_India_001575.jpg,rdd,far_dashcam,val,1,0,rdd_511
rdd_India_001578.jpg,rdd,far_dashcam,train,1,0,rdd_512
rdd_India_001580.jpg,rdd,far_dashcam,train,1,0,rdd_513
rdd_India_001581.jpg,rdd,far_dashcam,train,0,1,rdd_514
rdd_India_001582.jpg,rdd,far_dashcam,test,0,1,rdd_515
rdd_India_001584.jpg,rdd,far_dashcam,val,0,1,rdd_516
rdd_India_001585.jpg,rdd,far_dashcam,val,2,0,rdd_517
rdd_India_001588.jpg,rdd,far_dashcam,train,6,0,rdd_518
rdd_India_001589.jpg,rdd,far_dashcam,train,0,1,rdd_519
rdd_India_001592.jpg,rdd,far_dashcam,train,0,1,rdd_520
rdd_India_001593.jpg,rdd,far_dashcam,train,0,1,rdd_521
rdd_India_001596.jpg,rdd,far_dashcam,train,7,0,rdd_522
rdd_India_001604.jpg,rdd,far_dashcam,train,2,0,rdd_523
rdd_India_001605.jpg,rdd,far_dashcam,train,1,0,rdd_524
rdd_India_001609.jpg,rdd,far_dashcam,train,0,1,rdd_525
rdd_India_001611.jpg,rdd,far_dashcam,train,0,1,rdd_526
rdd_India_001617.jpg,rdd,far_dashcam,train,0,1,rdd_527
rdd_India_001620.jpg,rdd,far_dashcam,train,2,0,rdd_528
rdd_India_001622.jpg,rdd,far_dashcam,train,0,1,rdd_529
rdd_India_001625.jpg,rdd,far_dashcam,train,2,0,rdd_530
rdd_India_001637.jpg,rdd,far_dashcam,train,0,1,rdd_531
rdd_India_001640.jpg,rdd,far_dashcam,val,3,0,rdd_532
rdd_India_001646.jpg,rdd,far_dashcam,train,0,1,rdd_533
rdd_India_001648.jpg,rdd,far_dashcam,train,2,0,rdd_534
rdd_India_001649.jpg,rdd,far_dashcam,val,2,0,rdd_535
rdd_India_001658.jpg,rdd,far_dashcam,train,0,1,rdd_536
rdd_India_001660.jpg,rdd,far_dashcam,test,0,1,rdd_537
rdd_India_001673.jpg,rdd,far_dashcam,train,1,0,rdd_538
rdd_India_001680.jpg,rdd,far_dashcam,train,1,0,rdd_539
rdd_India_001683.jpg,rdd,far_dashcam,train,0,1,rdd_540
rdd_India_001684.jpg,rdd,far_dashcam,train,2,0,rdd_541
rdd_India_001687.jpg,rdd,far_dashcam,train,4,0,rdd_542
rdd_India_001689.jpg,rdd,far_dashcam,train,2,0,rdd_543
rdd_India_001690.jpg,rdd,far_dashcam,train,1,0,rdd_544
rdd_India_001692.jpg,rdd,far_dashcam,val,1,0,rdd_545
rdd_India_001693.jpg,rdd,far_dashcam,train,0,1,rdd_546
rdd_India_001694.jpg,rdd,far_dashcam,train,0,1,rdd_547
rdd_India_001695.jpg,rdd,far_dashcam,train,2,0,rdd_548
rdd_India_001696.jpg,rdd,far_dashcam,train,0,1,rdd_549
rdd_India_001697.jpg,rdd,far_dashcam,train,1,0,rdd_550
rdd_India_001704.jpg,rdd,far_dashcam,train,6,0,rdd_551
rdd_India_001708.jpg,rdd,far_dashcam,val,2,0,rdd_552
rdd_India_001711.jpg,rdd,far_dashcam,train,0,1,rdd_553
rdd_India_001713.jpg,rdd,far_dashcam,val,0,1,rdd_554
rdd_India_001714.jpg,rdd,far_dashcam,train,0,1,rdd_555
rdd_India_001717.jpg,rdd,far_dashcam,val,2,0,rdd_556
rdd_India_001722.jpg,rdd,far_dashcam,train,7,0,rdd_557
rdd_India_001728.jpg,rdd,far_dashcam,train,0,1,rdd_558
rdd_India_001730.jpg,rdd,far_dashcam,val,0,1,rdd_559
rdd_India_001734.jpg,rdd,far_dashcam,test,0,1,rdd_560
rdd_India_001735.jpg,rdd,far_dashcam,train,0,1,rdd_561
rdd_India_001736.jpg,rdd,far_dashcam,train,3,0,rdd_562
rdd_India_001737.jpg,rdd,far_dashcam,train,2,0,rdd_563
rdd_India_001740.jpg,rdd,far_dashcam,train,0,1,rdd_564
rdd_India_001744.jpg,rdd,far_dashcam,test,4,0,rdd_565
rdd_India_001753.jpg,rdd,far_dashcam,train,0,1,rdd_566
rdd_India_001757.jpg,rdd,far_dashcam,train,1,0,rdd_567
rdd_India_001759.jpg,rdd,far_dashcam,val,1,0,rdd_568
rdd_India_001767.jpg,rdd,far_dashcam,test,1,0,rdd_569
rdd_India_001772.jpg,rdd,far_dashcam,val,0,1,rdd_570
rdd_India_001779.jpg,rdd,far_dashcam,train,2,0,rdd_571
rdd_India_001783.jpg,rdd,far_dashcam,train,3,0,rdd_572
rdd_India_001785.jpg,rdd,far_dashcam,train,0,1,rdd_573
rdd_India_001786.jpg,rdd,far_dashcam,train,1,0,rdd_574
rdd_India_001787.jpg,rdd,far_dashcam,train,1,0,rdd_575
rdd_India_001791.jpg,rdd,far_dashcam,train,0,1,rdd_576
rdd_India_001792.jpg,rdd,far_dashcam,train,0,1,rdd_577
rdd_India_001794.jpg,rdd,far_dashcam,train,0,1,rdd_578
rdd_India_001798.jpg,rdd,far_dashcam,train,1,0,rdd_579
rdd_India_001804.jpg,rdd,far_dashcam,val,0,1,rdd_580
rdd_India_001808.jpg,rdd,far_dashcam,val,2,0,rdd_581
rdd_India_001809.jpg,rdd,far_dashcam,train,1,0,rdd_582
rdd_India_001810.jpg,rdd,far_dashcam,train,0,1,rdd_583
rdd_India_001812.jpg,rdd,far_dashcam,train,4,0,rdd_584
rdd_India_001815.jpg,rdd,far_dashcam,test,1,0,rdd_585
rdd_India_001817.jpg,rdd,far_dashcam,val,4,0,rdd_586
rdd_India_001820.jpg,rdd,far_dashcam,train,3,0,rdd_587
rdd_India_001821.jpg,rdd,far_dashcam,train,3,0,rdd_588
rdd_India_001827.jpg,rdd,far_dashcam,train,0,1,rdd_589
rdd_India_001831.jpg,rdd,far_dashcam,val,2,0,rdd_590
rdd_India_001835.jpg,rdd,far_dashcam,train,0,1,rdd_591
rdd_India_001838.jpg,rdd,far_dashcam,test,0,1,rdd_592
rdd_India_001839.jpg,rdd,far_dashcam,val,0,1,rdd_593
rdd_India_001840.jpg,rdd,far_dashcam,val,0,1,rdd_594
rdd_India_001842.jpg,rdd,far_dashcam,train,1,0,rdd_595
rdd_India_001848.jpg,rdd,far_dashcam,test,0,1,rdd_596
rdd_India_001852.jpg,rdd,far_dashcam,train,10,0,rdd_597
rdd_India_001854.jpg,rdd,far_dashcam,train,4,0,rdd_598
rdd_India_001857.jpg,rdd,far_dashcam,val,0,1,rdd_599
rdd_India_001865.jpg,rdd,far_dashcam,val,1,0,rdd_600
rdd_India_001866.jpg,rdd,far_dashcam,train,2,0,rdd_601
rdd_India_001869.jpg,rdd,far_dashcam,train,0,1,rdd_602
rdd_India_001872.jpg,rdd,far_dashcam,train,1,0,rdd_603
rdd_India_001877.jpg,rdd,far_dashcam,train,2,0,rdd_604
rdd_India_001878.jpg,rdd,far_dashcam,train,0,1,rdd_605
rdd_India_001880.jpg,rdd,far_dashcam,val,0,1,rdd_606
rdd_India_001887.jpg,rdd,far_dashcam,train,1,0,rdd_607
rdd_India_001888.jpg,rdd,far_dashcam,train,5,0,rdd_608
rdd_India_001889.jpg,rdd,far_dashcam,test,0,1,rdd_609
rdd_India_001890.jpg,rdd,far_dashcam,train,1,0,rdd_610
rdd_India_001894.jpg,rdd,far_dashcam,train,0,1,rdd_611
rdd_India_001900.jpg,rdd,far_dashcam,train,1,0,rdd_612
rdd_India_001902.jpg,rdd,far_dashcam,val,5,0,rdd_613
rdd_India_001903.jpg,rdd,far_dashcam,train,1,0,rdd_614
rdd_India_001904.jpg,rdd,far_dashcam,val,2,0,rdd_615
rdd_India_001905.jpg,rdd,far_dashcam,test,0,1,rdd_616
rdd_India_001906.jpg,rdd,far_dashcam,test,2,0,rdd_617
rdd_India_001907.jpg,rdd,far_dashcam,train,1,0,rdd_618
rdd_India_001908.jpg,rdd,far_dashcam,train,1,0,rdd_619
rdd_India_001913.jpg,rdd,far_dashcam,train,0,1,rdd_620
rdd_India_001916.jpg,rdd,far_dashcam,train,0,1,rdd_621
rdd_India_001917.jpg,rdd,far_dashcam,train,0,1,rdd_622
rdd_India_001919.jpg,rdd,far_dashcam,train,0,1,rdd_623
rdd_India_001923.jpg,rdd,far_dashcam,test,1,0,rdd_624
rdd_India_001925.jpg,rdd,far_dashcam,train,2,0,rdd_625
rdd_India_001932.jpg,rdd,far_dashcam,train,3,0,rdd_626
rdd_India_001939.jpg,rdd,far_dashcam,train,2,0,rdd_627
rdd_India_001943.jpg,rdd,far_dashcam,train,0,1,rdd_628
rdd_India_001945.jpg,rdd,far_dashcam,val,0,1,rdd_629
rdd_India_001946.jpg,rdd,far_dashcam,train,0,1,rdd_630
rdd_India_001956.jpg,rdd,far_dashcam,train,0,1,rdd_631
rdd_India_001957.jpg,rdd,far_dashcam,train,0,1,rdd_632
rdd_India_001958.jpg,rdd,far_dashcam,train,0,1,rdd_633
rdd_India_001959.jpg,rdd,far_dashcam,train,0,1,rdd_634
rdd_India_001960.jpg,rdd,far_dashcam,train,0,1,rdd_635
rdd_India_001967.jpg,rdd,far_dashcam,train,1,0,rdd_636
rdd_India_001969.jpg,rdd,far_dashcam,train,1,0,rdd_637
rdd_India_001972.jpg,rdd,far_dashcam,train,0,1,rdd_638
rdd_India_001977.jpg,rdd,far_dashcam,train,2,0,rdd_639
rdd_India_001979.jpg,rdd,far_dashcam,train,0,1,rdd_640
rdd_India_001980.jpg,rdd,far_dashcam,train,0,1,rdd_641
rdd_India_001981.jpg,rdd,far_dashcam,train,0,1,rdd_642
rdd_India_001983.jpg,rdd,far_dashcam,val,2,0,rdd_643
rdd_India_001984.jpg,rdd,far_dashcam,train,1,0,rdd_644
rdd_India_001989.jpg,rdd,far_dashcam,val,1,0,rdd_645
rdd_India_001994.jpg,rdd,far_dashcam,train,0,1,rdd_646
rdd_India_001995.jpg,rdd,far_dashcam,train,0,1,rdd_647
rdd_India_001996.jpg,rdd,far_dashcam,train,2,0,rdd_648
rdd_India_001999.jpg,rdd,far_dashcam,train,0,1,rdd_649
rdd_India_002002.jpg,rdd,far_dashcam,val,0,1,rdd_650
rdd_India_002007.jpg,rdd,far_dashcam,train,2,0,rdd_651
rdd_India_002010.jpg,rdd,far_dashcam,train,1,0,rdd_652
rdd_India_002015.jpg,rdd,far_dashcam,train,0,1,rdd_653
rdd_India_002020.jpg,rdd,far_dashcam,train,8,0,rdd_654
rdd_India_002023.jpg,rdd,far_dashcam,test,1,0,rdd_655
rdd_India_002025.jpg,rdd,far_dashcam,val,0,1,rdd_656
rdd_India_002027.jpg,rdd,far_dashcam,train,0,1,rdd_657
rdd_India_002031.jpg,rdd,far_dashcam,train,0,1,rdd_658
rdd_India_002032.jpg,rdd,far_dashcam,train,0,1,rdd_659
rdd_India_002039.jpg,rdd,far_dashcam,val,0,1,rdd_660
rdd_India_002044.jpg,rdd,far_dashcam,test,0,1,rdd_661
rdd_India_002047.jpg,rdd,far_dashcam,train,1,0,rdd_662
rdd_India_002048.jpg,rdd,far_dashcam,train,1,0,rdd_663
rdd_India_002049.jpg,rdd,far_dashcam,train,1,0,rdd_664
rdd_India_002051.jpg,rdd,far_dashcam,train,0,1,rdd_665
rdd_India_002052.jpg,rdd,far_dashcam,train,1,0,rdd_666
rdd_India_002063.jpg,rdd,far_dashcam,train,1,0,rdd_667
rdd_India_002064.jpg,rdd,far_dashcam,train,4,0,rdd_668
rdd_India_002066.jpg,rdd,far_dashcam,train,1,0,rdd_669
rdd_India_002068.jpg,rdd,far_dashcam,train,0,1,rdd_670
rdd_India_002069.jpg,rdd,far_dashcam,val,1,0,rdd_671
rdd_India_002070.jpg,rdd,far_dashcam,val,2,0,rdd_672
rdd_India_002072.jpg,rdd,far_dashcam,val,0,1,rdd_673
rdd_India_002074.jpg,rdd,far_dashcam,train,2,0,rdd_674
rdd_India_002079.jpg,rdd,far_dashcam,train,1,0,rdd_675
rdd_India_002082.jpg,rdd,far_dashcam,train,2,0,rdd_676
rdd_India_002085.jpg,rdd,far_dashcam,val,1,0,rdd_677
rdd_India_002087.jpg,rdd,far_dashcam,train,3,0,rdd_678
rdd_India_002089.jpg,rdd,far_dashcam,test,2,0,rdd_679
rdd_India_002095.jpg,rdd,far_dashcam,train,1,0,rdd_680
rdd_India_002096.jpg,rdd,far_dashcam,train,0,1,rdd_681
rdd_India_002098.jpg,rdd,far_dashcam,train,1,0,rdd_682
rdd_India_002101.jpg,rdd,far_dashcam,train,0,1,rdd_683
rdd_India_002102.jpg,rdd,far_dashcam,train,0,1,rdd_684
rdd_India_002106.jpg,rdd,far_dashcam,train,2,0,rdd_685
rdd_India_002107.jpg,rdd,far_dashcam,test,0,1,rdd_686
rdd_India_002109.jpg,rdd,far_dashcam,train,0,1,rdd_687
rdd_India_002112.jpg,rdd,far_dashcam,train,3,0,rdd_688
rdd_India_002114.jpg,rdd,far_dashcam,val,1,0,rdd_689
rdd_India_002115.jpg,rdd,far_dashcam,test,0,1,rdd_690
rdd_India_002117.jpg,rdd,far_dashcam,train,0,1,rdd_691
rdd_India_002118.jpg,rdd,far_dashcam,test,1,0,rdd_692
rdd_India_002119.jpg,rdd,far_dashcam,test,1,0,rdd_693
rdd_India_002121.jpg,rdd,far_dashcam,train,2,0,rdd_694
rdd_India_002122.jpg,rdd,far_dashcam,train,2,0,rdd_695
rdd_India_002124.jpg,rdd,far_dashcam,train,5,0,rdd_696
rdd_India_002126.jpg,rdd,far_dashcam,train,0,1,rdd_697
rdd_India_002130.jpg,rdd,far_dashcam,train,0,1,rdd_698
rdd_India_002133.jpg,rdd,far_dashcam,train,1,0,rdd_699
rdd_India_002135.jpg,rdd,far_dashcam,train,1,0,rdd_700
rdd_India_002137.jpg,rdd,far_dashcam,train,1,0,rdd_701
rdd_India_002141.jpg,rdd,far_dashcam,test,0,1,rdd_702
rdd_India_002144.jpg,rdd,far_dashcam,train,0,1,rdd_703
rdd_India_002148.jpg,rdd,far_dashcam,train,1,0,rdd_704
rdd_India_002154.jpg,rdd,far_dashcam,test,1,0,rdd_705
rdd_India_002164.jpg,rdd,far_dashcam,test,0,1,rdd_706
rdd_India_002167.jpg,rdd,far_dashcam,train,0,1,rdd_707
rdd_India_002168.jpg,rdd,far_dashcam,train,0,1,rdd_708
rdd_India_002173.jpg,rdd,far_dashcam,test,0,1,rdd_709
rdd_India_002178.jpg,rdd,far_dashcam,val,0,1,rdd_710
rdd_India_002186.jpg,rdd,far_dashcam,train,0,1,rdd_711
rdd_India_002189.jpg,rdd,far_dashcam,train,0,1,rdd_712
rdd_India_002197.jpg,rdd,far_dashcam,train,0,1,rdd_713
rdd_India_002200.jpg,rdd,far_dashcam,train,1,0,rdd_714
rdd_India_002201.jpg,rdd,far_dashcam,train,2,0,rdd_715
rdd_India_002203.jpg,rdd,far_dashcam,train,0,1,rdd_716
rdd_India_002206.jpg,rdd,far_dashcam,train,1,0,rdd_717
rdd_India_002207.jpg,rdd,far_dashcam,train,1,0,rdd_718
rdd_India_002209.jpg,rdd,far_dashcam,train,0,1,rdd_719
rdd_India_002210.jpg,rdd,far_dashcam,train,0,1,rdd_720
rdd_India_002216.jpg,rdd,far_dashcam,train,0,1,rdd_721
rdd_India_002219.jpg,rdd,far_dashcam,train,0,1,rdd_722
rdd_India_002220.jpg,rdd,far_dashcam,test,0,1,rdd_723
rdd_India_002222.jpg,rdd,far_dashcam,train,4,0,rdd_724
rdd_India_002227.jpg,rdd,far_dashcam,train,3,0,rdd_725
rdd_India_002233.jpg,rdd,far_dashcam,train,0,1,rdd_726
rdd_India_002237.jpg,rdd,far_dashcam,train,0,1,rdd_727
rdd_India_002242.jpg,rdd,far_dashcam,train,0,1,rdd_728
rdd_India_002244.jpg,rdd,far_dashcam,train,0,1,rdd_729
rdd_India_002245.jpg,rdd,far_dashcam,train,0,1,rdd_730
rdd_India_002247.jpg,rdd,far_dashcam,train,1,0,rdd_731
rdd_India_002248.jpg,rdd,far_dashcam,train,3,0,rdd_732
rdd_India_002249.jpg,rdd,far_dashcam,train,3,0,rdd_733
rdd_India_002250.jpg,rdd,far_dashcam,train,3,0,rdd_734
rdd_India_002253.jpg,rdd,far_dashcam,test,2,0,rdd_735
rdd_India_002256.jpg,rdd,far_dashcam,val,0,1,rdd_736
rdd_India_002267.jpg,rdd,far_dashcam,train,0,1,rdd_737
rdd_India_002278.jpg,rdd,far_dashcam,test,0,1,rdd_738
rdd_India_002282.jpg,rdd,far_dashcam,train,0,1,rdd_739
rdd_India_002284.jpg,rdd,far_dashcam,test,0,1,rdd_740
rdd_India_002285.jpg,rdd,far_dashcam,train,0,1,rdd_741
rdd_India_002288.jpg,rdd,far_dashcam,val,0,1,rdd_742
rdd_India_002290.jpg,rdd,far_dashcam,train,0,1,rdd_743
rdd_India_002293.jpg,rdd,far_dashcam,train,1,0,rdd_744
rdd_India_002300.jpg,rdd,far_dashcam,test,0,1,rdd_745
rdd_India_002305.jpg,rdd,far_dashcam,train,3,0,rdd_746
rdd_India_002310.jpg,rdd,far_dashcam,train,0,1,rdd_747
rdd_India_002317.jpg,rdd,far_dashcam,val,0,1,rdd_748
rdd_India_002318.jpg,rdd,far_dashcam,test,3,0,rdd_749
rdd_India_002319.jpg,rdd,far_dashcam,train,1,0,rdd_750
rdd_India_002321.jpg,rdd,far_dashcam,test,0,1,rdd_751
rdd_India_002323.jpg,rdd,far_dashcam,train,0,1,rdd_752
rdd_India_002327.jpg,rdd,far_dashcam,train,0,1,rdd_753
rdd_India_002330.jpg,rdd,far_dashcam,train,0,1,rdd_754
rdd_India_002331.jpg,rdd,far_dashcam,train,2,0,rdd_755
rdd_India_002339.jpg,rdd,far_dashcam,train,0,1,rdd_756
rdd_India_002340.jpg,rdd,far_dashcam,train,1,0,rdd_757
rdd_India_002341.jpg,rdd,far_dashcam,test,3,0,rdd_758
rdd_India_002342.jpg,rdd,far_dashcam,val,2,0,rdd_759
rdd_India_002343.jpg,rdd,far_dashcam,test,0,1,rdd_760
rdd_India_002345.jpg,rdd,far_dashcam,val,1,0,rdd_761
rdd_India_002360.jpg,rdd,far_dashcam,train,0,1,rdd_762
rdd_India_002361.jpg,rdd,far_dashcam,train,0,1,rdd_763
rdd_India_002363.jpg,rdd,far_dashcam,val,1,0,rdd_764
rdd_India_002364.jpg,rdd,far_dashcam,train,0,1,rdd_765
rdd_India_002366.jpg,rdd,far_dashcam,train,0,1,rdd_766
rdd_India_002368.jpg,rdd,far_dashcam,train,0,1,rdd_767
rdd_India_002369.jpg,rdd,far_dashcam,train,0,1,rdd_768
rdd_India_002371.jpg,rdd,far_dashcam,train,1,0,rdd_769
rdd_India_002376.jpg,rdd,far_dashcam,train,4,0,rdd_770
rdd_India_002380.jpg,rdd,far_dashcam,train,0,1,rdd_771
rdd_India_002385.jpg,rdd,far_dashcam,train,1,0,rdd_772
rdd_India_002386.jpg,rdd,far_dashcam,train,0,1,rdd_773
rdd_India_002388.jpg,rdd,far_dashcam,train,0,1,rdd_774
rdd_India_002390.jpg,rdd,far_dashcam,train,2,0,rdd_775
rdd_India_002392.jpg,rdd,far_dashcam,train,0,1,rdd_776
rdd_India_002393.jpg,rdd,far_dashcam,train,0,1,rdd_777
rdd_India_002395.jpg,rdd,far_dashcam,train,3,0,rdd_778
rdd_India_002400.jpg,rdd,far_dashcam,test,0,1,rdd_779
rdd_India_002404.jpg,rdd,far_dashcam,train,5,0,rdd_780
rdd_India_002405.jpg,rdd,far_dashcam,test,1,0,rdd_781
rdd_India_002410.jpg,rdd,far_dashcam,test,1,0,rdd_782
rdd_India_002411.jpg,rdd,far_dashcam,test,1,0,rdd_783
rdd_India_002419.jpg,rdd,far_dashcam,train,5,0,rdd_784
rdd_India_002426.jpg,rdd,far_dashcam,train,3,0,rdd_785
rdd_India_002428.jpg,rdd,far_dashcam,val,1,0,rdd_786
rdd_India_002429.jpg,rdd,far_dashcam,train,2,0,rdd_787
rdd_India_002434.jpg,rdd,far_dashcam,train,0,1,rdd_788
rdd_India_002437.jpg,rdd,far_dashcam,train,0,1,rdd_789
rdd_India_002438.jpg,rdd,far_dashcam,train,0,1,rdd_790
rdd_India_002439.jpg,rdd,far_dashcam,test,0,1,rdd_791
rdd_India_002447.jpg,rdd,far_dashcam,train,1,0,rdd_792
rdd_India_002455.jpg,rdd,far_dashcam,test,0,1,rdd_793
rdd_India_002456.jpg,rdd,far_dashcam,train,0,1,rdd_794
rdd_India_002459.jpg,rdd,far_dashcam,train,1,0,rdd_795
rdd_India_002465.jpg,rdd,far_dashcam,train,0,1,rdd_796
rdd_India_002467.jpg,rdd,far_dashcam,val,0,1,rdd_797
rdd_India_002469.jpg,rdd,far_dashcam,test,0,1,rdd_798
rdd_India_002473.jpg,rdd,far_dashcam,train,0,1,rdd_799
rdd_India_002487.jpg,rdd,far_dashcam,test,4,0,rdd_800
rdd_India_002490.jpg,rdd,far_dashcam,train,0,1,rdd_801
rdd_India_002493.jpg,rdd,far_dashcam,train,0,1,rdd_802
rdd_India_002496.jpg,rdd,far_dashcam,test,2,0,rdd_803
rdd_India_002497.jpg,rdd,far_dashcam,test,1,0,rdd_804
rdd_India_002498.jpg,rdd,far_dashcam,train,3,0,rdd_805
rdd_India_002499.jpg,rdd,far_dashcam,train,3,0,rdd_806
rdd_India_002503.jpg,rdd,far_dashcam,train,0,1,rdd_807
rdd_India_002509.jpg,rdd,far_dashcam,train,1,0,rdd_808
rdd_India_002516.jpg,rdd,far_dashcam,train,1,0,rdd_809
rdd_India_002521.jpg,rdd,far_dashcam,train,0,1,rdd_810
rdd_India_002523.jpg,rdd,far_dashcam,train,3,0,rdd_811
rdd_India_002524.jpg,rdd,far_dashcam,train,0,1,rdd_812
rdd_India_002530.jpg,rdd,far_dashcam,test,0,1,rdd_813
rdd_India_002538.jpg,rdd,far_dashcam,train,0,1,rdd_814
rdd_India_002539.jpg,rdd,far_dashcam,train,0,1,rdd_815
rdd_India_002540.jpg,rdd,far_dashcam,train,0,1,rdd_816
rdd_India_002549.jpg,rdd,far_dashcam,train,2,0,rdd_817
rdd_India_002550.jpg,rdd,far_dashcam,train,2,0,rdd_818
rdd_India_002553.jpg,rdd,far_dashcam,train,1,0,rdd_819
rdd_India_002558.jpg,rdd,far_dashcam,test,0,1,rdd_820
rdd_India_002562.jpg,rdd,far_dashcam,train,5,0,rdd_821
rdd_India_002563.jpg,rdd,far_dashcam,train,2,0,rdd_822
rdd_India_002566.jpg,rdd,far_dashcam,train,0,1,rdd_823
rdd_India_002567.jpg,rdd,far_dashcam,train,1,0,rdd_824
rdd_India_002570.jpg,rdd,far_dashcam,train,1,0,rdd_825
rdd_India_002573.jpg,rdd,far_dashcam,train,1,0,rdd_826
rdd_India_002581.jpg,rdd,far_dashcam,train,0,1,rdd_827
rdd_India_002582.jpg,rdd,far_dashcam,train,0,1,rdd_828
rdd_India_002585.jpg,rdd,far_dashcam,val,1,0,rdd_829
rdd_India_002586.jpg,rdd,far_dashcam,train,0,1,rdd_830
rdd_India_002588.jpg,rdd,far_dashcam,train,0,1,rdd_831
rdd_India_002591.jpg,rdd,far_dashcam,train,1,0,rdd_832
rdd_India_002593.jpg,rdd,far_dashcam,train,1,0,rdd_833
rdd_India_002594.jpg,rdd,far_dashcam,train,1,0,rdd_834
rdd_India_002602.jpg,rdd,far_dashcam,train,0,1,rdd_835
rdd_India_002608.jpg,rdd,far_dashcam,train,4,0,rdd_836
rdd_India_002614.jpg,rdd,far_dashcam,train,0,1,rdd_837
rdd_India_002615.jpg,rdd,far_dashcam,val,0,1,rdd_838
rdd_India_002618.jpg,rdd,far_dashcam,train,0,1,rdd_839
rdd_India_002622.jpg,rdd,far_dashcam,val,0,1,rdd_840
rdd_India_002629.jpg,rdd,far_dashcam,test,0,1,rdd_841
rdd_India_002631.jpg,rdd,far_dashcam,test,0,1,rdd_842
rdd_India_002632.jpg,rdd,far_dashcam,test,0,1,rdd_843
rdd_India_002636.jpg,rdd,far_dashcam,train,0,1,rdd_844
rdd_India_002642.jpg,rdd,far_dashcam,test,1,0,rdd_845
rdd_India_002644.jpg,rdd,far_dashcam,train,0,1,rdd_846
rdd_India_002645.jpg,rdd,far_dashcam,train,0,1,rdd_847
rdd_India_002648.jpg,rdd,far_dashcam,test,0,1,rdd_848
rdd_India_002658.jpg,rdd,far_dashcam,test,1,0,rdd_849
rdd_India_002664.jpg,rdd,far_dashcam,test,1,0,rdd_850
rdd_India_002665.jpg,rdd,far_dashcam,train,1,0,rdd_851
rdd_India_002667.jpg,rdd,far_dashcam,test,1,0,rdd_852
rdd_India_002673.jpg,rdd,far_dashcam,test,1,0,rdd_853
rdd_India_002675.jpg,rdd,far_dashcam,train,0,1,rdd_854
rdd_India_002678.jpg,rdd,far_dashcam,train,1,0,rdd_855
rdd_India_002679.jpg,rdd,far_dashcam,train,2,0,rdd_856
rdd_India_002681.jpg,rdd,far_dashcam,train,2,0,rdd_857
rdd_India_002685.jpg,rdd,far_dashcam,test,1,0,rdd_858
rdd_India_002696.jpg,rdd,far_dashcam,test,2,0,rdd_859
rdd_India_002700.jpg,rdd,far_dashcam,train,0,1,rdd_860
rdd_India_002702.jpg,rdd,far_dashcam,val,1,0,rdd_861
rdd_India_002706.jpg,rdd,far_dashcam,train,0,1,rdd_862
rdd_India_002708.jpg,rdd,far_dashcam,train,2,0,rdd_863
rdd_India_002710.jpg,rdd,far_dashcam,test,0,1,rdd_864
rdd_India_002713.jpg,rdd,far_dashcam,train,1,0,rdd_865
rdd_India_002714.jpg,rdd,far_dashcam,train,1,0,rdd_866
rdd_India_002717.jpg,rdd,far_dashcam,train,0,1,rdd_867
rdd_India_002723.jpg,rdd,far_dashcam,test,0,1,rdd_868
rdd_India_002724.jpg,rdd,far_dashcam,train,0,1,rdd_869
rdd_India_002726.jpg,rdd,far_dashcam,train,0,1,rdd_870
rdd_India_002729.jpg,rdd,far_dashcam,train,0,1,rdd_871
rdd_India_002732.jpg,rdd,far_dashcam,train,0,1,rdd_872
rdd_India_002735.jpg,rdd,far_dashcam,train,1,0,rdd_873
rdd_India_002745.jpg,rdd,far_dashcam,train,2,0,rdd_874
rdd_India_002748.jpg,rdd,far_dashcam,test,0,1,rdd_875
rdd_India_002750.jpg,rdd,far_dashcam,train,0,1,rdd_876
rdd_India_002757.jpg,rdd,far_dashcam,train,3,0,rdd_877
rdd_India_002759.jpg,rdd,far_dashcam,train,1,0,rdd_878
rdd_India_002771.jpg,rdd,far_dashcam,test,1,0,rdd_879
rdd_India_002772.jpg,rdd,far_dashcam,val,3,0,rdd_880
rdd_India_002775.jpg,rdd,far_dashcam,train,2,0,rdd_881
rdd_India_002777.jpg,rdd,far_dashcam,train,1,0,rdd_882
rdd_India_002784.jpg,rdd,far_dashcam,val,5,0,rdd_883
rdd_India_002789.jpg,rdd,far_dashcam,train,0,1,rdd_884
rdd_India_002790.jpg,rdd,far_dashcam,train,2,0,rdd_885
rdd_India_002793.jpg,rdd,far_dashcam,test,9,0,rdd_886
rdd_India_002795.jpg,rdd,far_dashcam,train,3,0,rdd_887
rdd_India_002804.jpg,rdd,far_dashcam,test,1,0,rdd_888
rdd_India_002806.jpg,rdd,far_dashcam,train,0,1,rdd_889
rdd_India_002808.jpg,rdd,far_dashcam,test,0,1,rdd_890
rdd_India_002810.jpg,rdd,far_dashcam,train,1,0,rdd_891
rdd_India_002815.jpg,rdd,far_dashcam,train,0,1,rdd_892
rdd_India_002818.jpg,rdd,far_dashcam,test,1,0,rdd_893
rdd_India_002832.jpg,rdd,far_dashcam,test,2,0,rdd_894
rdd_India_002836.jpg,rdd,far_dashcam,test,0,1,rdd_895
rdd_India_002840.jpg,rdd,far_dashcam,train,0,1,rdd_896
rdd_India_002843.jpg,rdd,far_dashcam,train,1,0,rdd_897
rdd_India_002846.jpg,rdd,far_dashcam,train,1,0,rdd_898
rdd_India_002847.jpg,rdd,far_dashcam,train,0,1,rdd_899
rdd_India_002851.jpg,rdd,far_dashcam,train,0,1,rdd_900
rdd_India_002852.jpg,rdd,far_dashcam,test,0,1,rdd_901
rdd_India_002854.jpg,rdd,far_dashcam,train,1,0,rdd_902
rdd_India_002860.jpg,rdd,far_dashcam,train,1,0,rdd_903
rdd_India_002864.jpg,rdd,far_dashcam,train,0,1,rdd_904
rdd_India_002871.jpg,rdd,far_dashcam,train,3,0,rdd_905
rdd_India_002875.jpg,rdd,far_dashcam,train,1,0,rdd_906
rdd_India_002877.jpg,rdd,far_dashcam,test,2,0,rdd_907
rdd_India_002880.jpg,rdd,far_dashcam,val,1,0,rdd_908
rdd_India_002881.jpg,rdd,far_dashcam,train,1,0,rdd_909
rdd_India_002882.jpg,rdd,far_dashcam,train,0,1,rdd_910
rdd_India_002886.jpg,rdd,far_dashcam,train,0,1,rdd_911
rdd_India_002889.jpg,rdd,far_dashcam,train,1,0,rdd_912
rdd_India_002893.jpg,rdd,far_dashcam,train,0,1,rdd_913
rdd_India_002894.jpg,rdd,far_dashcam,val,2,0,rdd_914
rdd_India_002901.jpg,rdd,far_dashcam,test,1,0,rdd_915
rdd_India_002903.jpg,rdd,far_dashcam,train,1,0,rdd_916
rdd_India_002905.jpg,rdd,far_dashcam,train,0,1,rdd_917
rdd_India_002907.jpg,rdd,far_dashcam,test,0,1,rdd_918
rdd_India_002910.jpg,rdd,far_dashcam,train,0,1,rdd_919
rdd_India_002914.jpg,rdd,far_dashcam,train,2,0,rdd_920
rdd_India_002921.jpg,rdd,far_dashcam,test,1,0,rdd_921
rdd_India_002922.jpg,rdd,far_dashcam,val,0,1,rdd_922
rdd_India_002924.jpg,rdd,far_dashcam,val,4,0,rdd_923
rdd_India_002925.jpg,rdd,far_dashcam,val,1,0,rdd_924
rdd_India_002931.jpg,rdd,far_dashcam,train,0,1,rdd_925
rdd_India_002932.jpg,rdd,far_dashcam,train,0,1,rdd_926
rdd_India_002939.jpg,rdd,far_dashcam,train,2,0,rdd_927
rdd_India_002941.jpg,rdd,far_dashcam,train,0,1,rdd_928
rdd_India_002945.jpg,rdd,far_dashcam,val,5,0,rdd_929
rdd_India_002946.jpg,rdd,far_dashcam,train,1,0,rdd_930
rdd_India_002948.jpg,rdd,far_dashcam,test,1,0,rdd_931
rdd_India_002953.jpg,rdd,far_dashcam,test,0,1,rdd_932
rdd_India_002954.jpg,rdd,far_dashcam,train,2,0,rdd_933
rdd_India_002956.jpg,rdd,far_dashcam,train,1,0,rdd_934
rdd_India_002960.jpg,rdd,far_dashcam,train,2,0,rdd_935
rdd_India_002966.jpg,rdd,far_dashcam,test,0,1,rdd_936
rdd_India_002968.jpg,rdd,far_dashcam,train,1,0,rdd_937
rdd_India_002969.jpg,rdd,far_dashcam,train,0,1,rdd_938
rdd_India_002970.jpg,rdd,far_dashcam,train,0,1,rdd_939
rdd_India_002972.jpg,rdd,far_dashcam,train,6,0,rdd_940
rdd_India_002973.jpg,rdd,far_dashcam,train,2,0,rdd_941
rdd_India_002976.jpg,rdd,far_dashcam,train,1,0,rdd_942
rdd_India_002978.jpg,rdd,far_dashcam,train,1,0,rdd_943
rdd_India_002985.jpg,rdd,far_dashcam,train,0,1,rdd_944
rdd_India_002994.jpg,rdd,far_dashcam,train,1,0,rdd_945
rdd_India_002995.jpg,rdd,far_dashcam,train,1,0,rdd_946
rdd_India_003002.jpg,rdd,far_dashcam,train,0,1,rdd_947
rdd_India_003006.jpg,rdd,far_dashcam,train,1,0,rdd_948
rdd_India_003007.jpg,rdd,far_dashcam,train,0,1,rdd_949
rdd_India_003010.jpg,rdd,far_dashcam,train,0,1,rdd_950
rdd_India_003011.jpg,rdd,far_dashcam,train,1,0,rdd_951
rdd_India_003012.jpg,rdd,far_dashcam,train,0,1,rdd_952
rdd_India_003013.jpg,rdd,far_dashcam,train,8,0,rdd_953
rdd_India_003014.jpg,rdd,far_dashcam,train,0,1,rdd_954
rdd_India_003017.jpg,rdd,far_dashcam,train,1,0,rdd_955
rdd_India_003018.jpg,rdd,far_dashcam,test,2,0,rdd_956
rdd_India_003028.jpg,rdd,far_dashcam,train,3,0,rdd_957
rdd_India_003029.jpg,rdd,far_dashcam,train,1,0,rdd_958
rdd_India_003032.jpg,rdd,far_dashcam,train,0,1,rdd_959
rdd_India_003033.jpg,rdd,far_dashcam,test,1,0,rdd_960
rdd_India_003034.jpg,rdd,far_dashcam,val,0,1,rdd_961
rdd_India_003036.jpg,rdd,far_dashcam,val,0,1,rdd_962
rdd_India_003042.jpg,rdd,far_dashcam,train,1,0,rdd_963
rdd_India_003043.jpg,rdd,far_dashcam,val,0,1,rdd_964
rdd_India_003044.jpg,rdd,far_dashcam,train,0,1,rdd_965
rdd_India_003048.jpg,rdd,far_dashcam,test,1,0,rdd_966
rdd_India_003051.jpg,rdd,far_dashcam,test,2,0,rdd_967
rdd_India_003054.jpg,rdd,far_dashcam,train,0,1,rdd_968
rdd_India_003056.jpg,rdd,far_dashcam,train,6,0,rdd_969
rdd_India_003057.jpg,rdd,far_dashcam,train,2,0,rdd_970
rdd_India_003058.jpg,rdd,far_dashcam,test,0,1,rdd_971
rdd_India_003060.jpg,rdd,far_dashcam,train,0,1,rdd_972
rdd_India_003063.jpg,rdd,far_dashcam,test,1,0,rdd_973
rdd_India_003065.jpg,rdd,far_dashcam,test,1,0,rdd_974
rdd_India_003072.jpg,rdd,far_dashcam,train,0,1,rdd_975
rdd_India_003076.jpg,rdd,far_dashcam,train,0,1,rdd_976
rdd_India_003079.jpg,rdd,far_dashcam,test,2,0,rdd_977
rdd_India_003083.jpg,rdd,far_dashcam,val,2,0,rdd_978
rdd_India_003084.jpg,rdd,far_dashcam,train,0,1,rdd_979
rdd_India_003085.jpg,rdd,far_dashcam,train,1,0,rdd_980
rdd_India_003086.jpg,rdd,far_dashcam,val,0,1,rdd_981
rdd_India_003087.jpg,rdd,far_dashcam,train,1,0,rdd_982
rdd_India_003092.jpg,rdd,far_dashcam,train,0,1,rdd_983
rdd_India_003096.jpg,rdd,far_dashcam,train,1,0,rdd_984
rdd_India_003097.jpg,rdd,far_dashcam,train,0,1,rdd_985
rdd_India_003100.jpg,rdd,far_dashcam,test,4,0,rdd_986
rdd_India_003102.jpg,rdd,far_dashcam,train,7,0,rdd_987
rdd_India_003103.jpg,rdd,far_dashcam,train,5,0,rdd_988
rdd_India_003106.jpg,rdd,far_dashcam,train,0,1,rdd_989
rdd_India_003110.jpg,rdd,far_dashcam,test,1,0,rdd_990
rdd_India_003111.jpg,rdd,far_dashcam,train,0,1,rdd_991
rdd_India_003113.jpg,rdd,far_dashcam,train,0,1,rdd_992
rdd_India_003115.jpg,rdd,far_dashcam,train,0,1,rdd_993
rdd_India_003118.jpg,rdd,far_dashcam,train,1,0,rdd_994
rdd_India_003119.jpg,rdd,far_dashcam,val,0,1,rdd_995
rdd_India_003120.jpg,rdd,far_dashcam,train,2,0,rdd_996
rdd_India_003121.jpg,rdd,far_dashcam,train,1,0,rdd_997
rdd_India_003125.jpg,rdd,far_dashcam,train,1,0,rdd_998
rdd_India_003126.jpg,rdd,far_dashcam,train,1,0,rdd_999
rdd_India_003128.jpg,rdd,far_dashcam,train,0,1,rdd_1000
rdd_India_003131.jpg,rdd,far_dashcam,train,0,1,rdd_1001
rdd_India_003136.jpg,rdd,far_dashcam,train,0,1,rdd_1002
rdd_India_003141.jpg,rdd,far_dashcam,val,0,1,rdd_1003
rdd_India_003143.jpg,rdd,far_dashcam,train,2,0,rdd_1004
rdd_India_003146.jpg,rdd,far_dashcam,train,0,1,rdd_1005
rdd_India_003147.jpg,rdd,far_dashcam,val,0,1,rdd_1006
rdd_India_003150.jpg,rdd,far_dashcam,test,2,0,rdd_1007
rdd_India_003151.jpg,rdd,far_dashcam,test,1,0,rdd_1008
rdd_India_003152.jpg,rdd,far_dashcam,train,2,0,rdd_1009
rdd_India_003153.jpg,rdd,far_dashcam,train,0,1,rdd_1010
rdd_India_003159.jpg,rdd,far_dashcam,train,0,1,rdd_1011
rdd_India_003161.jpg,rdd,far_dashcam,train,3,0,rdd_1012
rdd_India_003168.jpg,rdd,far_dashcam,test,2,0,rdd_1013
rdd_India_003171.jpg,rdd,far_dashcam,train,1,0,rdd_1014
rdd_India_003172.jpg,rdd,far_dashcam,train,1,0,rdd_1015
rdd_India_003177.jpg,rdd,far_dashcam,test,1,0,rdd_1016
rdd_India_003179.jpg,rdd,far_dashcam,val,0,1,rdd_1017
rdd_India_003183.jpg,rdd,far_dashcam,train,0,1,rdd_1018
rdd_India_003186.jpg,rdd,far_dashcam,val,2,0,rdd_1019
rdd_India_003191.jpg,rdd,far_dashcam,val,1,0,rdd_1020
rdd_India_003196.jpg,rdd,far_dashcam,train,0,1,rdd_1021
rdd_India_003197.jpg,rdd,far_dashcam,train,0,1,rdd_1022
rdd_India_003201.jpg,rdd,far_dashcam,train,1,0,rdd_1023
rdd_India_003207.jpg,rdd,far_dashcam,train,0,1,rdd_1024
rdd_India_003214.jpg,rdd,far_dashcam,val,1,0,rdd_1025
rdd_India_003217.jpg,rdd,far_dashcam,train,1,0,rdd_1026
rdd_India_003219.jpg,rdd,far_dashcam,train,0,1,rdd_1027
rdd_India_003228.jpg,rdd,far_dashcam,train,2,0,rdd_1028
rdd_India_003230.jpg,rdd,far_dashcam,train,0,1,rdd_1029
rdd_India_003231.jpg,rdd,far_dashcam,train,4,0,rdd_1030
rdd_India_003239.jpg,rdd,far_dashcam,train,1,0,rdd_1031
rdd_India_003240.jpg,rdd,far_dashcam,val,0,1,rdd_1032
rdd_India_003243.jpg,rdd,far_dashcam,test,0,1,rdd_1033
rdd_India_003249.jpg,rdd,far_dashcam,train,0,1,rdd_1034
rdd_India_003251.jpg,rdd,far_dashcam,train,2,0,rdd_1035
rdd_India_003261.jpg,rdd,far_dashcam,test,0,1,rdd_1036
rdd_India_003262.jpg,rdd,far_dashcam,train,2,0,rdd_1037
rdd_India_003266.jpg,rdd,far_dashcam,val,0,1,rdd_1038
rdd_India_003272.jpg,rdd,far_dashcam,val,1,0,rdd_1039
rdd_India_003274.jpg,rdd,far_dashcam,test,2,0,rdd_1040
rdd_India_003278.jpg,rdd,far_dashcam,train,1,0,rdd_1041
rdd_India_003284.jpg,rdd,far_dashcam,train,6,0,rdd_1042
rdd_India_003292.jpg,rdd,far_dashcam,train,1,0,rdd_1043
rdd_India_003294.jpg,rdd,far_dashcam,train,0,1,rdd_1044
rdd_India_003301.jpg,rdd,far_dashcam,train,0,1,rdd_1045
rdd_India_003302.jpg,rdd,far_dashcam,val,0,1,rdd_1046
rdd_India_003311.jpg,rdd,far_dashcam,train,0,1,rdd_1047
rdd_India_003312.jpg,rdd,far_dashcam,train,1,0,rdd_1048
rdd_India_003313.jpg,rdd,far_dashcam,train,0,1,rdd_1049
rdd_India_003318.jpg,rdd,far_dashcam,train,2,0,rdd_1050
rdd_India_003323.jpg,rdd,far_dashcam,train,2,0,rdd_1051
rdd_India_003324.jpg,rdd,far_dashcam,train,0,1,rdd_1052
rdd_India_003328.jpg,rdd,far_dashcam,val,0,1,rdd_1053
rdd_India_003334.jpg,rdd,far_dashcam,train,1,0,rdd_1054
rdd_India_003338.jpg,rdd,far_dashcam,train,0,1,rdd_1055
rdd_India_003339.jpg,rdd,far_dashcam,val,0,1,rdd_1056
rdd_India_003342.jpg,rdd,far_dashcam,test,0,1,rdd_1057
rdd_India_003351.jpg,rdd,far_dashcam,train,0,1,rdd_1058
rdd_India_003353.jpg,rdd,far_dashcam,train,2,0,rdd_1059
rdd_India_003359.jpg,rdd,far_dashcam,train,0,1,rdd_1060
rdd_India_003362.jpg,rdd,far_dashcam,test,4,0,rdd_1061
rdd_India_003363.jpg,rdd,far_dashcam,train,0,1,rdd_1062
rdd_India_003365.jpg,rdd,far_dashcam,test,3,0,rdd_1063
rdd_India_003366.jpg,rdd,far_dashcam,train,1,0,rdd_1064
rdd_India_003368.jpg,rdd,far_dashcam,train,1,0,rdd_1065
rdd_India_003370.jpg,rdd,far_dashcam,val,0,1,rdd_1066
rdd_India_003373.jpg,rdd,far_dashcam,train,2,0,rdd_1067
rdd_India_003374.jpg,rdd,far_dashcam,train,0,1,rdd_1068
rdd_India_003376.jpg,rdd,far_dashcam,train,1,0,rdd_1069
rdd_India_003381.jpg,rdd,far_dashcam,train,0,1,rdd_1070
rdd_India_003384.jpg,rdd,far_dashcam,train,4,0,rdd_1071
rdd_India_003387.jpg,rdd,far_dashcam,train,0,1,rdd_1072
rdd_India_003391.jpg,rdd,far_dashcam,train,1,0,rdd_1073
rdd_India_003392.jpg,rdd,far_dashcam,train,0,1,rdd_1074
rdd_India_003394.jpg,rdd,far_dashcam,train,0,1,rdd_1075
rdd_India_003401.jpg,rdd,far_dashcam,train,0,1,rdd_1076
rdd_India_003403.jpg,rdd,far_dashcam,train,0,1,rdd_1077
rdd_India_003404.jpg,rdd,far_dashcam,train,0,1,rdd_1078
rdd_India_003406.jpg,rdd,far_dashcam,train,1,0,rdd_1079
rdd_India_003408.jpg,rdd,far_dashcam,train,0,1,rdd_1080
rdd_India_003411.jpg,rdd,far_dashcam,train,8,0,rdd_1081
rdd_India_003412.jpg,rdd,far_dashcam,train,1,0,rdd_1082
rdd_India_003415.jpg,rdd,far_dashcam,train,0,1,rdd_1083
rdd_India_003416.jpg,rdd,far_dashcam,train,0,1,rdd_1084
rdd_India_003422.jpg,rdd,far_dashcam,test,1,0,rdd_1085
rdd_India_003424.jpg,rdd,far_dashcam,train,4,0,rdd_1086
rdd_India_003426.jpg,rdd,far_dashcam,train,1,0,rdd_1087
rdd_India_003428.jpg,rdd,far_dashcam,test,0,1,rdd_1088
rdd_India_003431.jpg,rdd,far_dashcam,train,2,0,rdd_1089
rdd_India_003433.jpg,rdd,far_dashcam,train,3,0,rdd_1090
rdd_India_003437.jpg,rdd,far_dashcam,train,0,1,rdd_1091
rdd_India_003443.jpg,rdd,far_dashcam,train,0,1,rdd_1092
rdd_India_003446.jpg,rdd,far_dashcam,train,2,0,rdd_1093
rdd_India_003449.jpg,rdd,far_dashcam,val,0,1,rdd_1094
rdd_India_003458.jpg,rdd,far_dashcam,train,0,1,rdd_1095
rdd_India_003461.jpg,rdd,far_dashcam,train,0,1,rdd_1096
rdd_India_003463.jpg,rdd,far_dashcam,test,0,1,rdd_1097
rdd_India_003464.jpg,rdd,far_dashcam,val,0,1,rdd_1098
rdd_India_003468.jpg,rdd,far_dashcam,val,0,1,rdd_1099
rdd_India_003473.jpg,rdd,far_dashcam,test,0,1,rdd_1100
rdd_India_003475.jpg,rdd,far_dashcam,train,1,0,rdd_1101
rdd_India_003478.jpg,rdd,far_dashcam,train,0,1,rdd_1102
rdd_India_003481.jpg,rdd,far_dashcam,train,0,1,rdd_1103
rdd_India_003486.jpg,rdd,far_dashcam,train,0,1,rdd_1104
rdd_India_003488.jpg,rdd,far_dashcam,train,0,1,rdd_1105
rdd_India_003490.jpg,rdd,far_dashcam,train,5,0,rdd_1106
rdd_India_003493.jpg,rdd,far_dashcam,train,0,1,rdd_1107
rdd_India_003495.jpg,rdd,far_dashcam,train,2,0,rdd_1108
rdd_India_003502.jpg,rdd,far_dashcam,train,1,0,rdd_1109
rdd_India_003508.jpg,rdd,far_dashcam,train,0,1,rdd_1110
rdd_India_003509.jpg,rdd,far_dashcam,val,0,1,rdd_1111
rdd_India_003512.jpg,rdd,far_dashcam,test,5,0,rdd_1112
rdd_India_003513.jpg,rdd,far_dashcam,train,0,1,rdd_1113
rdd_India_003516.jpg,rdd,far_dashcam,val,0,1,rdd_1114
rdd_India_003522.jpg,rdd,far_dashcam,val,0,1,rdd_1115
rdd_India_003528.jpg,rdd,far_dashcam,train,0,1,rdd_1116
rdd_India_003535.jpg,rdd,far_dashcam,train,5,0,rdd_1117
rdd_India_003542.jpg,rdd,far_dashcam,train,3,0,rdd_1118
rdd_India_003547.jpg,rdd,far_dashcam,train,1,0,rdd_1119
rdd_India_003550.jpg,rdd,far_dashcam,train,1,0,rdd_1120
rdd_India_003552.jpg,rdd,far_dashcam,train,0,1,rdd_1121
rdd_India_003553.jpg,rdd,far_dashcam,train,5,0,rdd_1122
rdd_India_003556.jpg,rdd,far_dashcam,train,1,0,rdd_1123
rdd_India_003558.jpg,rdd,far_dashcam,train,0,1,rdd_1124
rdd_India_003561.jpg,rdd,far_dashcam,train,4,0,rdd_1125
rdd_India_003565.jpg,rdd,far_dashcam,train,9,0,rdd_1126
rdd_India_003566.jpg,rdd,far_dashcam,test,0,1,rdd_1127
rdd_India_003567.jpg,rdd,far_dashcam,train,6,0,rdd_1128
rdd_India_003571.jpg,rdd,far_dashcam,train,1,0,rdd_1129
rdd_India_003572.jpg,rdd,far_dashcam,train,0,1,rdd_1130
rdd_India_003576.jpg,rdd,far_dashcam,train,1,0,rdd_1131
rdd_India_003580.jpg,rdd,far_dashcam,test,0,1,rdd_1132
rdd_India_003586.jpg,rdd,far_dashcam,train,0,1,rdd_1133
rdd_India_003592.jpg,rdd,far_dashcam,train,0,1,rdd_1134
rdd_India_003597.jpg,rdd,far_dashcam,test,0,1,rdd_1135
rdd_India_003602.jpg,rdd,far_dashcam,train,0,1,rdd_1136
rdd_India_003609.jpg,rdd,far_dashcam,val,2,0,rdd_1137
rdd_India_003610.jpg,rdd,far_dashcam,train,1,0,rdd_1138
rdd_India_003611.jpg,rdd,far_dashcam,train,1,0,rdd_1139
rdd_India_003616.jpg,rdd,far_dashcam,train,0,1,rdd_1140
rdd_India_003619.jpg,rdd,far_dashcam,val,1,0,rdd_1141
rdd_India_003624.jpg,rdd,far_dashcam,train,4,0,rdd_1142
rdd_India_003635.jpg,rdd,far_dashcam,test,0,1,rdd_1143
rdd_India_003643.jpg,rdd,far_dashcam,test,0,1,rdd_1144
rdd_India_003653.jpg,rdd,far_dashcam,val,0,1,rdd_1145
rdd_India_003654.jpg,rdd,far_dashcam,train,3,0,rdd_1146
rdd_India_003656.jpg,rdd,far_dashcam,train,0,1,rdd_1147
rdd_India_003658.jpg,rdd,far_dashcam,val,1,0,rdd_1148
rdd_India_003659.jpg,rdd,far_dashcam,test,0,1,rdd_1149
rdd_India_003660.jpg,rdd,far_dashcam,test,2,0,rdd_1150
rdd_India_003662.jpg,rdd,far_dashcam,train,0,1,rdd_1151
rdd_India_003676.jpg,rdd,far_dashcam,train,0,1,rdd_1152
rdd_India_003681.jpg,rdd,far_dashcam,val,0,1,rdd_1153
rdd_India_003682.jpg,rdd,far_dashcam,test,1,0,rdd_1154
rdd_India_003686.jpg,rdd,far_dashcam,train,1,0,rdd_1155
rdd_India_003691.jpg,rdd,far_dashcam,train,0,1,rdd_1156
rdd_India_003696.jpg,rdd,far_dashcam,train,1,0,rdd_1157
rdd_India_003697.jpg,rdd,far_dashcam,val,1,0,rdd_1158
rdd_India_003699.jpg,rdd,far_dashcam,train,1,0,rdd_1159
rdd_India_003700.jpg,rdd,far_dashcam,train,2,0,rdd_1160
rdd_India_003701.jpg,rdd,far_dashcam,train,0,1,rdd_1161
rdd_India_003702.jpg,rdd,far_dashcam,train,2,0,rdd_1162
rdd_India_003704.jpg,rdd,far_dashcam,train,2,0,rdd_1163
rdd_India_003706.jpg,rdd,far_dashcam,train,0,1,rdd_1164
rdd_India_003709.jpg,rdd,far_dashcam,train,1,0,rdd_1165
rdd_India_003710.jpg,rdd,far_dashcam,val,1,0,rdd_1166
rdd_India_003722.jpg,rdd,far_dashcam,train,1,0,rdd_1167
rdd_India_003724.jpg,rdd,far_dashcam,train,0,1,rdd_1168
rdd_India_003726.jpg,rdd,far_dashcam,train,0,1,rdd_1169
rdd_India_003731.jpg,rdd,far_dashcam,train,1,0,rdd_1170
rdd_India_003736.jpg,rdd,far_dashcam,train,0,1,rdd_1171
rdd_India_003738.jpg,rdd,far_dashcam,test,0,1,rdd_1172
rdd_India_003740.jpg,rdd,far_dashcam,train,0,1,rdd_1173
rdd_India_003741.jpg,rdd,far_dashcam,val,6,0,rdd_1174
rdd_India_003742.jpg,rdd,far_dashcam,train,0,1,rdd_1175
rdd_India_003747.jpg,rdd,far_dashcam,train,1,0,rdd_1176
rdd_India_003749.jpg,rdd,far_dashcam,train,0,1,rdd_1177
rdd_India_003754.jpg,rdd,far_dashcam,train,0,1,rdd_1178
rdd_India_003759.jpg,rdd,far_dashcam,train,1,0,rdd_1179
rdd_India_003761.jpg,rdd,far_dashcam,train,1,0,rdd_1180
rdd_India_003764.jpg,rdd,far_dashcam,train,2,0,rdd_1181
rdd_India_003774.jpg,rdd,far_dashcam,train,4,0,rdd_1182
rdd_India_003776.jpg,rdd,far_dashcam,test,2,0,rdd_1183
rdd_India_003778.jpg,rdd,far_dashcam,val,1,0,rdd_1184
rdd_India_003784.jpg,rdd,far_dashcam,val,0,1,rdd_1185
rdd_India_003785.jpg,rdd,far_dashcam,test,0,1,rdd_1186
rdd_India_003795.jpg,rdd,far_dashcam,train,1,0,rdd_1187
rdd_India_003796.jpg,rdd,far_dashcam,train,0,1,rdd_1188
rdd_India_003805.jpg,rdd,far_dashcam,train,1,0,rdd_1189
rdd_India_003806.jpg,rdd,far_dashcam,train,2,0,rdd_1190
rdd_India_003810.jpg,rdd,far_dashcam,val,0,1,rdd_1191
rdd_India_003817.jpg,rdd,far_dashcam,train,4,0,rdd_1192
rdd_India_003824.jpg,rdd,far_dashcam,val,0,1,rdd_1193
rdd_India_003825.jpg,rdd,far_dashcam,train,0,1,rdd_1194
rdd_India_003826.jpg,rdd,far_dashcam,test,0,1,rdd_1195
rdd_India_003829.jpg,rdd,far_dashcam,train,0,1,rdd_1196
rdd_India_003832.jpg,rdd,far_dashcam,val,0,1,rdd_1197
rdd_India_003835.jpg,rdd,far_dashcam,train,1,0,rdd_1198
rdd_India_003840.jpg,rdd,far_dashcam,train,0,1,rdd_1199
rdd_India_003841.jpg,rdd,far_dashcam,train,0,1,rdd_1200
rdd_India_003845.jpg,rdd,far_dashcam,train,0,1,rdd_1201
rdd_India_003848.jpg,rdd,far_dashcam,train,0,1,rdd_1202
rdd_India_003854.jpg,rdd,far_dashcam,train,0,1,rdd_1203
rdd_India_003857.jpg,rdd,far_dashcam,train,5,0,rdd_1204
rdd_India_003858.jpg,rdd,far_dashcam,train,0,1,rdd_1205
rdd_India_003859.jpg,rdd,far_dashcam,train,0,1,rdd_1206
rdd_India_003864.jpg,rdd,far_dashcam,train,2,0,rdd_1207
rdd_India_003865.jpg,rdd,far_dashcam,train,1,0,rdd_1208
rdd_India_003866.jpg,rdd,far_dashcam,train,0,1,rdd_1209
rdd_India_003867.jpg,rdd,far_dashcam,train,0,1,rdd_1210
rdd_India_003868.jpg,rdd,far_dashcam,val,0,1,rdd_1211
rdd_India_003872.jpg,rdd,far_dashcam,train,1,0,rdd_1212
rdd_India_003878.jpg,rdd,far_dashcam,train,3,0,rdd_1213
rdd_India_003879.jpg,rdd,far_dashcam,train,3,0,rdd_1214
rdd_India_003880.jpg,rdd,far_dashcam,train,0,1,rdd_1215
rdd_India_003882.jpg,rdd,far_dashcam,train,0,1,rdd_1216
rdd_India_003883.jpg,rdd,far_dashcam,train,1,0,rdd_1217
rdd_India_003884.jpg,rdd,far_dashcam,train,2,0,rdd_1218
rdd_India_003886.jpg,rdd,far_dashcam,train,3,0,rdd_1219
rdd_India_003893.jpg,rdd,far_dashcam,test,0,1,rdd_1220
rdd_India_003897.jpg,rdd,far_dashcam,train,0,1,rdd_1221
rdd_India_003899.jpg,rdd,far_dashcam,test,0,1,rdd_1222
rdd_India_003909.jpg,rdd,far_dashcam,train,2,0,rdd_1223
rdd_India_003911.jpg,rdd,far_dashcam,train,3,0,rdd_1224
rdd_India_003913.jpg,rdd,far_dashcam,train,1,0,rdd_1225
rdd_India_003919.jpg,rdd,far_dashcam,val,0,1,rdd_1226
rdd_India_003921.jpg,rdd,far_dashcam,train,0,1,rdd_1227
rdd_India_003923.jpg,rdd,far_dashcam,train,2,0,rdd_1228
rdd_India_003925.jpg,rdd,far_dashcam,train,3,0,rdd_1229
rdd_India_003926.jpg,rdd,far_dashcam,train,2,0,rdd_1230
rdd_India_003927.jpg,rdd,far_dashcam,train,0,1,rdd_1231
rdd_India_003936.jpg,rdd,far_dashcam,train,5,0,rdd_1232
rdd_India_003939.jpg,rdd,far_dashcam,train,1,0,rdd_1233
rdd_India_003941.jpg,rdd,far_dashcam,train,3,0,rdd_1234
rdd_India_003943.jpg,rdd,far_dashcam,train,0,1,rdd_1235
rdd_India_003951.jpg,rdd,far_dashcam,train,4,0,rdd_1236
rdd_India_003952.jpg,rdd,far_dashcam,test,0,1,rdd_1237
rdd_India_003953.jpg,rdd,far_dashcam,test,0,1,rdd_1238
rdd_India_003954.jpg,rdd,far_dashcam,test,0,1,rdd_1239
rdd_India_003965.jpg,rdd,far_dashcam,val,0,1,rdd_1240
rdd_India_003967.jpg,rdd,far_dashcam,val,1,0,rdd_1241
rdd_India_003969.jpg,rdd,far_dashcam,train,0,1,rdd_1242
rdd_India_003970.jpg,rdd,far_dashcam,test,0,1,rdd_1243
rdd_India_003973.jpg,rdd,far_dashcam,train,3,0,rdd_1244
rdd_India_003975.jpg,rdd,far_dashcam,train,2,0,rdd_1245
rdd_India_003976.jpg,rdd,far_dashcam,test,1,0,rdd_1246
rdd_India_003980.jpg,rdd,far_dashcam,train,2,0,rdd_1247
rdd_India_003983.jpg,rdd,far_dashcam,train,0,1,rdd_1248
rdd_India_003987.jpg,rdd,far_dashcam,train,1,0,rdd_1249
rdd_India_003993.jpg,rdd,far_dashcam,train,2,0,rdd_1250
rdd_India_003995.jpg,rdd,far_dashcam,train,0,1,rdd_1251
rdd_India_004003.jpg,rdd,far_dashcam,train,5,0,rdd_1252
rdd_India_004008.jpg,rdd,far_dashcam,train,0,1,rdd_1253
rdd_India_004011.jpg,rdd,far_dashcam,train,0,1,rdd_1254
rdd_India_004022.jpg,rdd,far_dashcam,train,4,0,rdd_1255
rdd_India_004027.jpg,rdd,far_dashcam,train,0,1,rdd_1256
rdd_India_004028.jpg,rdd,far_dashcam,train,7,0,rdd_1257
rdd_India_004029.jpg,rdd,far_dashcam,train,3,0,rdd_1258
rdd_India_004033.jpg,rdd,far_dashcam,train,3,0,rdd_1259
rdd_India_004038.jpg,rdd,far_dashcam,train,0,1,rdd_1260
rdd_India_004040.jpg,rdd,far_dashcam,train,0,1,rdd_1261
rdd_India_004041.jpg,rdd,far_dashcam,train,0,1,rdd_1262
rdd_India_004043.jpg,rdd,far_dashcam,train,1,0,rdd_1263
rdd_India_004044.jpg,rdd,far_dashcam,train,0,1,rdd_1264
rdd_India_004047.jpg,rdd,far_dashcam,train,7,0,rdd_1265
rdd_India_004048.jpg,rdd,far_dashcam,train,0,1,rdd_1266
rdd_India_004052.jpg,rdd,far_dashcam,train,0,1,rdd_1267
rdd_India_004054.jpg,rdd,far_dashcam,train,0,1,rdd_1268
rdd_India_004058.jpg,rdd,far_dashcam,val,0,1,rdd_1269
rdd_India_004060.jpg,rdd,far_dashcam,val,1,0,rdd_1270
rdd_India_004061.jpg,rdd,far_dashcam,test,0,1,rdd_1271
rdd_India_004065.jpg,rdd,far_dashcam,test,2,0,rdd_1272
rdd_India_004070.jpg,rdd,far_dashcam,train,1,0,rdd_1273
rdd_India_004071.jpg,rdd,far_dashcam,train,0,1,rdd_1274
rdd_India_004075.jpg,rdd,far_dashcam,train,0,1,rdd_1275
rdd_India_004076.jpg,rdd,far_dashcam,train,0,1,rdd_1276
rdd_India_004084.jpg,rdd,far_dashcam,val,0,1,rdd_1277
rdd_India_004091.jpg,rdd,far_dashcam,val,2,0,rdd_1278
rdd_India_004092.jpg,rdd,far_dashcam,train,0,1,rdd_1279
rdd_India_004099.jpg,rdd,far_dashcam,val,0,1,rdd_1280
rdd_India_004100.jpg,rdd,far_dashcam,train,2,0,rdd_1281
rdd_India_004101.jpg,rdd,far_dashcam,val,0,1,rdd_1282
rdd_India_004104.jpg,rdd,far_dashcam,train,4,0,rdd_1283
rdd_India_004107.jpg,rdd,far_dashcam,train,1,0,rdd_1284
rdd_India_004108.jpg,rdd,far_dashcam,train,1,0,rdd_1285
rdd_India_004110.jpg,rdd,far_dashcam,train,1,0,rdd_1286
rdd_India_004116.jpg,rdd,far_dashcam,train,1,0,rdd_1287
rdd_India_004121.jpg,rdd,far_dashcam,train,1,0,rdd_1288
rdd_India_004122.jpg,rdd,far_dashcam,train,0,1,rdd_1289
rdd_India_004125.jpg,rdd,far_dashcam,test,0,1,rdd_1290
rdd_India_004126.jpg,rdd,far_dashcam,train,1,0,rdd_1291
rdd_India_004132.jpg,rdd,far_dashcam,train,2,0,rdd_1292
rdd_India_004133.jpg,rdd,far_dashcam,train,1,0,rdd_1293
rdd_India_004135.jpg,rdd,far_dashcam,train,0,1,rdd_1294
rdd_India_004136.jpg,rdd,far_dashcam,train,1,0,rdd_1295
rdd_India_004143.jpg,rdd,far_dashcam,train,2,0,rdd_1296
rdd_India_004144.jpg,rdd,far_dashcam,train,0,1,rdd_1297
rdd_India_004146.jpg,rdd,far_dashcam,val,0,1,rdd_1298
rdd_India_004148.jpg,rdd,far_dashcam,train,0,1,rdd_1299
rdd_India_004154.jpg,rdd,far_dashcam,train,0,1,rdd_1300
rdd_India_004157.jpg,rdd,far_dashcam,train,0,1,rdd_1301
rdd_India_004161.jpg,rdd,far_dashcam,train,1,0,rdd_1302
rdd_India_004162.jpg,rdd,far_dashcam,train,0,1,rdd_1303
rdd_India_004168.jpg,rdd,far_dashcam,train,0,1,rdd_1304
rdd_India_004170.jpg,rdd,far_dashcam,test,0,1,rdd_1305
rdd_India_004172.jpg,rdd,far_dashcam,val,0,1,rdd_1306
rdd_India_004176.jpg,rdd,far_dashcam,train,2,0,rdd_1307
rdd_India_004178.jpg,rdd,far_dashcam,test,1,0,rdd_1308
rdd_India_004181.jpg,rdd,far_dashcam,train,2,0,rdd_1309
rdd_India_004184.jpg,rdd,far_dashcam,train,2,0,rdd_1310
rdd_India_004185.jpg,rdd,far_dashcam,train,1,0,rdd_1311
rdd_India_004191.jpg,rdd,far_dashcam,train,0,1,rdd_1312
rdd_India_004194.jpg,rdd,far_dashcam,train,0,1,rdd_1313
rdd_India_004196.jpg,rdd,far_dashcam,test,2,0,rdd_1314
rdd_India_004197.jpg,rdd,far_dashcam,train,0,1,rdd_1315
rdd_India_004202.jpg,rdd,far_dashcam,val,0,1,rdd_1316
rdd_India_004204.jpg,rdd,far_dashcam,train,0,1,rdd_1317
rdd_India_004205.jpg,rdd,far_dashcam,train,0,1,rdd_1318
rdd_India_004208.jpg,rdd,far_dashcam,train,5,0,rdd_1319
rdd_India_004209.jpg,rdd,far_dashcam,train,2,0,rdd_1320
rdd_India_004217.jpg,rdd,far_dashcam,val,0,1,rdd_1321
rdd_India_004226.jpg,rdd,far_dashcam,val,2,0,rdd_1322
rdd_India_004229.jpg,rdd,far_dashcam,train,0,1,rdd_1323
rdd_India_004231.jpg,rdd,far_dashcam,test,0,1,rdd_1324
rdd_India_004234.jpg,rdd,far_dashcam,train,0,1,rdd_1325
rdd_India_004240.jpg,rdd,far_dashcam,train,0,1,rdd_1326
rdd_India_004243.jpg,rdd,far_dashcam,test,1,0,rdd_1327
rdd_India_004250.jpg,rdd,far_dashcam,test,0,1,rdd_1328
rdd_India_004251.jpg,rdd,far_dashcam,train,0,1,rdd_1329
rdd_India_004252.jpg,rdd,far_dashcam,train,0,1,rdd_1330
rdd_India_004253.jpg,rdd,far_dashcam,test,1,0,rdd_1331
rdd_India_004256.jpg,rdd,far_dashcam,train,6,0,rdd_1332
rdd_India_004262.jpg,rdd,far_dashcam,train,0,1,rdd_1333
rdd_India_004263.jpg,rdd,far_dashcam,test,2,0,rdd_1334
rdd_India_004273.jpg,rdd,far_dashcam,train,0,1,rdd_1335
rdd_India_004278.jpg,rdd,far_dashcam,train,2,0,rdd_1336
rdd_India_004284.jpg,rdd,far_dashcam,train,0,1,rdd_1337
rdd_India_004285.jpg,rdd,far_dashcam,train,1,0,rdd_1338
rdd_India_004290.jpg,rdd,far_dashcam,train,2,0,rdd_1339
rdd_India_004293.jpg,rdd,far_dashcam,test,1,0,rdd_1340
rdd_India_004294.jpg,rdd,far_dashcam,test,2,0,rdd_1341
rdd_India_004298.jpg,rdd,far_dashcam,train,1,0,rdd_1342
rdd_India_004299.jpg,rdd,far_dashcam,train,1,0,rdd_1343
rdd_India_004304.jpg,rdd,far_dashcam,train,0,1,rdd_1344
rdd_India_004311.jpg,rdd,far_dashcam,train,0,1,rdd_1345
rdd_India_004312.jpg,rdd,far_dashcam,val,1,0,rdd_1346
rdd_India_004320.jpg,rdd,far_dashcam,val,1,0,rdd_1347
rdd_India_004321.jpg,rdd,far_dashcam,train,5,0,rdd_1348
rdd_India_004324.jpg,rdd,far_dashcam,val,0,1,rdd_1349
rdd_India_004327.jpg,rdd,far_dashcam,train,2,0,rdd_1350
rdd_India_004331.jpg,rdd,far_dashcam,train,2,0,rdd_1351
rdd_India_004337.jpg,rdd,far_dashcam,test,0,1,rdd_1352
rdd_India_004338.jpg,rdd,far_dashcam,val,3,0,rdd_1353
rdd_India_004339.jpg,rdd,far_dashcam,val,0,1,rdd_1354
rdd_India_004340.jpg,rdd,far_dashcam,test,5,0,rdd_1355
rdd_India_004342.jpg,rdd,far_dashcam,train,2,0,rdd_1356
rdd_India_004343.jpg,rdd,far_dashcam,train,3,0,rdd_1357
rdd_India_004345.jpg,rdd,far_dashcam,train,7,0,rdd_1358
rdd_India_004353.jpg,rdd,far_dashcam,train,0,1,rdd_1359
rdd_India_004354.jpg,rdd,far_dashcam,train,0,1,rdd_1360
rdd_India_004355.jpg,rdd,far_dashcam,val,0,1,rdd_1361
rdd_India_004358.jpg,rdd,far_dashcam,train,0,1,rdd_1362
rdd_India_004363.jpg,rdd,far_dashcam,train,3,0,rdd_1363
rdd_India_004370.jpg,rdd,far_dashcam,train,2,0,rdd_1364
rdd_India_004374.jpg,rdd,far_dashcam,train,0,1,rdd_1365
rdd_India_004380.jpg,rdd,far_dashcam,train,0,1,rdd_1366
rdd_India_004381.jpg,rdd,far_dashcam,train,0,1,rdd_1367
rdd_India_004385.jpg,rdd,far_dashcam,train,2,0,rdd_1368
rdd_India_004387.jpg,rdd,far_dashcam,train,1,0,rdd_1369
rdd_India_004390.jpg,rdd,far_dashcam,train,0,1,rdd_1370
rdd_India_004392.jpg,rdd,far_dashcam,test,3,0,rdd_1371
rdd_India_004393.jpg,rdd,far_dashcam,train,1,0,rdd_1372
rdd_India_004398.jpg,rdd,far_dashcam,train,5,0,rdd_1373
rdd_India_004403.jpg,rdd,far_dashcam,train,1,0,rdd_1374
rdd_India_004407.jpg,rdd,far_dashcam,train,0,1,rdd_1375
rdd_India_004410.jpg,rdd,far_dashcam,train,0,1,rdd_1376
rdd_India_004411.jpg,rdd,far_dashcam,train,0,1,rdd_1377
rdd_India_004414.jpg,rdd,far_dashcam,train,1,0,rdd_1378
rdd_India_004425.jpg,rdd,far_dashcam,train,0,1,rdd_1379
rdd_India_004430.jpg,rdd,far_dashcam,train,1,0,rdd_1380
rdd_India_004433.jpg,rdd,far_dashcam,train,0,1,rdd_1381
rdd_India_004434.jpg,rdd,far_dashcam,train,6,0,rdd_1382
rdd_India_004437.jpg,rdd,far_dashcam,val,0,1,rdd_1383
rdd_India_004441.jpg,rdd,far_dashcam,train,2,0,rdd_1384
rdd_India_004444.jpg,rdd,far_dashcam,train,1,0,rdd_1385
rdd_India_004449.jpg,rdd,far_dashcam,train,3,0,rdd_1386
rdd_India_004450.jpg,rdd,far_dashcam,train,0,1,rdd_1387
rdd_India_004451.jpg,rdd,far_dashcam,test,0,1,rdd_1388
rdd_India_004458.jpg,rdd,far_dashcam,train,0,1,rdd_1389
rdd_India_004459.jpg,rdd,far_dashcam,train,4,0,rdd_1390
rdd_India_004460.jpg,rdd,far_dashcam,test,0,1,rdd_1391
rdd_India_004461.jpg,rdd,far_dashcam,train,2,0,rdd_1392
rdd_India_004466.jpg,rdd,far_dashcam,val,0,1,rdd_1393
rdd_India_004469.jpg,rdd,far_dashcam,test,1,0,rdd_1394
rdd_India_004472.jpg,rdd,far_dashcam,test,5,0,rdd_1395
rdd_India_004483.jpg,rdd,far_dashcam,train,2,0,rdd_1396
rdd_India_004485.jpg,rdd,far_dashcam,train,2,0,rdd_1397
rdd_India_004494.jpg,rdd,far_dashcam,train,0,1,rdd_1398
rdd_India_004498.jpg,rdd,far_dashcam,val,0,1,rdd_1399
rdd_India_004502.jpg,rdd,far_dashcam,train,0,1,rdd_1400
rdd_India_004505.jpg,rdd,far_dashcam,train,0,1,rdd_1401
rdd_India_004509.jpg,rdd,far_dashcam,train,1,0,rdd_1402
rdd_India_004512.jpg,rdd,far_dashcam,train,3,0,rdd_1403
rdd_India_004524.jpg,rdd,far_dashcam,train,1,0,rdd_1404
rdd_India_004525.jpg,rdd,far_dashcam,train,2,0,rdd_1405
rdd_India_004532.jpg,rdd,far_dashcam,train,0,1,rdd_1406
rdd_India_004535.jpg,rdd,far_dashcam,train,0,1,rdd_1407
rdd_India_004537.jpg,rdd,far_dashcam,train,0,1,rdd_1408
rdd_India_004541.jpg,rdd,far_dashcam,test,0,1,rdd_1409
rdd_India_004542.jpg,rdd,far_dashcam,train,5,0,rdd_1410
rdd_India_004544.jpg,rdd,far_dashcam,test,0,1,rdd_1411
rdd_India_004551.jpg,rdd,far_dashcam,train,1,0,rdd_1412
rdd_India_004553.jpg,rdd,far_dashcam,test,1,0,rdd_1413
rdd_India_004554.jpg,rdd,far_dashcam,train,0,1,rdd_1414
rdd_India_004556.jpg,rdd,far_dashcam,train,1,0,rdd_1415
rdd_India_004563.jpg,rdd,far_dashcam,val,0,1,rdd_1416
rdd_India_004565.jpg,rdd,far_dashcam,val,0,1,rdd_1417
rdd_India_004568.jpg,rdd,far_dashcam,test,0,1,rdd_1418
rdd_India_004569.jpg,rdd,far_dashcam,train,0,1,rdd_1419
rdd_India_004572.jpg,rdd,far_dashcam,train,0,1,rdd_1420
rdd_India_004574.jpg,rdd,far_dashcam,test,0,1,rdd_1421
rdd_India_004577.jpg,rdd,far_dashcam,train,0,1,rdd_1422
rdd_India_004581.jpg,rdd,far_dashcam,val,0,1,rdd_1423
rdd_India_004583.jpg,rdd,far_dashcam,test,0,1,rdd_1424
rdd_India_004586.jpg,rdd,far_dashcam,train,3,0,rdd_1425
rdd_India_004592.jpg,rdd,far_dashcam,val,2,0,rdd_1426
rdd_India_004593.jpg,rdd,far_dashcam,train,2,0,rdd_1427
rdd_India_004600.jpg,rdd,far_dashcam,test,2,0,rdd_1428
rdd_India_004602.jpg,rdd,far_dashcam,train,0,1,rdd_1429
rdd_India_004604.jpg,rdd,far_dashcam,train,0,1,rdd_1430
rdd_India_004605.jpg,rdd,far_dashcam,test,0,1,rdd_1431
rdd_India_004606.jpg,rdd,far_dashcam,val,1,0,rdd_1432
rdd_India_004608.jpg,rdd,far_dashcam,train,0,1,rdd_1433
rdd_India_004612.jpg,rdd,far_dashcam,train,2,0,rdd_1434
rdd_India_004613.jpg,rdd,far_dashcam,test,1,0,rdd_1435
rdd_India_004626.jpg,rdd,far_dashcam,val,1,0,rdd_1436
rdd_India_004627.jpg,rdd,far_dashcam,train,3,0,rdd_1437
rdd_India_004629.jpg,rdd,far_dashcam,train,2,0,rdd_1438
rdd_India_004632.jpg,rdd,far_dashcam,train,2,0,rdd_1439
rdd_India_004633.jpg,rdd,far_dashcam,train,1,0,rdd_1440
rdd_India_004639.jpg,rdd,far_dashcam,train,4,0,rdd_1441
rdd_India_004646.jpg,rdd,far_dashcam,train,0,1,rdd_1442
rdd_India_004654.jpg,rdd,far_dashcam,train,0,1,rdd_1443
rdd_India_004655.jpg,rdd,far_dashcam,test,2,0,rdd_1444
rdd_India_004657.jpg,rdd,far_dashcam,train,1,0,rdd_1445
rdd_India_004659.jpg,rdd,far_dashcam,train,0,1,rdd_1446
rdd_India_004663.jpg,rdd,far_dashcam,val,1,0,rdd_1447
rdd_India_004664.jpg,rdd,far_dashcam,val,0,1,rdd_1448
rdd_India_004669.jpg,rdd,far_dashcam,train,1,0,rdd_1449
rdd_India_004677.jpg,rdd,far_dashcam,test,0,1,rdd_1450
rdd_India_004686.jpg,rdd,far_dashcam,train,2,0,rdd_1451
rdd_India_004687.jpg,rdd,far_dashcam,train,0,1,rdd_1452
rdd_India_004692.jpg,rdd,far_dashcam,train,0,1,rdd_1453
rdd_India_004694.jpg,rdd,far_dashcam,train,0,1,rdd_1454
rdd_India_004695.jpg,rdd,far_dashcam,test,1,0,rdd_1455
rdd_India_004700.jpg,rdd,far_dashcam,train,0,1,rdd_1456
rdd_India_004701.jpg,rdd,far_dashcam,train,5,0,rdd_1457
rdd_India_004705.jpg,rdd,far_dashcam,train,1,0,rdd_1458
rdd_India_004706.jpg,rdd,far_dashcam,val,1,0,rdd_1459
rdd_India_004710.jpg,rdd,far_dashcam,train,1,0,rdd_1460
rdd_India_004717.jpg,rdd,far_dashcam,train,2,0,rdd_1461
rdd_India_004719.jpg,rdd,far_dashcam,train,2,0,rdd_1462
rdd_India_004721.jpg,rdd,far_dashcam,train,0,1,rdd_1463
rdd_India_004724.jpg,rdd,far_dashcam,train,2,0,rdd_1464
rdd_India_004726.jpg,rdd,far_dashcam,train,1,0,rdd_1465
rdd_India_004731.jpg,rdd,far_dashcam,test,0,1,rdd_1466
rdd_India_004732.jpg,rdd,far_dashcam,train,3,0,rdd_1467
rdd_India_004735.jpg,rdd,far_dashcam,val,1,0,rdd_1468
rdd_India_004739.jpg,rdd,far_dashcam,train,1,0,rdd_1469
rdd_India_004741.jpg,rdd,far_dashcam,train,0,1,rdd_1470
rdd_India_004743.jpg,rdd,far_dashcam,train,0,1,rdd_1471
rdd_India_004744.jpg,rdd,far_dashcam,train,0,1,rdd_1472
rdd_India_004749.jpg,rdd,far_dashcam,train,1,0,rdd_1473
rdd_India_004751.jpg,rdd,far_dashcam,train,0,1,rdd_1474
rdd_India_004755.jpg,rdd,far_dashcam,val,4,0,rdd_1475
rdd_India_004759.jpg,rdd,far_dashcam,test,1,0,rdd_1476
rdd_India_004762.jpg,rdd,far_dashcam,train,0,1,rdd_1477
rdd_India_004763.jpg,rdd,far_dashcam,train,0,1,rdd_1478
rdd_India_004767.jpg,rdd,far_dashcam,train,0,1,rdd_1479
rdd_India_004768.jpg,rdd,far_dashcam,train,0,1,rdd_1480
rdd_India_004775.jpg,rdd,far_dashcam,train,0,1,rdd_1481
rdd_India_004779.jpg,rdd,far_dashcam,train,1,0,rdd_1482
rdd_India_004780.jpg,rdd,far_dashcam,train,0,1,rdd_1483
rdd_India_004781.jpg,rdd,far_dashcam,train,0,1,rdd_1484
rdd_India_004790.jpg,rdd,far_dashcam,train,0,1,rdd_1485
rdd_India_004797.jpg,rdd,far_dashcam,train,0,1,rdd_1486
rdd_India_004801.jpg,rdd,far_dashcam,train,2,0,rdd_1487
rdd_India_004802.jpg,rdd,far_dashcam,train,0,1,rdd_1488
rdd_India_004809.jpg,rdd,far_dashcam,train,0,1,rdd_1489
rdd_India_004815.jpg,rdd,far_dashcam,train,1,0,rdd_1490
rdd_India_004828.jpg,rdd,far_dashcam,val,2,0,rdd_1491
rdd_India_004832.jpg,rdd,far_dashcam,train,2,0,rdd_1492
rdd_India_004835.jpg,rdd,far_dashcam,train,0,1,rdd_1493
rdd_India_004837.jpg,rdd,far_dashcam,train,1,0,rdd_1494
rdd_India_004844.jpg,rdd,far_dashcam,val,0,1,rdd_1495
rdd_India_004845.jpg,rdd,far_dashcam,train,0,1,rdd_1496
rdd_India_004851.jpg,rdd,far_dashcam,train,0,1,rdd_1497
rdd_India_004853.jpg,rdd,far_dashcam,train,0,1,rdd_1498
rdd_India_004854.jpg,rdd,far_dashcam,test,2,0,rdd_1499
rdd_India_004857.jpg,rdd,far_dashcam,test,0,1,rdd_1500
rdd_India_004863.jpg,rdd,far_dashcam,train,2,0,rdd_1501
rdd_India_004865.jpg,rdd,far_dashcam,train,1,0,rdd_1502
rdd_India_004870.jpg,rdd,far_dashcam,train,0,1,rdd_1503
rdd_India_004876.jpg,rdd,far_dashcam,train,2,0,rdd_1504
rdd_India_004877.jpg,rdd,far_dashcam,train,1,0,rdd_1505
rdd_India_004880.jpg,rdd,far_dashcam,train,2,0,rdd_1506
rdd_India_004881.jpg,rdd,far_dashcam,train,0,1,rdd_1507
rdd_India_004882.jpg,rdd,far_dashcam,train,1,0,rdd_1508
rdd_India_004885.jpg,rdd,far_dashcam,train,0,1,rdd_1509
rdd_India_004887.jpg,rdd,far_dashcam,test,3,0,rdd_1510
rdd_India_004890.jpg,rdd,far_dashcam,train,0,1,rdd_1511
rdd_India_004891.jpg,rdd,far_dashcam,train,0,1,rdd_1512
rdd_India_004894.jpg,rdd,far_dashcam,train,1,0,rdd_1513
rdd_India_004899.jpg,rdd,far_dashcam,val,1,0,rdd_1514
rdd_India_004904.jpg,rdd,far_dashcam,test,0,1,rdd_1515
rdd_India_004905.jpg,rdd,far_dashcam,train,0,1,rdd_1516
rdd_India_004908.jpg,rdd,far_dashcam,train,1,0,rdd_1517
rdd_India_004918.jpg,rdd,far_dashcam,train,0,1,rdd_1518
rdd_India_004920.jpg,rdd,far_dashcam,val,0,1,rdd_1519
rdd_India_004922.jpg,rdd,far_dashcam,val,0,1,rdd_1520
rdd_India_004928.jpg,rdd,far_dashcam,train,2,0,rdd_1521
rdd_India_004935.jpg,rdd,far_dashcam,train,1,0,rdd_1522
rdd_India_004940.jpg,rdd,far_dashcam,val,7,0,rdd_1523
rdd_India_004941.jpg,rdd,far_dashcam,train,0,1,rdd_1524
rdd_India_004944.jpg,rdd,far_dashcam,train,2,0,rdd_1525
rdd_India_004947.jpg,rdd,far_dashcam,train,0,1,rdd_1526
rdd_India_004956.jpg,rdd,far_dashcam,train,0,1,rdd_1527
rdd_India_004958.jpg,rdd,far_dashcam,train,5,0,rdd_1528
rdd_India_004959.jpg,rdd,far_dashcam,test,5,0,rdd_1529
rdd_India_004968.jpg,rdd,far_dashcam,train,0,1,rdd_1530
rdd_India_004977.jpg,rdd,far_dashcam,train,0,1,rdd_1531
rdd_India_004980.jpg,rdd,far_dashcam,train,3,0,rdd_1532
rdd_India_004984.jpg,rdd,far_dashcam,train,4,0,rdd_1533
rdd_India_004987.jpg,rdd,far_dashcam,val,0,1,rdd_1534
rdd_India_004993.jpg,rdd,far_dashcam,train,0,1,rdd_1535
rdd_India_005005.jpg,rdd,far_dashcam,val,2,0,rdd_1536
rdd_India_005014.jpg,rdd,far_dashcam,test,1,0,rdd_1537
rdd_India_005016.jpg,rdd,far_dashcam,train,4,0,rdd_1538
rdd_India_005019.jpg,rdd,far_dashcam,test,0,1,rdd_1539
rdd_India_005022.jpg,rdd,far_dashcam,train,4,0,rdd_1540
rdd_India_005028.jpg,rdd,far_dashcam,train,0,1,rdd_1541
rdd_India_005029.jpg,rdd,far_dashcam,train,0,1,rdd_1542
rdd_India_005036.jpg,rdd,far_dashcam,train,0,1,rdd_1543
rdd_India_005040.jpg,rdd,far_dashcam,train,2,0,rdd_1544
rdd_India_005044.jpg,rdd,far_dashcam,train,2,0,rdd_1545
rdd_India_005047.jpg,rdd,far_dashcam,train,1,0,rdd_1546
rdd_India_005053.jpg,rdd,far_dashcam,train,1,0,rdd_1547
rdd_India_005059.jpg,rdd,far_dashcam,val,2,0,rdd_1548
rdd_India_005067.jpg,rdd,far_dashcam,val,1,0,rdd_1549
rdd_India_005069.jpg,rdd,far_dashcam,train,0,1,rdd_1550
rdd_India_005071.jpg,rdd,far_dashcam,test,1,0,rdd_1551
rdd_India_005073.jpg,rdd,far_dashcam,train,0,1,rdd_1552
rdd_India_005076.jpg,rdd,far_dashcam,val,0,1,rdd_1553
rdd_India_005078.jpg,rdd,far_dashcam,test,1,0,rdd_1554
rdd_India_005080.jpg,rdd,far_dashcam,train,1,0,rdd_1555
rdd_India_005081.jpg,rdd,far_dashcam,train,3,0,rdd_1556
rdd_India_005084.jpg,rdd,far_dashcam,train,1,0,rdd_1557
rdd_India_005088.jpg,rdd,far_dashcam,test,1,0,rdd_1558
rdd_India_005090.jpg,rdd,far_dashcam,train,0,1,rdd_1559
rdd_India_005093.jpg,rdd,far_dashcam,train,0,1,rdd_1560
rdd_India_005096.jpg,rdd,far_dashcam,train,0,1,rdd_1561
rdd_India_005097.jpg,rdd,far_dashcam,train,0,1,rdd_1562
rdd_India_005099.jpg,rdd,far_dashcam,train,0,1,rdd_1563
rdd_India_005103.jpg,rdd,far_dashcam,train,0,1,rdd_1564
rdd_India_005106.jpg,rdd,far_dashcam,train,0,1,rdd_1565
rdd_India_005115.jpg,rdd,far_dashcam,train,0,1,rdd_1566
rdd_India_005120.jpg,rdd,far_dashcam,train,0,1,rdd_1567
rdd_India_005121.jpg,rdd,far_dashcam,train,0,1,rdd_1568
rdd_India_005122.jpg,rdd,far_dashcam,train,3,0,rdd_1569
rdd_India_005123.jpg,rdd,far_dashcam,train,0,1,rdd_1570
rdd_India_005124.jpg,rdd,far_dashcam,train,2,0,rdd_1571
rdd_India_005129.jpg,rdd,far_dashcam,train,1,0,rdd_1572
rdd_India_005135.jpg,rdd,far_dashcam,test,1,0,rdd_1573
rdd_India_005138.jpg,rdd,far_dashcam,train,1,0,rdd_1574
rdd_India_005143.jpg,rdd,far_dashcam,test,0,1,rdd_1575
rdd_India_005149.jpg,rdd,far_dashcam,train,0,1,rdd_1576
rdd_India_005150.jpg,rdd,far_dashcam,val,2,0,rdd_1577
rdd_India_005152.jpg,rdd,far_dashcam,train,1,0,rdd_1578
rdd_India_005153.jpg,rdd,far_dashcam,train,0,1,rdd_1579
rdd_India_005156.jpg,rdd,far_dashcam,test,0,1,rdd_1580
rdd_India_005163.jpg,rdd,far_dashcam,test,3,0,rdd_1581
rdd_India_005164.jpg,rdd,far_dashcam,test,0,1,rdd_1582
rdd_India_005168.jpg,rdd,far_dashcam,train,0,1,rdd_1583
rdd_India_005170.jpg,rdd,far_dashcam,val,0,1,rdd_1584
rdd_India_005174.jpg,rdd,far_dashcam,train,0,1,rdd_1585
rdd_India_005177.jpg,rdd,far_dashcam,train,0,1,rdd_1586
rdd_India_005183.jpg,rdd,far_dashcam,train,0,1,rdd_1587
rdd_India_005185.jpg,rdd,far_dashcam,train,0,1,rdd_1588
rdd_India_005186.jpg,rdd,far_dashcam,test,0,1,rdd_1589
rdd_India_005188.jpg,rdd,far_dashcam,train,0,1,rdd_1590
rdd_India_005190.jpg,rdd,far_dashcam,train,0,1,rdd_1591
rdd_India_005191.jpg,rdd,far_dashcam,train,1,0,rdd_1592
rdd_India_005195.jpg,rdd,far_dashcam,train,0,1,rdd_1593
rdd_India_005197.jpg,rdd,far_dashcam,test,4,0,rdd_1594
rdd_India_005201.jpg,rdd,far_dashcam,train,0,1,rdd_1595
rdd_India_005214.jpg,rdd,far_dashcam,train,0,1,rdd_1596
rdd_India_005219.jpg,rdd,far_dashcam,train,4,0,rdd_1597
rdd_India_005230.jpg,rdd,far_dashcam,train,0,1,rdd_1598
rdd_India_005231.jpg,rdd,far_dashcam,val,2,0,rdd_1599
rdd_India_005235.jpg,rdd,far_dashcam,train,0,1,rdd_1600
rdd_India_005239.jpg,rdd,far_dashcam,val,0,1,rdd_1601
rdd_India_005245.jpg,rdd,far_dashcam,val,5,0,rdd_1602
rdd_India_005246.jpg,rdd,far_dashcam,train,0,1,rdd_1603
rdd_India_005247.jpg,rdd,far_dashcam,val,3,0,rdd_1604
rdd_India_005258.jpg,rdd,far_dashcam,train,3,0,rdd_1605
rdd_India_005259.jpg,rdd,far_dashcam,test,0,1,rdd_1606
rdd_India_005260.jpg,rdd,far_dashcam,train,2,0,rdd_1607
rdd_India_005262.jpg,rdd,far_dashcam,train,0,1,rdd_1608
rdd_India_005266.jpg,rdd,far_dashcam,train,1,0,rdd_1609
rdd_India_005267.jpg,rdd,far_dashcam,train,0,1,rdd_1610
rdd_India_005269.jpg,rdd,far_dashcam,train,1,0,rdd_1611
rdd_India_005270.jpg,rdd,far_dashcam,test,0,1,rdd_1612
rdd_India_005272.jpg,rdd,far_dashcam,train,0,1,rdd_1613
rdd_India_005278.jpg,rdd,far_dashcam,train,0,1,rdd_1614
rdd_India_005279.jpg,rdd,far_dashcam,train,0,1,rdd_1615
rdd_India_005280.jpg,rdd,far_dashcam,test,1,0,rdd_1616
rdd_India_005282.jpg,rdd,far_dashcam,train,1,0,rdd_1617
rdd_India_005284.jpg,rdd,far_dashcam,train,2,0,rdd_1618
rdd_India_005285.jpg,rdd,far_dashcam,test,1,0,rdd_1619
rdd_India_005286.jpg,rdd,far_dashcam,val,2,0,rdd_1620
rdd_India_005289.jpg,rdd,far_dashcam,train,1,0,rdd_1621
rdd_India_005291.jpg,rdd,far_dashcam,train,2,0,rdd_1622
rdd_India_005294.jpg,rdd,far_dashcam,train,2,0,rdd_1623
rdd_India_005295.jpg,rdd,far_dashcam,train,0,1,rdd_1624
rdd_India_005297.jpg,rdd,far_dashcam,test,1,0,rdd_1625
rdd_India_005298.jpg,rdd,far_dashcam,train,2,0,rdd_1626
rdd_India_005305.jpg,rdd,far_dashcam,train,3,0,rdd_1627
rdd_India_005308.jpg,rdd,far_dashcam,train,0,1,rdd_1628
rdd_India_005314.jpg,rdd,far_dashcam,test,3,0,rdd_1629
rdd_India_005329.jpg,rdd,far_dashcam,train,0,1,rdd_1630
rdd_India_005337.jpg,rdd,far_dashcam,val,2,0,rdd_1631
rdd_India_005338.jpg,rdd,far_dashcam,train,0,1,rdd_1632
rdd_India_005340.jpg,rdd,far_dashcam,train,0,1,rdd_1633
rdd_India_005343.jpg,rdd,far_dashcam,train,2,0,rdd_1634
rdd_India_005348.jpg,rdd,far_dashcam,train,1,0,rdd_1635
rdd_India_005350.jpg,rdd,far_dashcam,train,2,0,rdd_1636
rdd_India_005351.jpg,rdd,far_dashcam,train,1,0,rdd_1637
rdd_India_005359.jpg,rdd,far_dashcam,val,0,1,rdd_1638
rdd_India_005360.jpg,rdd,far_dashcam,train,0,1,rdd_1639
rdd_India_005365.jpg,rdd,far_dashcam,train,0,1,rdd_1640
rdd_India_005368.jpg,rdd,far_dashcam,train,0,1,rdd_1641
rdd_India_005372.jpg,rdd,far_dashcam,train,1,0,rdd_1642
rdd_India_005373.jpg,rdd,far_dashcam,train,1,0,rdd_1643
rdd_India_005376.jpg,rdd,far_dashcam,train,0,1,rdd_1644
rdd_India_005378.jpg,rdd,far_dashcam,train,0,1,rdd_1645
rdd_India_005382.jpg,rdd,far_dashcam,test,0,1,rdd_1646
rdd_India_005384.jpg,rdd,far_dashcam,train,0,1,rdd_1647
rdd_India_005391.jpg,rdd,far_dashcam,train,0,1,rdd_1648
rdd_India_005393.jpg,rdd,far_dashcam,train,0,1,rdd_1649
rdd_India_005397.jpg,rdd,far_dashcam,train,2,0,rdd_1650
rdd_India_005399.jpg,rdd,far_dashcam,train,1,0,rdd_1651
rdd_India_005402.jpg,rdd,far_dashcam,train,1,0,rdd_1652
rdd_India_005403.jpg,rdd,far_dashcam,test,0,1,rdd_1653
rdd_India_005411.jpg,rdd,far_dashcam,train,1,0,rdd_1654
rdd_India_005412.jpg,rdd,far_dashcam,val,1,0,rdd_1655
rdd_India_005413.jpg,rdd,far_dashcam,train,0,1,rdd_1656
rdd_India_005420.jpg,rdd,far_dashcam,train,4,0,rdd_1657
rdd_India_005421.jpg,rdd,far_dashcam,train,2,0,rdd_1658
rdd_India_005427.jpg,rdd,far_dashcam,train,1,0,rdd_1659
rdd_India_005428.jpg,rdd,far_dashcam,val,0,1,rdd_1660
rdd_India_005435.jpg,rdd,far_dashcam,val,0,1,rdd_1661
rdd_India_005436.jpg,rdd,far_dashcam,val,1,0,rdd_1662
rdd_India_005438.jpg,rdd,far_dashcam,train,0,1,rdd_1663
rdd_India_005439.jpg,rdd,far_dashcam,train,3,0,rdd_1664
rdd_India_005442.jpg,rdd,far_dashcam,train,0,1,rdd_1665
rdd_India_005445.jpg,rdd,far_dashcam,train,2,0,rdd_1666
rdd_India_005446.jpg,rdd,far_dashcam,test,1,0,rdd_1667
rdd_India_005447.jpg,rdd,far_dashcam,train,1,0,rdd_1668
rdd_India_005448.jpg,rdd,far_dashcam,train,0,1,rdd_1669
rdd_India_005455.jpg,rdd,far_dashcam,train,3,0,rdd_1670
rdd_India_005456.jpg,rdd,far_dashcam,train,0,1,rdd_1671
rdd_India_005463.jpg,rdd,far_dashcam,test,0,1,rdd_1672
rdd_India_005466.jpg,rdd,far_dashcam,val,0,1,rdd_1673
rdd_India_005467.jpg,rdd,far_dashcam,train,1,0,rdd_1674
rdd_India_005469.jpg,rdd,far_dashcam,val,4,0,rdd_1675
rdd_India_005472.jpg,rdd,far_dashcam,val,2,0,rdd_1676
rdd_India_005473.jpg,rdd,far_dashcam,val,3,0,rdd_1677
rdd_India_005475.jpg,rdd,far_dashcam,train,0,1,rdd_1678
rdd_India_005481.jpg,rdd,far_dashcam,train,0,1,rdd_1679
rdd_India_005486.jpg,rdd,far_dashcam,train,2,0,rdd_1680
rdd_India_005488.jpg,rdd,far_dashcam,val,0,1,rdd_1681
rdd_India_005489.jpg,rdd,far_dashcam,train,3,0,rdd_1682
rdd_India_005490.jpg,rdd,far_dashcam,train,3,0,rdd_1683
rdd_India_005492.jpg,rdd,far_dashcam,train,0,1,rdd_1684
rdd_India_005496.jpg,rdd,far_dashcam,train,3,0,rdd_1685
rdd_India_005497.jpg,rdd,far_dashcam,val,0,1,rdd_1686
rdd_India_005501.jpg,rdd,far_dashcam,test,0,1,rdd_1687
rdd_India_005510.jpg,rdd,far_dashcam,train,1,0,rdd_1688
rdd_India_005519.jpg,rdd,far_dashcam,test,2,0,rdd_1689
rdd_India_005523.jpg,rdd,far_dashcam,train,0,1,rdd_1690
rdd_India_005525.jpg,rdd,far_dashcam,train,0,1,rdd_1691
rdd_India_005526.jpg,rdd,far_dashcam,val,1,0,rdd_1692
rdd_India_005533.jpg,rdd,far_dashcam,train,0,1,rdd_1693
rdd_India_005537.jpg,rdd,far_dashcam,train,0,1,rdd_1694
rdd_India_005539.jpg,rdd,far_dashcam,train,1,0,rdd_1695
rdd_India_005541.jpg,rdd,far_dashcam,train,1,0,rdd_1696
rdd_India_005543.jpg,rdd,far_dashcam,train,1,0,rdd_1697
rdd_India_005545.jpg,rdd,far_dashcam,test,1,0,rdd_1698
rdd_India_005546.jpg,rdd,far_dashcam,train,3,0,rdd_1699
rdd_India_005547.jpg,rdd,far_dashcam,train,2,0,rdd_1700
rdd_India_005548.jpg,rdd,far_dashcam,train,2,0,rdd_1701
rdd_India_005550.jpg,rdd,far_dashcam,train,5,0,rdd_1702
rdd_India_005559.jpg,rdd,far_dashcam,train,1,0,rdd_1703
rdd_India_005561.jpg,rdd,far_dashcam,train,0,1,rdd_1704
rdd_India_005563.jpg,rdd,far_dashcam,train,0,1,rdd_1705
rdd_India_005564.jpg,rdd,far_dashcam,train,4,0,rdd_1706
rdd_India_005565.jpg,rdd,far_dashcam,train,0,1,rdd_1707
rdd_India_005569.jpg,rdd,far_dashcam,train,1,0,rdd_1708
rdd_India_005578.jpg,rdd,far_dashcam,train,3,0,rdd_1709
rdd_India_005588.jpg,rdd,far_dashcam,val,1,0,rdd_1710
rdd_India_005589.jpg,rdd,far_dashcam,train,0,1,rdd_1711
rdd_India_005595.jpg,rdd,far_dashcam,test,4,0,rdd_1712
rdd_India_005597.jpg,rdd,far_dashcam,train,0,1,rdd_1713
rdd_India_005598.jpg,rdd,far_dashcam,train,0,1,rdd_1714
rdd_India_005601.jpg,rdd,far_dashcam,val,1,0,rdd_1715
rdd_India_005603.jpg,rdd,far_dashcam,train,4,0,rdd_1716
rdd_India_005608.jpg,rdd,far_dashcam,test,0,1,rdd_1717
rdd_India_005609.jpg,rdd,far_dashcam,train,0,1,rdd_1718
rdd_India_005611.jpg,rdd,far_dashcam,train,4,0,rdd_1719
rdd_India_005612.jpg,rdd,far_dashcam,train,1,0,rdd_1720
rdd_India_005617.jpg,rdd,far_dashcam,train,0,1,rdd_1721
rdd_India_005619.jpg,rdd,far_dashcam,train,0,1,rdd_1722
rdd_India_005621.jpg,rdd,far_dashcam,train,1,0,rdd_1723
rdd_India_005623.jpg,rdd,far_dashcam,train,0,1,rdd_1724
rdd_India_005637.jpg,rdd,far_dashcam,train,0,1,rdd_1725
rdd_India_005642.jpg,rdd,far_dashcam,train,0,1,rdd_1726
rdd_India_005643.jpg,rdd,far_dashcam,train,1,0,rdd_1727
rdd_India_005653.jpg,rdd,far_dashcam,train,0,1,rdd_1728
rdd_India_005655.jpg,rdd,far_dashcam,train,1,0,rdd_1729
rdd_India_005656.jpg,rdd,far_dashcam,train,4,0,rdd_1730
rdd_India_005659.jpg,rdd,far_dashcam,val,0,1,rdd_1731
rdd_India_005660.jpg,rdd,far_dashcam,test,1,0,rdd_1732
rdd_India_005661.jpg,rdd,far_dashcam,train,3,0,rdd_1733
rdd_India_005662.jpg,rdd,far_dashcam,test,0,1,rdd_1734
rdd_India_005664.jpg,rdd,far_dashcam,val,0,1,rdd_1735
rdd_India_005666.jpg,rdd,far_dashcam,train,0,1,rdd_1736
rdd_India_005669.jpg,rdd,far_dashcam,val,0,1,rdd_1737
rdd_India_005673.jpg,rdd,far_dashcam,train,0,1,rdd_1738
rdd_India_005676.jpg,rdd,far_dashcam,train,2,0,rdd_1739
rdd_India_005677.jpg,rdd,far_dashcam,train,0,1,rdd_1740
rdd_India_005679.jpg,rdd,far_dashcam,val,0,1,rdd_1741
rdd_India_005682.jpg,rdd,far_dashcam,val,0,1,rdd_1742
rdd_India_005686.jpg,rdd,far_dashcam,train,0,1,rdd_1743
rdd_India_005692.jpg,rdd,far_dashcam,train,0,1,rdd_1744
rdd_India_005693.jpg,rdd,far_dashcam,val,2,0,rdd_1745
rdd_India_005697.jpg,rdd,far_dashcam,train,2,0,rdd_1746
rdd_India_005698.jpg,rdd,far_dashcam,test,1,0,rdd_1747
rdd_India_005701.jpg,rdd,far_dashcam,train,4,0,rdd_1748
rdd_India_005702.jpg,rdd,far_dashcam,val,0,1,rdd_1749
rdd_India_005704.jpg,rdd,far_dashcam,train,1,0,rdd_1750
rdd_India_005713.jpg,rdd,far_dashcam,test,1,0,rdd_1751
rdd_India_005715.jpg,rdd,far_dashcam,train,1,0,rdd_1752
rdd_India_005717.jpg,rdd,far_dashcam,train,3,0,rdd_1753
rdd_India_005721.jpg,rdd,far_dashcam,train,0,1,rdd_1754
rdd_India_005724.jpg,rdd,far_dashcam,train,1,0,rdd_1755
rdd_India_005727.jpg,rdd,far_dashcam,train,0,1,rdd_1756
rdd_India_005733.jpg,rdd,far_dashcam,train,0,1,rdd_1757
rdd_India_005737.jpg,rdd,far_dashcam,test,0,1,rdd_1758
rdd_India_005742.jpg,rdd,far_dashcam,train,0,1,rdd_1759
rdd_India_005743.jpg,rdd,far_dashcam,train,7,0,rdd_1760
rdd_India_005755.jpg,rdd,far_dashcam,test,1,0,rdd_1761
rdd_India_005757.jpg,rdd,far_dashcam,val,2,0,rdd_1762
rdd_India_005758.jpg,rdd,far_dashcam,train,0,1,rdd_1763
rdd_India_005760.jpg,rdd,far_dashcam,train,1,0,rdd_1764
rdd_India_005761.jpg,rdd,far_dashcam,val,1,0,rdd_1765
rdd_India_005762.jpg,rdd,far_dashcam,train,1,0,rdd_1766
rdd_India_005764.jpg,rdd,far_dashcam,train,0,1,rdd_1767
rdd_India_005773.jpg,rdd,far_dashcam,train,0,1,rdd_1768
rdd_India_005774.jpg,rdd,far_dashcam,train,2,0,rdd_1769
rdd_India_005775.jpg,rdd,far_dashcam,train,1,0,rdd_1770
rdd_India_005777.jpg,rdd,far_dashcam,train,1,0,rdd_1771
rdd_India_005778.jpg,rdd,far_dashcam,train,0,1,rdd_1772
rdd_India_005781.jpg,rdd,far_dashcam,train,11,0,rdd_1773
rdd_India_005784.jpg,rdd,far_dashcam,train,1,0,rdd_1774
rdd_India_005787.jpg,rdd,far_dashcam,train,0,1,rdd_1775
rdd_India_005796.jpg,rdd,far_dashcam,test,0,1,rdd_1776
rdd_India_005797.jpg,rdd,far_dashcam,train,1,0,rdd_1777
rdd_India_005801.jpg,rdd,far_dashcam,val,1,0,rdd_1778
rdd_India_005803.jpg,rdd,far_dashcam,train,0,1,rdd_1779
rdd_India_005804.jpg,rdd,far_dashcam,test,0,1,rdd_1780
rdd_India_005810.jpg,rdd,far_dashcam,train,1,0,rdd_1781
rdd_India_005811.jpg,rdd,far_dashcam,test,0,1,rdd_1782
rdd_India_005812.jpg,rdd,far_dashcam,val,0,1,rdd_1783
rdd_India_005813.jpg,rdd,far_dashcam,train,0,1,rdd_1784
rdd_India_005815.jpg,rdd,far_dashcam,train,0,1,rdd_1785
rdd_India_005820.jpg,rdd,far_dashcam,val,2,0,rdd_1786
rdd_India_005824.jpg,rdd,far_dashcam,train,4,0,rdd_1787
rdd_India_005826.jpg,rdd,far_dashcam,train,0,1,rdd_1788
rdd_India_005829.jpg,rdd,far_dashcam,train,0,1,rdd_1789
rdd_India_005830.jpg,rdd,far_dashcam,train,0,1,rdd_1790
rdd_India_005832.jpg,rdd,far_dashcam,val,0,1,rdd_1791
rdd_India_005837.jpg,rdd,far_dashcam,train,0,1,rdd_1792
rdd_India_005843.jpg,rdd,far_dashcam,train,0,1,rdd_1793
rdd_India_005854.jpg,rdd,far_dashcam,train,0,1,rdd_1794
rdd_India_005856.jpg,rdd,far_dashcam,train,1,0,rdd_1795
rdd_India_005865.jpg,rdd,far_dashcam,train,0,1,rdd_1796
rdd_India_005869.jpg,rdd,far_dashcam,train,0,1,rdd_1797
rdd_India_005874.jpg,rdd,far_dashcam,val,0,1,rdd_1798
rdd_India_005878.jpg,rdd,far_dashcam,val,3,0,rdd_1799
rdd_India_005884.jpg,rdd,far_dashcam,train,1,0,rdd_1800
rdd_India_005886.jpg,rdd,far_dashcam,train,1,0,rdd_1801
rdd_India_005887.jpg,rdd,far_dashcam,train,3,0,rdd_1802
rdd_India_005894.jpg,rdd,far_dashcam,train,0,1,rdd_1803
rdd_India_005895.jpg,rdd,far_dashcam,val,1,0,rdd_1804
rdd_India_005900.jpg,rdd,far_dashcam,val,1,0,rdd_1805
rdd_India_005906.jpg,rdd,far_dashcam,train,0,1,rdd_1806
rdd_India_005910.jpg,rdd,far_dashcam,train,0,1,rdd_1807
rdd_India_005911.jpg,rdd,far_dashcam,train,0,1,rdd_1808
rdd_India_005919.jpg,rdd,far_dashcam,train,0,1,rdd_1809
rdd_India_005927.jpg,rdd,far_dashcam,train,0,1,rdd_1810
rdd_India_005928.jpg,rdd,far_dashcam,train,0,1,rdd_1811
rdd_India_005934.jpg,rdd,far_dashcam,train,0,1,rdd_1812
rdd_India_005936.jpg,rdd,far_dashcam,train,0,1,rdd_1813
rdd_India_005937.jpg,rdd,far_dashcam,test,1,0,rdd_1814
rdd_India_005938.jpg,rdd,far_dashcam,train,2,0,rdd_1815
rdd_India_005941.jpg,rdd,far_dashcam,test,1,0,rdd_1816
rdd_India_005942.jpg,rdd,far_dashcam,train,0,1,rdd_1817
rdd_India_005952.jpg,rdd,far_dashcam,test,0,1,rdd_1818
rdd_India_005959.jpg,rdd,far_dashcam,train,0,1,rdd_1819
rdd_India_005962.jpg,rdd,far_dashcam,train,1,0,rdd_1820
rdd_India_005968.jpg,rdd,far_dashcam,train,2,0,rdd_1821
rdd_India_005976.jpg,rdd,far_dashcam,train,1,0,rdd_1822
rdd_India_005983.jpg,rdd,far_dashcam,train,0,1,rdd_1823
rdd_India_005992.jpg,rdd,far_dashcam,train,0,1,rdd_1824
rdd_India_005993.jpg,rdd,far_dashcam,val,2,0,rdd_1825
rdd_India_005995.jpg,rdd,far_dashcam,train,1,0,rdd_1826
rdd_India_005998.jpg,rdd,far_dashcam,test,0,1,rdd_1827
rdd_India_006004.jpg,rdd,far_dashcam,train,1,0,rdd_1828
rdd_India_006010.jpg,rdd,far_dashcam,train,0,1,rdd_1829
rdd_India_006012.jpg,rdd,far_dashcam,train,0,1,rdd_1830
rdd_India_006018.jpg,rdd,far_dashcam,train,0,1,rdd_1831
rdd_India_006021.jpg,rdd,far_dashcam,train,0,1,rdd_1832
rdd_India_006027.jpg,rdd,far_dashcam,train,1,0,rdd_1833
rdd_India_006031.jpg,rdd,far_dashcam,train,1,0,rdd_1834
rdd_India_006033.jpg,rdd,far_dashcam,train,1,0,rdd_1835
rdd_India_006045.jpg,rdd,far_dashcam,train,5,0,rdd_1836
rdd_India_006056.jpg,rdd,far_dashcam,test,0,1,rdd_1837
rdd_India_006057.jpg,rdd,far_dashcam,val,0,1,rdd_1838
rdd_India_006061.jpg,rdd,far_dashcam,train,2,0,rdd_1839
rdd_India_006064.jpg,rdd,far_dashcam,train,0,1,rdd_1840
rdd_India_006071.jpg,rdd,far_dashcam,test,0,1,rdd_1841
rdd_India_006074.jpg,rdd,far_dashcam,train,0,1,rdd_1842
rdd_India_006076.jpg,rdd,far_dashcam,train,1,0,rdd_1843
rdd_India_006079.jpg,rdd,far_dashcam,train,0,1,rdd_1844
rdd_India_006087.jpg,rdd,far_dashcam,train,1,0,rdd_1845
rdd_India_006093.jpg,rdd,far_dashcam,train,0,1,rdd_1846
rdd_India_006095.jpg,rdd,far_dashcam,val,2,0,rdd_1847
rdd_India_006098.jpg,rdd,far_dashcam,train,1,0,rdd_1848
rdd_India_006100.jpg,rdd,far_dashcam,val,2,0,rdd_1849
rdd_India_006101.jpg,rdd,far_dashcam,train,0,1,rdd_1850
rdd_India_006103.jpg,rdd,far_dashcam,val,4,0,rdd_1851
rdd_India_006104.jpg,rdd,far_dashcam,val,0,1,rdd_1852
rdd_India_006108.jpg,rdd,far_dashcam,train,0,1,rdd_1853
rdd_India_006109.jpg,rdd,far_dashcam,test,1,0,rdd_1854
rdd_India_006112.jpg,rdd,far_dashcam,train,2,0,rdd_1855
rdd_India_006114.jpg,rdd,far_dashcam,val,4,0,rdd_1856
rdd_India_006115.jpg,rdd,far_dashcam,test,2,0,rdd_1857
rdd_India_006117.jpg,rdd,far_dashcam,train,3,0,rdd_1858
rdd_India_006120.jpg,rdd,far_dashcam,train,0,1,rdd_1859
rdd_India_006127.jpg,rdd,far_dashcam,train,2,0,rdd_1860
rdd_India_006130.jpg,rdd,far_dashcam,train,0,1,rdd_1861
rdd_India_006132.jpg,rdd,far_dashcam,test,2,0,rdd_1862
rdd_India_006137.jpg,rdd,far_dashcam,val,1,0,rdd_1863
rdd_India_006146.jpg,rdd,far_dashcam,test,0,1,rdd_1864
rdd_India_006148.jpg,rdd,far_dashcam,test,1,0,rdd_1865
rdd_India_006154.jpg,rdd,far_dashcam,test,0,1,rdd_1866
rdd_India_006155.jpg,rdd,far_dashcam,train,0,1,rdd_1867
rdd_India_006160.jpg,rdd,far_dashcam,train,1,0,rdd_1868
rdd_India_006167.jpg,rdd,far_dashcam,train,1,0,rdd_1869
rdd_India_006168.jpg,rdd,far_dashcam,train,0,1,rdd_1870
rdd_India_006174.jpg,rdd,far_dashcam,val,1,0,rdd_1871
rdd_India_006176.jpg,rdd,far_dashcam,val,0,1,rdd_1872
rdd_India_006177.jpg,rdd,far_dashcam,train,6,0,rdd_1873
rdd_India_006187.jpg,rdd,far_dashcam,test,4,0,rdd_1874
rdd_India_006189.jpg,rdd,far_dashcam,test,0,1,rdd_1875
rdd_India_006197.jpg,rdd,far_dashcam,train,1,0,rdd_1876
rdd_India_006198.jpg,rdd,far_dashcam,test,0,1,rdd_1877
rdd_India_006199.jpg,rdd,far_dashcam,val,0,1,rdd_1878
rdd_India_006201.jpg,rdd,far_dashcam,train,5,0,rdd_1879
rdd_India_006202.jpg,rdd,far_dashcam,train,2,0,rdd_1880
rdd_India_006210.jpg,rdd,far_dashcam,train,0,1,rdd_1881
rdd_India_006212.jpg,rdd,far_dashcam,train,4,0,rdd_1882
rdd_India_006214.jpg,rdd,far_dashcam,val,2,0,rdd_1883
rdd_India_006219.jpg,rdd,far_dashcam,train,0,1,rdd_1884
rdd_India_006220.jpg,rdd,far_dashcam,train,0,1,rdd_1885
rdd_India_006237.jpg,rdd,far_dashcam,test,1,0,rdd_1886
rdd_India_006239.jpg,rdd,far_dashcam,train,1,0,rdd_1887
rdd_India_006244.jpg,rdd,far_dashcam,test,0,1,rdd_1888
rdd_India_006248.jpg,rdd,far_dashcam,val,4,0,rdd_1889
rdd_India_006250.jpg,rdd,far_dashcam,val,1,0,rdd_1890
rdd_India_006256.jpg,rdd,far_dashcam,train,0,1,rdd_1891
rdd_India_006257.jpg,rdd,far_dashcam,val,2,0,rdd_1892
rdd_India_006262.jpg,rdd,far_dashcam,train,0,1,rdd_1893
rdd_India_006266.jpg,rdd,far_dashcam,train,0,1,rdd_1894
rdd_India_006269.jpg,rdd,far_dashcam,train,1,0,rdd_1895
rdd_India_006273.jpg,rdd,far_dashcam,train,0,1,rdd_1896
rdd_India_006274.jpg,rdd,far_dashcam,test,5,0,rdd_1897
rdd_India_006275.jpg,rdd,far_dashcam,train,2,0,rdd_1898
rdd_India_006278.jpg,rdd,far_dashcam,train,0,1,rdd_1899
rdd_India_006281.jpg,rdd,far_dashcam,val,0,1,rdd_1900
rdd_India_006284.jpg,rdd,far_dashcam,train,0,1,rdd_1901
rdd_India_006286.jpg,rdd,far_dashcam,test,0,1,rdd_1902
rdd_India_006290.jpg,rdd,far_dashcam,train,7,0,rdd_1903
rdd_India_006291.jpg,rdd,far_dashcam,train,0,1,rdd_1904
rdd_India_006292.jpg,rdd,far_dashcam,train,0,1,rdd_1905
rdd_India_006293.jpg,rdd,far_dashcam,train,3,0,rdd_1906
rdd_India_006295.jpg,rdd,far_dashcam,train,3,0,rdd_1907
rdd_India_006297.jpg,rdd,far_dashcam,test,1,0,rdd_1908
rdd_India_006302.jpg,rdd,far_dashcam,test,0,1,rdd_1909
rdd_India_006304.jpg,rdd,far_dashcam,train,0,1,rdd_1910
rdd_India_006305.jpg,rdd,far_dashcam,train,1,0,rdd_1911
rdd_India_006306.jpg,rdd,far_dashcam,test,0,1,rdd_1912
rdd_India_006316.jpg,rdd,far_dashcam,train,1,0,rdd_1913
rdd_India_006318.jpg,rdd,far_dashcam,train,2,0,rdd_1914
rdd_India_006319.jpg,rdd,far_dashcam,train,0,1,rdd_1915
rdd_India_006320.jpg,rdd,far_dashcam,val,1,0,rdd_1916
rdd_India_006322.jpg,rdd,far_dashcam,train,1,0,rdd_1917
rdd_India_006326.jpg,rdd,far_dashcam,train,1,0,rdd_1918
rdd_India_006327.jpg,rdd,far_dashcam,test,1,0,rdd_1919
rdd_India_006328.jpg,rdd,far_dashcam,test,1,0,rdd_1920
rdd_India_006335.jpg,rdd,far_dashcam,test,0,1,rdd_1921
rdd_India_006336.jpg,rdd,far_dashcam,train,1,0,rdd_1922
rdd_India_006339.jpg,rdd,far_dashcam,train,2,0,rdd_1923
rdd_India_006342.jpg,rdd,far_dashcam,train,3,0,rdd_1924
rdd_India_006348.jpg,rdd,far_dashcam,train,0,1,rdd_1925
rdd_India_006358.jpg,rdd,far_dashcam,train,0,1,rdd_1926
rdd_India_006362.jpg,rdd,far_dashcam,train,2,0,rdd_1927
rdd_India_006364.jpg,rdd,far_dashcam,train,1,0,rdd_1928
rdd_India_006365.jpg,rdd,far_dashcam,train,2,0,rdd_1929
rdd_India_006367.jpg,rdd,far_dashcam,train,5,0,rdd_1930
rdd_India_006368.jpg,rdd,far_dashcam,test,5,0,rdd_1931
rdd_India_006369.jpg,rdd,far_dashcam,train,2,0,rdd_1932
rdd_India_006372.jpg,rdd,far_dashcam,train,0,1,rdd_1933
rdd_India_006373.jpg,rdd,far_dashcam,test,1,0,rdd_1934
rdd_India_006375.jpg,rdd,far_dashcam,train,0,1,rdd_1935
rdd_India_006378.jpg,rdd,far_dashcam,train,1,0,rdd_1936
rdd_India_006382.jpg,rdd,far_dashcam,train,2,0,rdd_1937
rdd_India_006383.jpg,rdd,far_dashcam,train,0,1,rdd_1938
rdd_India_006386.jpg,rdd,far_dashcam,train,0,1,rdd_1939
rdd_India_006388.jpg,rdd,far_dashcam,val,1,0,rdd_1940
rdd_India_006391.jpg,rdd,far_dashcam,val,0,1,rdd_1941
rdd_India_006392.jpg,rdd,far_dashcam,val,0,1,rdd_1942
rdd_India_006397.jpg,rdd,far_dashcam,train,5,0,rdd_1943
rdd_India_006402.jpg,rdd,far_dashcam,train,0,1,rdd_1944
rdd_India_006406.jpg,rdd,far_dashcam,test,1,0,rdd_1945
rdd_India_006409.jpg,rdd,far_dashcam,train,0,1,rdd_1946
rdd_India_006410.jpg,rdd,far_dashcam,train,0,1,rdd_1947
rdd_India_006411.jpg,rdd,far_dashcam,train,3,0,rdd_1948
rdd_India_006420.jpg,rdd,far_dashcam,train,0,1,rdd_1949
rdd_India_006432.jpg,rdd,far_dashcam,test,0,1,rdd_1950
rdd_India_006433.jpg,rdd,far_dashcam,val,7,0,rdd_1951
rdd_India_006436.jpg,rdd,far_dashcam,train,0,1,rdd_1952
rdd_India_006437.jpg,rdd,far_dashcam,train,0,1,rdd_1953
rdd_India_006444.jpg,rdd,far_dashcam,train,1,0,rdd_1954
rdd_India_006447.jpg,rdd,far_dashcam,test,2,0,rdd_1955
rdd_India_006450.jpg,rdd,far_dashcam,train,1,0,rdd_1956
rdd_India_006452.jpg,rdd,far_dashcam,train,1,0,rdd_1957
rdd_India_006455.jpg,rdd,far_dashcam,train,0,1,rdd_1958
rdd_India_006462.jpg,rdd,far_dashcam,train,1,0,rdd_1959
rdd_India_006465.jpg,rdd,far_dashcam,test,6,0,rdd_1960
rdd_India_006466.jpg,rdd,far_dashcam,train,3,0,rdd_1961
rdd_India_006469.jpg,rdd,far_dashcam,train,1,0,rdd_1962
rdd_India_006473.jpg,rdd,far_dashcam,train,4,0,rdd_1963
rdd_India_006474.jpg,rdd,far_dashcam,val,1,0,rdd_1964
rdd_India_006476.jpg,rdd,far_dashcam,train,1,0,rdd_1965
rdd_India_006479.jpg,rdd,far_dashcam,val,0,1,rdd_1966
rdd_India_006482.jpg,rdd,far_dashcam,train,0,1,rdd_1967
rdd_India_006488.jpg,rdd,far_dashcam,train,0,1,rdd_1968
rdd_India_006490.jpg,rdd,far_dashcam,train,2,0,rdd_1969
rdd_India_006496.jpg,rdd,far_dashcam,val,0,1,rdd_1970
rdd_India_006502.jpg,rdd,far_dashcam,train,1,0,rdd_1971
rdd_India_006507.jpg,rdd,far_dashcam,val,0,1,rdd_1972
rdd_India_006516.jpg,rdd,far_dashcam,train,0,1,rdd_1973
rdd_India_006518.jpg,rdd,far_dashcam,train,1,0,rdd_1974
rdd_India_006519.jpg,rdd,far_dashcam,train,0,1,rdd_1975
rdd_India_006520.jpg,rdd,far_dashcam,train,2,0,rdd_1976
rdd_India_006523.jpg,rdd,far_dashcam,train,0,1,rdd_1977
rdd_India_006524.jpg,rdd,far_dashcam,train,5,0,rdd_1978
rdd_India_006526.jpg,rdd,far_dashcam,train,0,1,rdd_1979
rdd_India_006529.jpg,rdd,far_dashcam,train,2,0,rdd_1980
rdd_India_006530.jpg,rdd,far_dashcam,train,2,0,rdd_1981
rdd_India_006532.jpg,rdd,far_dashcam,train,1,0,rdd_1982
rdd_India_006533.jpg,rdd,far_dashcam,val,0,1,rdd_1983
rdd_India_006535.jpg,rdd,far_dashcam,train,2,0,rdd_1984
rdd_India_006536.jpg,rdd,far_dashcam,val,3,0,rdd_1985
rdd_India_006542.jpg,rdd,far_dashcam,train,0,1,rdd_1986
rdd_India_006544.jpg,rdd,far_dashcam,val,2,0,rdd_1987
rdd_India_006547.jpg,rdd,far_dashcam,train,0,1,rdd_1988
rdd_India_006549.jpg,rdd,far_dashcam,train,2,0,rdd_1989
rdd_India_006555.jpg,rdd,far_dashcam,val,1,0,rdd_1990
rdd_India_006562.jpg,rdd,far_dashcam,train,0,1,rdd_1991
rdd_India_006564.jpg,rdd,far_dashcam,test,2,0,rdd_1992
rdd_India_006577.jpg,rdd,far_dashcam,train,0,1,rdd_1993
rdd_India_006580.jpg,rdd,far_dashcam,val,1,0,rdd_1994
rdd_India_006581.jpg,rdd,far_dashcam,val,1,0,rdd_1995
rdd_India_006583.jpg,rdd,far_dashcam,train,0,1,rdd_1996
rdd_India_006593.jpg,rdd,far_dashcam,val,1,0,rdd_1997
rdd_India_006594.jpg,rdd,far_dashcam,val,0,1,rdd_1998
rdd_India_006595.jpg,rdd,far_dashcam,test,2,0,rdd_1999
rdd_India_006601.jpg,rdd,far_dashcam,train,1,0,rdd_2000
rdd_India_006602.jpg,rdd,far_dashcam,train,0,1,rdd_2001
rdd_India_006603.jpg,rdd,far_dashcam,train,5,0,rdd_2002
rdd_India_006608.jpg,rdd,far_dashcam,val,1,0,rdd_2003
rdd_India_006609.jpg,rdd,far_dashcam,train,0,1,rdd_2004
rdd_India_006613.jpg,rdd,far_dashcam,val,2,0,rdd_2005
rdd_India_006614.jpg,rdd,far_dashcam,test,3,0,rdd_2006
rdd_India_006617.jpg,rdd,far_dashcam,train,0,1,rdd_2007
rdd_India_006619.jpg,rdd,far_dashcam,train,2,0,rdd_2008
rdd_India_006620.jpg,rdd,far_dashcam,val,0,1,rdd_2009
rdd_India_006622.jpg,rdd,far_dashcam,train,2,0,rdd_2010
rdd_India_006627.jpg,rdd,far_dashcam,test,0,1,rdd_2011
rdd_India_006630.jpg,rdd,far_dashcam,train,3,0,rdd_2012
rdd_India_006633.jpg,rdd,far_dashcam,train,2,0,rdd_2013
rdd_India_006634.jpg,rdd,far_dashcam,train,1,0,rdd_2014
rdd_India_006640.jpg,rdd,far_dashcam,train,4,0,rdd_2015
rdd_India_006645.jpg,rdd,far_dashcam,train,0,1,rdd_2016
rdd_India_006647.jpg,rdd,far_dashcam,train,2,0,rdd_2017
rdd_India_006651.jpg,rdd,far_dashcam,train,1,0,rdd_2018
rdd_India_006652.jpg,rdd,far_dashcam,train,0,1,rdd_2019
rdd_India_006656.jpg,rdd,far_dashcam,train,0,1,rdd_2020
rdd_India_006659.jpg,rdd,far_dashcam,train,0,1,rdd_2021
rdd_India_006661.jpg,rdd,far_dashcam,test,0,1,rdd_2022
rdd_India_006663.jpg,rdd,far_dashcam,val,0,1,rdd_2023
rdd_India_006668.jpg,rdd,far_dashcam,train,0,1,rdd_2024
rdd_India_006670.jpg,rdd,far_dashcam,val,1,0,rdd_2025
rdd_India_006672.jpg,rdd,far_dashcam,test,2,0,rdd_2026
rdd_India_006673.jpg,rdd,far_dashcam,train,3,0,rdd_2027
rdd_India_006676.jpg,rdd,far_dashcam,train,0,1,rdd_2028
rdd_India_006677.jpg,rdd,far_dashcam,val,1,0,rdd_2029
rdd_India_006681.jpg,rdd,far_dashcam,train,0,1,rdd_2030
rdd_India_006686.jpg,rdd,far_dashcam,train,0,1,rdd_2031
rdd_India_006689.jpg,rdd,far_dashcam,train,0,1,rdd_2032
rdd_India_006691.jpg,rdd,far_dashcam,val,4,0,rdd_2033
rdd_India_006697.jpg,rdd,far_dashcam,train,1,0,rdd_2034
rdd_India_006698.jpg,rdd,far_dashcam,train,0,1,rdd_2035
rdd_India_006699.jpg,rdd,far_dashcam,train,2,0,rdd_2036
rdd_India_006702.jpg,rdd,far_dashcam,val,1,0,rdd_2037
rdd_India_006703.jpg,rdd,far_dashcam,train,0,1,rdd_2038
rdd_India_006704.jpg,rdd,far_dashcam,val,0,1,rdd_2039
rdd_India_006705.jpg,rdd,far_dashcam,train,0,1,rdd_2040
rdd_India_006707.jpg,rdd,far_dashcam,test,6,0,rdd_2041
rdd_India_006708.jpg,rdd,far_dashcam,train,0,1,rdd_2042
rdd_India_006709.jpg,rdd,far_dashcam,train,0,1,rdd_2043
rdd_India_006710.jpg,rdd,far_dashcam,train,3,0,rdd_2044
rdd_India_006712.jpg,rdd,far_dashcam,val,0,1,rdd_2045
rdd_India_006713.jpg,rdd,far_dashcam,train,3,0,rdd_2046
rdd_India_006714.jpg,rdd,far_dashcam,train,1,0,rdd_2047
rdd_India_006715.jpg,rdd,far_dashcam,train,0,1,rdd_2048
rdd_India_006720.jpg,rdd,far_dashcam,val,0,1,rdd_2049
rdd_India_006724.jpg,rdd,far_dashcam,train,0,1,rdd_2050
rdd_India_006728.jpg,rdd,far_dashcam,train,0,1,rdd_2051
rdd_India_006739.jpg,rdd,far_dashcam,train,2,0,rdd_2052
rdd_India_006749.jpg,rdd,far_dashcam,train,1,0,rdd_2053
rdd_India_006751.jpg,rdd,far_dashcam,train,1,0,rdd_2054
rdd_India_006755.jpg,rdd,far_dashcam,train,0,1,rdd_2055
rdd_India_006756.jpg,rdd,far_dashcam,val,1,0,rdd_2056
rdd_India_006760.jpg,rdd,far_dashcam,test,1,0,rdd_2057
rdd_India_006766.jpg,rdd,far_dashcam,test,0,1,rdd_2058
rdd_India_006767.jpg,rdd,far_dashcam,test,3,0,rdd_2059
rdd_India_006768.jpg,rdd,far_dashcam,train,5,0,rdd_2060
rdd_India_006770.jpg,rdd,far_dashcam,val,0,1,rdd_2061
rdd_India_006777.jpg,rdd,far_dashcam,test,2,0,rdd_2062
rdd_India_006779.jpg,rdd,far_dashcam,train,0,1,rdd_2063
rdd_India_006780.jpg,rdd,far_dashcam,train,1,0,rdd_2064
rdd_India_006785.jpg,rdd,far_dashcam,val,0,1,rdd_2065
rdd_India_006786.jpg,rdd,far_dashcam,test,0,1,rdd_2066
rdd_India_006787.jpg,rdd,far_dashcam,train,3,0,rdd_2067
rdd_India_006794.jpg,rdd,far_dashcam,train,2,0,rdd_2068
rdd_India_006808.jpg,rdd,far_dashcam,test,1,0,rdd_2069
rdd_India_006809.jpg,rdd,far_dashcam,test,0,1,rdd_2070
rdd_India_006812.jpg,rdd,far_dashcam,train,0,1,rdd_2071
rdd_India_006817.jpg,rdd,far_dashcam,train,0,1,rdd_2072
rdd_India_006825.jpg,rdd,far_dashcam,train,0,1,rdd_2073
rdd_India_006827.jpg,rdd,far_dashcam,val,0,1,rdd_2074
rdd_India_006829.jpg,rdd,far_dashcam,train,0,1,rdd_2075
rdd_India_006832.jpg,rdd,far_dashcam,train,0,1,rdd_2076
rdd_India_006839.jpg,rdd,far_dashcam,train,0,1,rdd_2077
rdd_India_006845.jpg,rdd,far_dashcam,train,1,0,rdd_2078
rdd_India_006847.jpg,rdd,far_dashcam,train,1,0,rdd_2079
rdd_India_006850.jpg,rdd,far_dashcam,train,0,1,rdd_2080
rdd_India_006851.jpg,rdd,far_dashcam,val,2,0,rdd_2081
rdd_India_006862.jpg,rdd,far_dashcam,train,7,0,rdd_2082
rdd_India_006873.jpg,rdd,far_dashcam,val,1,0,rdd_2083
rdd_India_006874.jpg,rdd,far_dashcam,test,1,0,rdd_2084
rdd_India_006875.jpg,rdd,far_dashcam,train,0,1,rdd_2085
rdd_India_006879.jpg,rdd,far_dashcam,train,0,1,rdd_2086
rdd_India_006883.jpg,rdd,far_dashcam,train,2,0,rdd_2087
rdd_India_006888.jpg,rdd,far_dashcam,train,0,1,rdd_2088
rdd_India_006889.jpg,rdd,far_dashcam,val,1,0,rdd_2089
rdd_India_006891.jpg,rdd,far_dashcam,test,0,1,rdd_2090
rdd_India_006892.jpg,rdd,far_dashcam,train,0,1,rdd_2091
rdd_India_006893.jpg,rdd,far_dashcam,train,0,1,rdd_2092
rdd_India_006896.jpg,rdd,far_dashcam,val,1,0,rdd_2093
rdd_India_006897.jpg,rdd,far_dashcam,train,0,1,rdd_2094
rdd_India_006898.jpg,rdd,far_dashcam,train,0,1,rdd_2095
rdd_India_006899.jpg,rdd,far_dashcam,test,1,0,rdd_2096
rdd_India_006903.jpg,rdd,far_dashcam,train,0,1,rdd_2097
rdd_India_006904.jpg,rdd,far_dashcam,val,0,1,rdd_2098
rdd_India_006906.jpg,rdd,far_dashcam,test,0,1,rdd_2099
rdd_India_006908.jpg,rdd,far_dashcam,train,0,1,rdd_2100
rdd_India_006910.jpg,rdd,far_dashcam,train,2,0,rdd_2101
rdd_India_006912.jpg,rdd,far_dashcam,test,4,0,rdd_2102
rdd_India_006920.jpg,rdd,far_dashcam,test,3,0,rdd_2103
rdd_India_006925.jpg,rdd,far_dashcam,train,0,1,rdd_2104
rdd_India_006927.jpg,rdd,far_dashcam,train,0,1,rdd_2105
rdd_India_006928.jpg,rdd,far_dashcam,train,1,0,rdd_2106
rdd_India_006931.jpg,rdd,far_dashcam,train,0,1,rdd_2107
rdd_India_006932.jpg,rdd,far_dashcam,test,0,1,rdd_2108
rdd_India_006933.jpg,rdd,far_dashcam,train,3,0,rdd_2109
rdd_India_006938.jpg,rdd,far_dashcam,train,1,0,rdd_2110
rdd_India_006944.jpg,rdd,far_dashcam,train,0,1,rdd_2111
rdd_India_006945.jpg,rdd,far_dashcam,val,2,0,rdd_2112
rdd_India_006948.jpg,rdd,far_dashcam,train,0,1,rdd_2113
rdd_India_006953.jpg,rdd,far_dashcam,train,1,0,rdd_2114
rdd_India_006954.jpg,rdd,far_dashcam,train,0,1,rdd_2115
rdd_India_006958.jpg,rdd,far_dashcam,train,0,1,rdd_2116
rdd_India_006962.jpg,rdd,far_dashcam,val,1,0,rdd_2117
rdd_India_006967.jpg,rdd,far_dashcam,train,2,0,rdd_2118
rdd_India_006970.jpg,rdd,far_dashcam,train,3,0,rdd_2119
rdd_India_006973.jpg,rdd,far_dashcam,train,5,0,rdd_2120
rdd_India_006974.jpg,rdd,far_dashcam,train,3,0,rdd_2121
rdd_India_006979.jpg,rdd,far_dashcam,train,0,1,rdd_2122
rdd_India_006987.jpg,rdd,far_dashcam,train,0,1,rdd_2123
rdd_India_006992.jpg,rdd,far_dashcam,train,0,1,rdd_2124
rdd_India_006993.jpg,rdd,far_dashcam,train,0,1,rdd_2125
rdd_India_006995.jpg,rdd,far_dashcam,train,3,0,rdd_2126
rdd_India_006998.jpg,rdd,far_dashcam,val,1,0,rdd_2127
rdd_India_006999.jpg,rdd,far_dashcam,train,3,0,rdd_2128
rdd_India_007000.jpg,rdd,far_dashcam,train,1,0,rdd_2129
rdd_India_007001.jpg,rdd,far_dashcam,train,1,0,rdd_2130
rdd_India_007002.jpg,rdd,far_dashcam,val,4,0,rdd_2131
rdd_India_007004.jpg,rdd,far_dashcam,train,0,1,rdd_2132
rdd_India_007007.jpg,rdd,far_dashcam,val,1,0,rdd_2133
rdd_India_007011.jpg,rdd,far_dashcam,train,0,1,rdd_2134
rdd_India_007013.jpg,rdd,far_dashcam,train,0,1,rdd_2135
rdd_India_007018.jpg,rdd,far_dashcam,train,0,1,rdd_2136
rdd_India_007030.jpg,rdd,far_dashcam,test,0,1,rdd_2137
rdd_India_007032.jpg,rdd,far_dashcam,test,0,1,rdd_2138
rdd_India_007034.jpg,rdd,far_dashcam,val,1,0,rdd_2139
rdd_India_007042.jpg,rdd,far_dashcam,train,3,0,rdd_2140
rdd_India_007043.jpg,rdd,far_dashcam,train,0,1,rdd_2141
rdd_India_007050.jpg,rdd,far_dashcam,train,0,1,rdd_2142
rdd_India_007051.jpg,rdd,far_dashcam,train,1,0,rdd_2143
rdd_India_007052.jpg,rdd,far_dashcam,val,0,1,rdd_2144
rdd_India_007053.jpg,rdd,far_dashcam,val,3,0,rdd_2145
rdd_India_007060.jpg,rdd,far_dashcam,train,0,1,rdd_2146
rdd_India_007064.jpg,rdd,far_dashcam,train,0,1,rdd_2147
rdd_India_007065.jpg,rdd,far_dashcam,train,0,1,rdd_2148
rdd_India_007066.jpg,rdd,far_dashcam,train,5,0,rdd_2149
rdd_India_007067.jpg,rdd,far_dashcam,train,0,1,rdd_2150
rdd_India_007070.jpg,rdd,far_dashcam,train,0,1,rdd_2151
rdd_India_007071.jpg,rdd,far_dashcam,val,6,0,rdd_2152
rdd_India_007072.jpg,rdd,far_dashcam,train,0,1,rdd_2153
rdd_India_007074.jpg,rdd,far_dashcam,train,1,0,rdd_2154
rdd_India_007088.jpg,rdd,far_dashcam,train,0,1,rdd_2155
rdd_India_007100.jpg,rdd,far_dashcam,val,0,1,rdd_2156
rdd_India_007101.jpg,rdd,far_dashcam,train,2,0,rdd_2157
rdd_India_007105.jpg,rdd,far_dashcam,train,1,0,rdd_2158
rdd_India_007108.jpg,rdd,far_dashcam,val,0,1,rdd_2159
rdd_India_007113.jpg,rdd,far_dashcam,val,1,0,rdd_2160
rdd_India_007116.jpg,rdd,far_dashcam,train,0,1,rdd_2161
rdd_India_007120.jpg,rdd,far_dashcam,train,0,1,rdd_2162
rdd_India_007123.jpg,rdd,far_dashcam,train,2,0,rdd_2163
rdd_India_007147.jpg,rdd,far_dashcam,train,7,0,rdd_2164
rdd_India_007151.jpg,rdd,far_dashcam,val,0,1,rdd_2165
rdd_India_007153.jpg,rdd,far_dashcam,val,1,0,rdd_2166
rdd_India_007155.jpg,rdd,far_dashcam,test,1,0,rdd_2167
rdd_India_007157.jpg,rdd,far_dashcam,test,0,1,rdd_2168
rdd_India_007158.jpg,rdd,far_dashcam,train,0,1,rdd_2169
rdd_India_007159.jpg,rdd,far_dashcam,val,1,0,rdd_2170
rdd_India_007161.jpg,rdd,far_dashcam,val,0,1,rdd_2171
rdd_India_007163.jpg,rdd,far_dashcam,val,0,1,rdd_2172
rdd_India_007172.jpg,rdd,far_dashcam,test,1,0,rdd_2173
rdd_India_007175.jpg,rdd,far_dashcam,val,1,0,rdd_2174
rdd_India_007180.jpg,rdd,far_dashcam,train,0,1,rdd_2175
rdd_India_007181.jpg,rdd,far_dashcam,train,0,1,rdd_2176
rdd_India_007183.jpg,rdd,far_dashcam,val,0,1,rdd_2177
rdd_India_007185.jpg,rdd,far_dashcam,train,1,0,rdd_2178
rdd_India_007188.jpg,rdd,far_dashcam,train,0,1,rdd_2179
rdd_India_007189.jpg,rdd,far_dashcam,train,2,0,rdd_2180
rdd_India_007190.jpg,rdd,far_dashcam,test,0,1,rdd_2181
rdd_India_007198.jpg,rdd,far_dashcam,train,1,0,rdd_2182
rdd_India_007199.jpg,rdd,far_dashcam,train,0,1,rdd_2183
rdd_India_007204.jpg,rdd,far_dashcam,train,3,0,rdd_2184
rdd_India_007205.jpg,rdd,far_dashcam,train,1,0,rdd_2185
rdd_India_007207.jpg,rdd,far_dashcam,train,0,1,rdd_2186
rdd_India_007211.jpg,rdd,far_dashcam,train,2,0,rdd_2187
rdd_India_007213.jpg,rdd,far_dashcam,test,0,1,rdd_2188
rdd_India_007217.jpg,rdd,far_dashcam,train,0,1,rdd_2189
rdd_India_007218.jpg,rdd,far_dashcam,val,0,1,rdd_2190
rdd_India_007220.jpg,rdd,far_dashcam,val,0,1,rdd_2191
rdd_India_007221.jpg,rdd,far_dashcam,train,0,1,rdd_2192
rdd_India_007225.jpg,rdd,far_dashcam,train,0,1,rdd_2193
rdd_India_007226.jpg,rdd,far_dashcam,train,1,0,rdd_2194
rdd_India_007233.jpg,rdd,far_dashcam,test,0,1,rdd_2195
rdd_India_007239.jpg,rdd,far_dashcam,train,0,1,rdd_2196
rdd_India_007240.jpg,rdd,far_dashcam,train,1,0,rdd_2197
rdd_India_007242.jpg,rdd,far_dashcam,train,0,1,rdd_2198
rdd_India_007243.jpg,rdd,far_dashcam,train,0,1,rdd_2199
rdd_India_007246.jpg,rdd,far_dashcam,train,1,0,rdd_2200
rdd_India_007252.jpg,rdd,far_dashcam,train,0,1,rdd_2201
rdd_India_007259.jpg,rdd,far_dashcam,train,4,0,rdd_2202
rdd_India_007266.jpg,rdd,far_dashcam,train,0,1,rdd_2203
rdd_India_007267.jpg,rdd,far_dashcam,train,0,1,rdd_2204
rdd_India_007271.jpg,rdd,far_dashcam,train,1,0,rdd_2205
rdd_India_007277.jpg,rdd,far_dashcam,train,1,0,rdd_2206
rdd_India_007281.jpg,rdd,far_dashcam,train,1,0,rdd_2207
rdd_India_007291.jpg,rdd,far_dashcam,train,1,0,rdd_2208
rdd_India_007292.jpg,rdd,far_dashcam,train,0,1,rdd_2209
rdd_India_007293.jpg,rdd,far_dashcam,train,1,0,rdd_2210
rdd_India_007299.jpg,rdd,far_dashcam,test,3,0,rdd_2211
rdd_India_007308.jpg,rdd,far_dashcam,val,4,0,rdd_2212
rdd_India_007309.jpg,rdd,far_dashcam,train,3,0,rdd_2213
rdd_India_007310.jpg,rdd,far_dashcam,train,1,0,rdd_2214
rdd_India_007312.jpg,rdd,far_dashcam,test,0,1,rdd_2215
rdd_India_007314.jpg,rdd,far_dashcam,train,0,1,rdd_2216
rdd_India_007321.jpg,rdd,far_dashcam,test,1,0,rdd_2217
rdd_India_007322.jpg,rdd,far_dashcam,train,1,0,rdd_2218
rdd_India_007325.jpg,rdd,far_dashcam,train,0,1,rdd_2219
rdd_India_007327.jpg,rdd,far_dashcam,train,1,0,rdd_2220
rdd_India_007329.jpg,rdd,far_dashcam,val,2,0,rdd_2221
rdd_India_007330.jpg,rdd,far_dashcam,train,0,1,rdd_2222
rdd_India_007342.jpg,rdd,far_dashcam,train,1,0,rdd_2223
rdd_India_007343.jpg,rdd,far_dashcam,train,5,0,rdd_2224
rdd_India_007349.jpg,rdd,far_dashcam,val,0,1,rdd_2225
rdd_India_007357.jpg,rdd,far_dashcam,train,1,0,rdd_2226
rdd_India_007360.jpg,rdd,far_dashcam,train,0,1,rdd_2227
rdd_India_007362.jpg,rdd,far_dashcam,train,5,0,rdd_2228
rdd_India_007363.jpg,rdd,far_dashcam,train,2,0,rdd_2229
rdd_India_007368.jpg,rdd,far_dashcam,train,1,0,rdd_2230
rdd_India_007370.jpg,rdd,far_dashcam,train,0,1,rdd_2231
rdd_India_007371.jpg,rdd,far_dashcam,train,1,0,rdd_2232
rdd_India_007372.jpg,rdd,far_dashcam,train,0,1,rdd_2233
rdd_India_007378.jpg,rdd,far_dashcam,train,0,1,rdd_2234
rdd_India_007383.jpg,rdd,far_dashcam,val,1,0,rdd_2235
rdd_India_007390.jpg,rdd,far_dashcam,train,1,0,rdd_2236
rdd_India_007397.jpg,rdd,far_dashcam,val,0,1,rdd_2237
rdd_India_007399.jpg,rdd,far_dashcam,test,1,0,rdd_2238
rdd_India_007402.jpg,rdd,far_dashcam,train,0,1,rdd_2239
rdd_India_007404.jpg,rdd,far_dashcam,val,1,0,rdd_2240
rdd_India_007407.jpg,rdd,far_dashcam,train,0,1,rdd_2241
rdd_India_007409.jpg,rdd,far_dashcam,train,1,0,rdd_2242
rdd_India_007410.jpg,rdd,far_dashcam,val,0,1,rdd_2243
rdd_India_007418.jpg,rdd,far_dashcam,train,1,0,rdd_2244
rdd_India_007420.jpg,rdd,far_dashcam,train,3,0,rdd_2245
rdd_India_007422.jpg,rdd,far_dashcam,train,3,0,rdd_2246
rdd_India_007426.jpg,rdd,far_dashcam,train,0,1,rdd_2247
rdd_India_007427.jpg,rdd,far_dashcam,test,0,1,rdd_2248
rdd_India_007430.jpg,rdd,far_dashcam,train,0,1,rdd_2249
rdd_India_007432.jpg,rdd,far_dashcam,val,1,0,rdd_2250
rdd_India_007433.jpg,rdd,far_dashcam,train,0,1,rdd_2251
rdd_India_007434.jpg,rdd,far_dashcam,val,0,1,rdd_2252
rdd_India_007450.jpg,rdd,far_dashcam,test,1,0,rdd_2253
rdd_India_007452.jpg,rdd,far_dashcam,test,0,1,rdd_2254
rdd_India_007456.jpg,rdd,far_dashcam,train,0,1,rdd_2255
rdd_India_007462.jpg,rdd,far_dashcam,train,0,1,rdd_2256
rdd_India_007464.jpg,rdd,far_dashcam,train,1,0,rdd_2257
rdd_India_007465.jpg,rdd,far_dashcam,test,2,0,rdd_2258
rdd_India_007470.jpg,rdd,far_dashcam,train,0,1,rdd_2259
rdd_India_007474.jpg,rdd,far_dashcam,train,3,0,rdd_2260
rdd_India_007484.jpg,rdd,far_dashcam,train,1,0,rdd_2261
rdd_India_007486.jpg,rdd,far_dashcam,val,0,1,rdd_2262
rdd_India_007489.jpg,rdd,far_dashcam,train,0,1,rdd_2263
rdd_India_007491.jpg,rdd,far_dashcam,train,2,0,rdd_2264
rdd_India_007492.jpg,rdd,far_dashcam,val,0,1,rdd_2265
rdd_India_007494.jpg,rdd,far_dashcam,train,0,1,rdd_2266
rdd_India_007498.jpg,rdd,far_dashcam,train,0,1,rdd_2267
rdd_India_007500.jpg,rdd,far_dashcam,train,0,1,rdd_2268
rdd_India_007502.jpg,rdd,far_dashcam,train,0,1,rdd_2269
rdd_India_007504.jpg,rdd,far_dashcam,train,0,1,rdd_2270
rdd_India_007511.jpg,rdd,far_dashcam,train,0,1,rdd_2271
rdd_India_007526.jpg,rdd,far_dashcam,train,0,1,rdd_2272
rdd_India_007529.jpg,rdd,far_dashcam,train,1,0,rdd_2273
rdd_India_007530.jpg,rdd,far_dashcam,test,1,0,rdd_2274
rdd_India_007534.jpg,rdd,far_dashcam,val,0,1,rdd_2275
rdd_India_007537.jpg,rdd,far_dashcam,val,1,0,rdd_2276
rdd_India_007540.jpg,rdd,far_dashcam,test,0,1,rdd_2277
rdd_India_007542.jpg,rdd,far_dashcam,train,0,1,rdd_2278
rdd_India_007545.jpg,rdd,far_dashcam,train,0,1,rdd_2279
rdd_India_007547.jpg,rdd,far_dashcam,test,0,1,rdd_2280
rdd_India_007555.jpg,rdd,far_dashcam,train,3,0,rdd_2281
rdd_India_007557.jpg,rdd,far_dashcam,val,0,1,rdd_2282
rdd_India_007558.jpg,rdd,far_dashcam,train,0,1,rdd_2283
rdd_India_007561.jpg,rdd,far_dashcam,train,0,1,rdd_2284
rdd_India_007567.jpg,rdd,far_dashcam,train,0,1,rdd_2285
rdd_India_007571.jpg,rdd,far_dashcam,train,0,1,rdd_2286
rdd_India_007572.jpg,rdd,far_dashcam,val,2,0,rdd_2287
rdd_India_007576.jpg,rdd,far_dashcam,train,0,1,rdd_2288
rdd_India_007578.jpg,rdd,far_dashcam,train,7,0,rdd_2289
rdd_India_007579.jpg,rdd,far_dashcam,val,3,0,rdd_2290
rdd_India_007581.jpg,rdd,far_dashcam,test,1,0,rdd_2291
rdd_India_007584.jpg,rdd,far_dashcam,train,1,0,rdd_2292
rdd_India_007587.jpg,rdd,far_dashcam,val,2,0,rdd_2293
rdd_India_007589.jpg,rdd,far_dashcam,train,0,1,rdd_2294
rdd_India_007590.jpg,rdd,far_dashcam,test,0,1,rdd_2295
rdd_India_007592.jpg,rdd,far_dashcam,train,1,0,rdd_2296
rdd_India_007602.jpg,rdd,far_dashcam,train,0,1,rdd_2297
rdd_India_007604.jpg,rdd,far_dashcam,train,3,0,rdd_2298
rdd_India_007611.jpg,rdd,far_dashcam,train,2,0,rdd_2299
rdd_India_007615.jpg,rdd,far_dashcam,train,0,1,rdd_2300
rdd_India_007616.jpg,rdd,far_dashcam,train,2,0,rdd_2301
rdd_India_007619.jpg,rdd,far_dashcam,train,0,1,rdd_2302
rdd_India_007627.jpg,rdd,far_dashcam,train,1,0,rdd_2303
rdd_India_007628.jpg,rdd,far_dashcam,train,1,0,rdd_2304
rdd_India_007629.jpg,rdd,far_dashcam,test,1,0,rdd_2305
rdd_India_007630.jpg,rdd,far_dashcam,train,4,0,rdd_2306
rdd_India_007632.jpg,rdd,far_dashcam,train,0,1,rdd_2307
rdd_India_007633.jpg,rdd,far_dashcam,train,3,0,rdd_2308
rdd_India_007637.jpg,rdd,far_dashcam,train,6,0,rdd_2309
rdd_India_007641.jpg,rdd,far_dashcam,train,1,0,rdd_2310
rdd_India_007642.jpg,rdd,far_dashcam,train,1,0,rdd_2311
rdd_India_007644.jpg,rdd,far_dashcam,val,6,0,rdd_2312
rdd_India_007646.jpg,rdd,far_dashcam,train,0,1,rdd_2313
rdd_India_007647.jpg,rdd,far_dashcam,test,2,0,rdd_2314
rdd_India_007650.jpg,rdd,far_dashcam,train,3,0,rdd_2315
rdd_India_007654.jpg,rdd,far_dashcam,train,0,1,rdd_2316
rdd_India_007658.jpg,rdd,far_dashcam,train,1,0,rdd_2317
rdd_India_007661.jpg,rdd,far_dashcam,train,0,1,rdd_2318
rdd_India_007672.jpg,rdd,far_dashcam,train,1,0,rdd_2319
rdd_India_007683.jpg,rdd,far_dashcam,train,0,1,rdd_2320
rdd_India_007686.jpg,rdd,far_dashcam,test,0,1,rdd_2321
rdd_India_007687.jpg,rdd,far_dashcam,train,0,1,rdd_2322
rdd_India_007689.jpg,rdd,far_dashcam,train,0,1,rdd_2323
rdd_India_007691.jpg,rdd,far_dashcam,train,0,1,rdd_2324
rdd_India_007692.jpg,rdd,far_dashcam,train,0,1,rdd_2325
rdd_India_007697.jpg,rdd,far_dashcam,train,2,0,rdd_2326
rdd_India_007699.jpg,rdd,far_dashcam,train,3,0,rdd_2327
rdd_India_007702.jpg,rdd,far_dashcam,train,0,1,rdd_2328
rdd_India_007703.jpg,rdd,far_dashcam,train,0,1,rdd_2329
rdd_India_007706.jpg,rdd,far_dashcam,train,2,0,rdd_2330
rdd_India_007707.jpg,rdd,far_dashcam,train,1,0,rdd_2331
rdd_India_007712.jpg,rdd,far_dashcam,train,1,0,rdd_2332
rdd_India_007713.jpg,rdd,far_dashcam,train,3,0,rdd_2333
rdd_India_007716.jpg,rdd,far_dashcam,train,1,0,rdd_2334
rdd_India_007720.jpg,rdd,far_dashcam,train,2,0,rdd_2335
rdd_India_007722.jpg,rdd,far_dashcam,test,1,0,rdd_2336
rdd_India_007723.jpg,rdd,far_dashcam,val,3,0,rdd_2337
rdd_India_007725.jpg,rdd,far_dashcam,train,0,1,rdd_2338
rdd_India_007727.jpg,rdd,far_dashcam,train,0,1,rdd_2339
rdd_India_007729.jpg,rdd,far_dashcam,val,0,1,rdd_2340
rdd_India_007734.jpg,rdd,far_dashcam,train,3,0,rdd_2341
rdd_India_007735.jpg,rdd,far_dashcam,train,1,0,rdd_2342
rdd_India_007737.jpg,rdd,far_dashcam,train,1,0,rdd_2343
rdd_India_007740.jpg,rdd,far_dashcam,train,1,0,rdd_2344
rdd_India_007745.jpg,rdd,far_dashcam,train,1,0,rdd_2345
rdd_India_007749.jpg,rdd,far_dashcam,test,6,0,rdd_2346
rdd_India_007759.jpg,rdd,far_dashcam,val,0,1,rdd_2347
rdd_India_007768.jpg,rdd,far_dashcam,train,0,1,rdd_2348
rdd_India_007772.jpg,rdd,far_dashcam,train,0,1,rdd_2349
rdd_India_007776.jpg,rdd,far_dashcam,train,0,1,rdd_2350
rdd_India_007777.jpg,rdd,far_dashcam,train,0,1,rdd_2351
rdd_India_007781.jpg,rdd,far_dashcam,train,5,0,rdd_2352
rdd_India_007782.jpg,rdd,far_dashcam,val,1,0,rdd_2353
rdd_India_007785.jpg,rdd,far_dashcam,train,3,0,rdd_2354
rdd_India_007789.jpg,rdd,far_dashcam,train,1,0,rdd_2355
rdd_India_007791.jpg,rdd,far_dashcam,train,3,0,rdd_2356
rdd_India_007792.jpg,rdd,far_dashcam,train,0,1,rdd_2357
rdd_India_007794.jpg,rdd,far_dashcam,train,0,1,rdd_2358
rdd_India_007801.jpg,rdd,far_dashcam,train,5,0,rdd_2359
rdd_India_007804.jpg,rdd,far_dashcam,val,0,1,rdd_2360
rdd_India_007805.jpg,rdd,far_dashcam,train,0,1,rdd_2361
rdd_India_007806.jpg,rdd,far_dashcam,train,3,0,rdd_2362
rdd_India_007810.jpg,rdd,far_dashcam,train,4,0,rdd_2363
rdd_India_007811.jpg,rdd,far_dashcam,test,0,1,rdd_2364
rdd_India_007819.jpg,rdd,far_dashcam,train,0,1,rdd_2365
rdd_India_007824.jpg,rdd,far_dashcam,train,0,1,rdd_2366
rdd_India_007830.jpg,rdd,far_dashcam,train,0,1,rdd_2367
rdd_India_007831.jpg,rdd,far_dashcam,train,0,1,rdd_2368
rdd_India_007844.jpg,rdd,far_dashcam,train,0,1,rdd_2369
rdd_India_007852.jpg,rdd,far_dashcam,test,4,0,rdd_2370
rdd_India_007854.jpg,rdd,far_dashcam,train,0,1,rdd_2371
rdd_India_007860.jpg,rdd,far_dashcam,train,0,1,rdd_2372
rdd_India_007861.jpg,rdd,far_dashcam,test,2,0,rdd_2373
rdd_India_007863.jpg,rdd,far_dashcam,train,2,0,rdd_2374
rdd_India_007870.jpg,rdd,far_dashcam,test,0,1,rdd_2375
rdd_India_007880.jpg,rdd,far_dashcam,train,3,0,rdd_2376
rdd_India_007882.jpg,rdd,far_dashcam,val,0,1,rdd_2377
rdd_India_007883.jpg,rdd,far_dashcam,val,1,0,rdd_2378
rdd_India_007888.jpg,rdd,far_dashcam,train,0,1,rdd_2379
rdd_India_007890.jpg,rdd,far_dashcam,train,1,0,rdd_2380
rdd_India_007893.jpg,rdd,far_dashcam,train,1,0,rdd_2381
rdd_India_007898.jpg,rdd,far_dashcam,train,0,1,rdd_2382
rdd_India_007899.jpg,rdd,far_dashcam,val,0,1,rdd_2383
rdd_India_007900.jpg,rdd,far_dashcam,train,2,0,rdd_2384
rdd_India_007902.jpg,rdd,far_dashcam,train,0,1,rdd_2385
rdd_India_007903.jpg,rdd,far_dashcam,val,0,1,rdd_2386
rdd_India_007908.jpg,rdd,far_dashcam,val,0,1,rdd_2387
rdd_India_007909.jpg,rdd,far_dashcam,train,1,0,rdd_2388
rdd_India_007912.jpg,rdd,far_dashcam,train,1,0,rdd_2389
rdd_India_007915.jpg,rdd,far_dashcam,train,3,0,rdd_2390
rdd_India_007917.jpg,rdd,far_dashcam,train,3,0,rdd_2391
rdd_India_007928.jpg,rdd,far_dashcam,test,0,1,rdd_2392
rdd_India_007934.jpg,rdd,far_dashcam,train,0,1,rdd_2393
rdd_India_007935.jpg,rdd,far_dashcam,train,0,1,rdd_2394
rdd_India_007937.jpg,rdd,far_dashcam,train,0,1,rdd_2395
rdd_India_007943.jpg,rdd,far_dashcam,val,1,0,rdd_2396
rdd_India_007946.jpg,rdd,far_dashcam,train,1,0,rdd_2397
rdd_India_007949.jpg,rdd,far_dashcam,test,0,1,rdd_2398
rdd_India_007954.jpg,rdd,far_dashcam,train,1,0,rdd_2399
rdd_India_007955.jpg,rdd,far_dashcam,train,1,0,rdd_2400
rdd_India_007959.jpg,rdd,far_dashcam,train,0,1,rdd_2401
rdd_India_007961.jpg,rdd,far_dashcam,train,0,1,rdd_2402
rdd_India_007962.jpg,rdd,far_dashcam,train,1,0,rdd_2403
rdd_India_007972.jpg,rdd,far_dashcam,train,4,0,rdd_2404
rdd_India_007974.jpg,rdd,far_dashcam,train,3,0,rdd_2405
rdd_India_007978.jpg,rdd,far_dashcam,train,0,1,rdd_2406
rdd_India_007981.jpg,rdd,far_dashcam,train,1,0,rdd_2407
rdd_India_007983.jpg,rdd,far_dashcam,test,2,0,rdd_2408
rdd_India_007984.jpg,rdd,far_dashcam,train,0,1,rdd_2409
rdd_India_007986.jpg,rdd,far_dashcam,val,0,1,rdd_2410
rdd_India_007987.jpg,rdd,far_dashcam,train,0,1,rdd_2411
rdd_India_007989.jpg,rdd,far_dashcam,train,1,0,rdd_2412
rdd_India_007991.jpg,rdd,far_dashcam,train,2,0,rdd_2413
rdd_India_007998.jpg,rdd,far_dashcam,test,4,0,rdd_2414
rdd_India_008000.jpg,rdd,far_dashcam,train,0,1,rdd_2415
rdd_India_008003.jpg,rdd,far_dashcam,train,0,1,rdd_2416
rdd_India_008004.jpg,rdd,far_dashcam,val,3,0,rdd_2417
rdd_India_008007.jpg,rdd,far_dashcam,train,1,0,rdd_2418
rdd_India_008012.jpg,rdd,far_dashcam,val,2,0,rdd_2419
rdd_India_008013.jpg,rdd,far_dashcam,train,1,0,rdd_2420
rdd_India_008015.jpg,rdd,far_dashcam,test,1,0,rdd_2421
rdd_India_008016.jpg,rdd,far_dashcam,train,1,0,rdd_2422
rdd_India_008017.jpg,rdd,far_dashcam,train,1,0,rdd_2423
rdd_India_008018.jpg,rdd,far_dashcam,train,0,1,rdd_2424
rdd_India_008022.jpg,rdd,far_dashcam,train,4,0,rdd_2425
rdd_India_008024.jpg,rdd,far_dashcam,val,0,1,rdd_2426
rdd_India_008025.jpg,rdd,far_dashcam,train,1,0,rdd_2427
rdd_India_008027.jpg,rdd,far_dashcam,train,1,0,rdd_2428
rdd_India_008029.jpg,rdd,far_dashcam,val,2,0,rdd_2429
rdd_India_008034.jpg,rdd,far_dashcam,train,2,0,rdd_2430
rdd_India_008035.jpg,rdd,far_dashcam,train,1,0,rdd_2431
rdd_India_008036.jpg,rdd,far_dashcam,train,0,1,rdd_2432
rdd_India_008037.jpg,rdd,far_dashcam,train,1,0,rdd_2433
rdd_India_008043.jpg,rdd,far_dashcam,train,0,1,rdd_2434
rdd_India_008045.jpg,rdd,far_dashcam,train,0,1,rdd_2435
rdd_India_008048.jpg,rdd,far_dashcam,test,0,1,rdd_2436
rdd_India_008050.jpg,rdd,far_dashcam,test,0,1,rdd_2437
rdd_India_008056.jpg,rdd,far_dashcam,train,0,1,rdd_2438
rdd_India_008064.jpg,rdd,far_dashcam,val,1,0,rdd_2439
rdd_India_008070.jpg,rdd,far_dashcam,train,1,0,rdd_2440
rdd_India_008071.jpg,rdd,far_dashcam,train,0,1,rdd_2441
rdd_India_008078.jpg,rdd,far_dashcam,train,0,1,rdd_2442
rdd_India_008079.jpg,rdd,far_dashcam,train,0,1,rdd_2443
rdd_India_008081.jpg,rdd,far_dashcam,train,0,1,rdd_2444
rdd_India_008083.jpg,rdd,far_dashcam,train,0,1,rdd_2445
rdd_India_008084.jpg,rdd,far_dashcam,train,1,0,rdd_2446
rdd_India_008085.jpg,rdd,far_dashcam,train,0,1,rdd_2447
rdd_India_008094.jpg,rdd,far_dashcam,train,5,0,rdd_2448
rdd_India_008097.jpg,rdd,far_dashcam,test,0,1,rdd_2449
rdd_India_008099.jpg,rdd,far_dashcam,train,1,0,rdd_2450
rdd_India_008101.jpg,rdd,far_dashcam,train,0,1,rdd_2451
rdd_India_008104.jpg,rdd,far_dashcam,val,0,1,rdd_2452
rdd_India_008105.jpg,rdd,far_dashcam,train,4,0,rdd_2453
rdd_India_008109.jpg,rdd,far_dashcam,test,0,1,rdd_2454
rdd_India_008116.jpg,rdd,far_dashcam,test,1,0,rdd_2455
rdd_India_008119.jpg,rdd,far_dashcam,train,1,0,rdd_2456
rdd_India_008121.jpg,rdd,far_dashcam,train,0,1,rdd_2457
rdd_India_008123.jpg,rdd,far_dashcam,train,0,1,rdd_2458
rdd_India_008126.jpg,rdd,far_dashcam,train,0,1,rdd_2459
rdd_India_008127.jpg,rdd,far_dashcam,test,1,0,rdd_2460
rdd_India_008129.jpg,rdd,far_dashcam,train,0,1,rdd_2461
rdd_India_008131.jpg,rdd,far_dashcam,train,0,1,rdd_2462
rdd_India_008134.jpg,rdd,far_dashcam,train,2,0,rdd_2463
rdd_India_008139.jpg,rdd,far_dashcam,train,4,0,rdd_2464
rdd_India_008142.jpg,rdd,far_dashcam,train,1,0,rdd_2465
rdd_India_008144.jpg,rdd,far_dashcam,train,0,1,rdd_2466
rdd_India_008149.jpg,rdd,far_dashcam,test,0,1,rdd_2467
rdd_India_008154.jpg,rdd,far_dashcam,train,3,0,rdd_2468
rdd_India_008157.jpg,rdd,far_dashcam,train,3,0,rdd_2469
rdd_India_008162.jpg,rdd,far_dashcam,train,0,1,rdd_2470
rdd_India_008163.jpg,rdd,far_dashcam,train,1,0,rdd_2471
rdd_India_008177.jpg,rdd,far_dashcam,train,1,0,rdd_2472
rdd_India_008183.jpg,rdd,far_dashcam,train,4,0,rdd_2473
rdd_India_008188.jpg,rdd,far_dashcam,val,1,0,rdd_2474
rdd_India_008190.jpg,rdd,far_dashcam,train,0,1,rdd_2475
rdd_India_008198.jpg,rdd,far_dashcam,train,0,1,rdd_2476
rdd_India_008207.jpg,rdd,far_dashcam,test,1,0,rdd_2477
rdd_India_008209.jpg,rdd,far_dashcam,test,2,0,rdd_2478
rdd_India_008223.jpg,rdd,far_dashcam,val,2,0,rdd_2479
rdd_India_008224.jpg,rdd,far_dashcam,val,4,0,rdd_2480
rdd_India_008225.jpg,rdd,far_dashcam,train,0,1,rdd_2481
rdd_India_008226.jpg,rdd,far_dashcam,train,1,0,rdd_2482
rdd_India_008227.jpg,rdd,far_dashcam,train,1,0,rdd_2483
rdd_India_008231.jpg,rdd,far_dashcam,train,0,1,rdd_2484
rdd_India_008232.jpg,rdd,far_dashcam,train,0,1,rdd_2485
rdd_India_008233.jpg,rdd,far_dashcam,train,6,0,rdd_2486
rdd_India_008236.jpg,rdd,far_dashcam,train,0,1,rdd_2487
rdd_India_008237.jpg,rdd,far_dashcam,test,0,1,rdd_2488
rdd_India_008241.jpg,rdd,far_dashcam,train,3,0,rdd_2489
rdd_India_008244.jpg,rdd,far_dashcam,train,2,0,rdd_2490
rdd_India_008248.jpg,rdd,far_dashcam,train,0,1,rdd_2491
rdd_India_008249.jpg,rdd,far_dashcam,train,1,0,rdd_2492
rdd_India_008250.jpg,rdd,far_dashcam,train,1,0,rdd_2493
rdd_India_008254.jpg,rdd,far_dashcam,test,0,1,rdd_2494
rdd_India_008261.jpg,rdd,far_dashcam,train,4,0,rdd_2495
rdd_India_008262.jpg,rdd,far_dashcam,train,0,1,rdd_2496
rdd_India_008263.jpg,rdd,far_dashcam,train,3,0,rdd_2497
rdd_India_008265.jpg,rdd,far_dashcam,test,0,1,rdd_2498
rdd_India_008266.jpg,rdd,far_dashcam,val,0,1,rdd_2499
rdd_India_008267.jpg,rdd,far_dashcam,val,2,0,rdd_2500
rdd_India_008268.jpg,rdd,far_dashcam,train,0,1,rdd_2501
rdd_India_008271.jpg,rdd,far_dashcam,test,1,0,rdd_2502
rdd_India_008272.jpg,rdd,far_dashcam,train,0,1,rdd_2503
rdd_India_008282.jpg,rdd,far_dashcam,train,1,0,rdd_2504
rdd_India_008283.jpg,rdd,far_dashcam,train,0,1,rdd_2505
rdd_India_008285.jpg,rdd,far_dashcam,train,3,0,rdd_2506
rdd_India_008286.jpg,rdd,far_dashcam,train,0,1,rdd_2507
rdd_India_008289.jpg,rdd,far_dashcam,train,0,1,rdd_2508
rdd_India_008290.jpg,rdd,far_dashcam,train,0,1,rdd_2509
rdd_India_008292.jpg,rdd,far_dashcam,train,1,0,rdd_2510
rdd_India_008293.jpg,rdd,far_dashcam,train,0,1,rdd_2511
rdd_India_008294.jpg,rdd,far_dashcam,test,0,1,rdd_2512
rdd_India_008296.jpg,rdd,far_dashcam,train,1,0,rdd_2513
rdd_India_008297.jpg,rdd,far_dashcam,train,3,0,rdd_2514
rdd_India_008304.jpg,rdd,far_dashcam,train,1,0,rdd_2515
rdd_India_008305.jpg,rdd,far_dashcam,test,0,1,rdd_2516
rdd_India_008308.jpg,rdd,far_dashcam,val,1,0,rdd_2517
rdd_India_008315.jpg,rdd,far_dashcam,train,0,1,rdd_2518
rdd_India_008316.jpg,rdd,far_dashcam,train,0,1,rdd_2519
rdd_India_008317.jpg,rdd,far_dashcam,train,5,0,rdd_2520
rdd_India_008321.jpg,rdd,far_dashcam,train,2,0,rdd_2521
rdd_India_008327.jpg,rdd,far_dashcam,test,1,0,rdd_2522
rdd_India_008332.jpg,rdd,far_dashcam,train,0,1,rdd_2523
rdd_India_008336.jpg,rdd,far_dashcam,train,1,0,rdd_2524
rdd_India_008339.jpg,rdd,far_dashcam,train,1,0,rdd_2525
rdd_India_008340.jpg,rdd,far_dashcam,val,0,1,rdd_2526
rdd_India_008343.jpg,rdd,far_dashcam,train,0,1,rdd_2527
rdd_India_008345.jpg,rdd,far_dashcam,train,0,1,rdd_2528
rdd_India_008349.jpg,rdd,far_dashcam,train,0,1,rdd_2529
rdd_India_008354.jpg,rdd,far_dashcam,train,0,1,rdd_2530
rdd_India_008360.jpg,rdd,far_dashcam,train,0,1,rdd_2531
rdd_India_008363.jpg,rdd,far_dashcam,test,0,1,rdd_2532
rdd_India_008367.jpg,rdd,far_dashcam,train,5,0,rdd_2533
rdd_India_008368.jpg,rdd,far_dashcam,test,0,1,rdd_2534
rdd_India_008375.jpg,rdd,far_dashcam,train,0,1,rdd_2535
rdd_India_008378.jpg,rdd,far_dashcam,val,2,0,rdd_2536
rdd_India_008383.jpg,rdd,far_dashcam,train,1,0,rdd_2537
rdd_India_008385.jpg,rdd,far_dashcam,train,0,1,rdd_2538
rdd_India_008386.jpg,rdd,far_dashcam,train,1,0,rdd_2539
rdd_India_008387.jpg,rdd,far_dashcam,train,0,1,rdd_2540
rdd_India_008389.jpg,rdd,far_dashcam,val,1,0,rdd_2541
rdd_India_008390.jpg,rdd,far_dashcam,test,2,0,rdd_2542
rdd_India_008391.jpg,rdd,far_dashcam,test,0,1,rdd_2543
rdd_India_008392.jpg,rdd,far_dashcam,val,0,1,rdd_2544
rdd_India_008395.jpg,rdd,far_dashcam,train,2,0,rdd_2545
rdd_India_008397.jpg,rdd,far_dashcam,train,0,1,rdd_2546
rdd_India_008400.jpg,rdd,far_dashcam,val,1,0,rdd_2547
rdd_India_008416.jpg,rdd,far_dashcam,train,5,0,rdd_2548
rdd_India_008417.jpg,rdd,far_dashcam,val,0,1,rdd_2549
rdd_India_008421.jpg,rdd,far_dashcam,train,1,0,rdd_2550
rdd_India_008425.jpg,rdd,far_dashcam,train,1,0,rdd_2551
rdd_India_008433.jpg,rdd,far_dashcam,train,0,1,rdd_2552
rdd_India_008435.jpg,rdd,far_dashcam,val,0,1,rdd_2553
rdd_India_008436.jpg,rdd,far_dashcam,train,1,0,rdd_2554
rdd_India_008440.jpg,rdd,far_dashcam,train,1,0,rdd_2555
rdd_India_008442.jpg,rdd,far_dashcam,train,0,1,rdd_2556
rdd_India_008446.jpg,rdd,far_dashcam,test,1,0,rdd_2557
rdd_India_008458.jpg,rdd,far_dashcam,train,2,0,rdd_2558
rdd_India_008459.jpg,rdd,far_dashcam,train,0,1,rdd_2559
rdd_India_008464.jpg,rdd,far_dashcam,test,0,1,rdd_2560
rdd_India_008465.jpg,rdd,far_dashcam,train,1,0,rdd_2561
rdd_India_008471.jpg,rdd,far_dashcam,train,1,0,rdd_2562
rdd_India_008473.jpg,rdd,far_dashcam,train,0,1,rdd_2563
rdd_India_008474.jpg,rdd,far_dashcam,train,0,1,rdd_2564
rdd_India_008475.jpg,rdd,far_dashcam,train,1,0,rdd_2565
rdd_India_008479.jpg,rdd,far_dashcam,train,1,0,rdd_2566
rdd_India_008480.jpg,rdd,far_dashcam,val,0,1,rdd_2567
rdd_India_008484.jpg,rdd,far_dashcam,train,0,1,rdd_2568
rdd_India_008486.jpg,rdd,far_dashcam,train,0,1,rdd_2569
rdd_India_008488.jpg,rdd,far_dashcam,val,0,1,rdd_2570
rdd_India_008492.jpg,rdd,far_dashcam,train,1,0,rdd_2571
rdd_India_008495.jpg,rdd,far_dashcam,train,0,1,rdd_2572
rdd_India_008496.jpg,rdd,far_dashcam,train,0,1,rdd_2573
rdd_India_008498.jpg,rdd,far_dashcam,val,0,1,rdd_2574
rdd_India_008499.jpg,rdd,far_dashcam,test,1,0,rdd_2575
rdd_India_008502.jpg,rdd,far_dashcam,train,0,1,rdd_2576
rdd_India_008503.jpg,rdd,far_dashcam,train,1,0,rdd_2577
rdd_India_008505.jpg,rdd,far_dashcam,train,1,0,rdd_2578
rdd_India_008510.jpg,rdd,far_dashcam,train,0,1,rdd_2579
rdd_India_008511.jpg,rdd,far_dashcam,train,1,0,rdd_2580
rdd_India_008512.jpg,rdd,far_dashcam,train,1,0,rdd_2581
rdd_India_008518.jpg,rdd,far_dashcam,train,0,1,rdd_2582
rdd_India_008523.jpg,rdd,far_dashcam,train,2,0,rdd_2583
rdd_India_008524.jpg,rdd,far_dashcam,test,1,0,rdd_2584
rdd_India_008535.jpg,rdd,far_dashcam,test,1,0,rdd_2585
rdd_India_008542.jpg,rdd,far_dashcam,train,0,1,rdd_2586
rdd_India_008543.jpg,rdd,far_dashcam,test,0,1,rdd_2587
rdd_India_008544.jpg,rdd,far_dashcam,train,1,0,rdd_2588
rdd_India_008545.jpg,rdd,far_dashcam,train,0,1,rdd_2589
rdd_India_008548.jpg,rdd,far_dashcam,test,2,0,rdd_2590
rdd_India_008551.jpg,rdd,far_dashcam,val,0,1,rdd_2591
rdd_India_008557.jpg,rdd,far_dashcam,train,1,0,rdd_2592
rdd_India_008563.jpg,rdd,far_dashcam,train,1,0,rdd_2593
rdd_India_008565.jpg,rdd,far_dashcam,train,0,1,rdd_2594
rdd_India_008569.jpg,rdd,far_dashcam,test,1,0,rdd_2595
rdd_India_008572.jpg,rdd,far_dashcam,train,1,0,rdd_2596
rdd_India_008574.jpg,rdd,far_dashcam,train,0,1,rdd_2597
rdd_India_008576.jpg,rdd,far_dashcam,train,4,0,rdd_2598
rdd_India_008585.jpg,rdd,far_dashcam,train,0,1,rdd_2599
rdd_India_008591.jpg,rdd,far_dashcam,train,0,1,rdd_2600
rdd_India_008597.jpg,rdd,far_dashcam,train,7,0,rdd_2601
rdd_India_008606.jpg,rdd,far_dashcam,train,0,1,rdd_2602
rdd_India_008609.jpg,rdd,far_dashcam,train,3,0,rdd_2603
rdd_India_008610.jpg,rdd,far_dashcam,test,0,1,rdd_2604
rdd_India_008615.jpg,rdd,far_dashcam,test,0,1,rdd_2605
rdd_India_008616.jpg,rdd,far_dashcam,train,0,1,rdd_2606
rdd_India_008618.jpg,rdd,far_dashcam,train,1,0,rdd_2607
rdd_India_008619.jpg,rdd,far_dashcam,val,0,1,rdd_2608
rdd_India_008620.jpg,rdd,far_dashcam,test,4,0,rdd_2609
rdd_India_008627.jpg,rdd,far_dashcam,test,2,0,rdd_2610
rdd_India_008631.jpg,rdd,far_dashcam,train,0,1,rdd_2611
rdd_India_008632.jpg,rdd,far_dashcam,test,2,0,rdd_2612
rdd_India_008633.jpg,rdd,far_dashcam,train,0,1,rdd_2613
rdd_India_008636.jpg,rdd,far_dashcam,test,3,0,rdd_2614
rdd_India_008639.jpg,rdd,far_dashcam,train,4,0,rdd_2615
rdd_India_008652.jpg,rdd,far_dashcam,train,7,0,rdd_2616
rdd_India_008653.jpg,rdd,far_dashcam,val,0,1,rdd_2617
rdd_India_008654.jpg,rdd,far_dashcam,train,0,1,rdd_2618
rdd_India_008659.jpg,rdd,far_dashcam,test,3,0,rdd_2619
rdd_India_008660.jpg,rdd,far_dashcam,train,0,1,rdd_2620
rdd_India_008661.jpg,rdd,far_dashcam,train,2,0,rdd_2621
rdd_India_008662.jpg,rdd,far_dashcam,val,3,0,rdd_2622
rdd_India_008667.jpg,rdd,far_dashcam,train,1,0,rdd_2623
rdd_India_008670.jpg,rdd,far_dashcam,train,3,0,rdd_2624
rdd_India_008673.jpg,rdd,far_dashcam,train,5,0,rdd_2625
rdd_India_008676.jpg,rdd,far_dashcam,val,2,0,rdd_2626
rdd_India_008677.jpg,rdd,far_dashcam,train,1,0,rdd_2627
rdd_India_008681.jpg,rdd,far_dashcam,train,0,1,rdd_2628
rdd_India_008682.jpg,rdd,far_dashcam,train,3,0,rdd_2629
rdd_India_008683.jpg,rdd,far_dashcam,train,0,1,rdd_2630
rdd_India_008687.jpg,rdd,far_dashcam,train,0,1,rdd_2631
rdd_India_008694.jpg,rdd,far_dashcam,train,6,0,rdd_2632
rdd_India_008695.jpg,rdd,far_dashcam,test,1,0,rdd_2633
rdd_India_008698.jpg,rdd,far_dashcam,train,1,0,rdd_2634
rdd_India_008701.jpg,rdd,far_dashcam,train,4,0,rdd_2635
rdd_India_008703.jpg,rdd,far_dashcam,train,3,0,rdd_2636
rdd_India_008707.jpg,rdd,far_dashcam,train,0,1,rdd_2637
rdd_India_008709.jpg,rdd,far_dashcam,train,0,1,rdd_2638
rdd_India_008710.jpg,rdd,far_dashcam,val,0,1,rdd_2639
rdd_India_008712.jpg,rdd,far_dashcam,train,2,0,rdd_2640
rdd_India_008714.jpg,rdd,far_dashcam,train,0,1,rdd_2641
rdd_India_008715.jpg,rdd,far_dashcam,test,0,1,rdd_2642
rdd_India_008726.jpg,rdd,far_dashcam,val,1,0,rdd_2643
rdd_India_008727.jpg,rdd,far_dashcam,val,0,1,rdd_2644
rdd_India_008728.jpg,rdd,far_dashcam,train,3,0,rdd_2645
rdd_India_008731.jpg,rdd,far_dashcam,test,0,1,rdd_2646
rdd_India_008733.jpg,rdd,far_dashcam,train,1,0,rdd_2647
rdd_India_008743.jpg,rdd,far_dashcam,train,0,1,rdd_2648
rdd_India_008746.jpg,rdd,far_dashcam,test,1,0,rdd_2649
rdd_India_008747.jpg,rdd,far_dashcam,test,0,1,rdd_2650
rdd_India_008749.jpg,rdd,far_dashcam,train,5,0,rdd_2651
rdd_India_008750.jpg,rdd,far_dashcam,train,1,0,rdd_2652
rdd_India_008752.jpg,rdd,far_dashcam,train,1,0,rdd_2653
rdd_India_008762.jpg,rdd,far_dashcam,train,4,0,rdd_2654
rdd_India_008771.jpg,rdd,far_dashcam,train,2,0,rdd_2655
rdd_India_008772.jpg,rdd,far_dashcam,train,1,0,rdd_2656
rdd_India_008774.jpg,rdd,far_dashcam,train,0,1,rdd_2657
rdd_India_008783.jpg,rdd,far_dashcam,train,0,1,rdd_2658
rdd_India_008789.jpg,rdd,far_dashcam,test,1,0,rdd_2659
rdd_India_008801.jpg,rdd,far_dashcam,train,1,0,rdd_2660
rdd_India_008802.jpg,rdd,far_dashcam,train,1,0,rdd_2661
rdd_India_008804.jpg,rdd,far_dashcam,train,0,1,rdd_2662
rdd_India_008807.jpg,rdd,far_dashcam,train,1,0,rdd_2663
rdd_India_008815.jpg,rdd,far_dashcam,train,0,1,rdd_2664
rdd_India_008818.jpg,rdd,far_dashcam,test,0,1,rdd_2665
rdd_India_008819.jpg,rdd,far_dashcam,train,1,0,rdd_2666
rdd_India_008821.jpg,rdd,far_dashcam,train,2,0,rdd_2667
rdd_India_008825.jpg,rdd,far_dashcam,train,0,1,rdd_2668
rdd_India_008826.jpg,rdd,far_dashcam,train,5,0,rdd_2669
rdd_India_008832.jpg,rdd,far_dashcam,train,0,1,rdd_2670
rdd_India_008834.jpg,rdd,far_dashcam,train,0,1,rdd_2671
rdd_India_008836.jpg,rdd,far_dashcam,val,0,1,rdd_2672
rdd_India_008838.jpg,rdd,far_dashcam,test,0,1,rdd_2673
rdd_India_008846.jpg,rdd,far_dashcam,train,0,1,rdd_2674
rdd_India_008848.jpg,rdd,far_dashcam,test,0,1,rdd_2675
rdd_India_008852.jpg,rdd,far_dashcam,test,1,0,rdd_2676
rdd_India_008855.jpg,rdd,far_dashcam,val,0,1,rdd_2677
rdd_India_008860.jpg,rdd,far_dashcam,train,13,0,rdd_2678
rdd_India_008862.jpg,rdd,far_dashcam,train,0,1,rdd_2679
rdd_India_008866.jpg,rdd,far_dashcam,train,0,1,rdd_2680
rdd_India_008867.jpg,rdd,far_dashcam,train,3,0,rdd_2681
rdd_India_008870.jpg,rdd,far_dashcam,train,1,0,rdd_2682
rdd_India_008872.jpg,rdd,far_dashcam,train,3,0,rdd_2683
rdd_India_008879.jpg,rdd,far_dashcam,train,0,1,rdd_2684
rdd_India_008881.jpg,rdd,far_dashcam,train,4,0,rdd_2685
rdd_India_008886.jpg,rdd,far_dashcam,val,0,1,rdd_2686
rdd_India_008905.jpg,rdd,far_dashcam,train,0,1,rdd_2687
rdd_India_008906.jpg,rdd,far_dashcam,train,1,0,rdd_2688
rdd_India_008912.jpg,rdd,far_dashcam,train,0,1,rdd_2689
rdd_India_008915.jpg,rdd,far_dashcam,train,1,0,rdd_2690
rdd_India_008919.jpg,rdd,far_dashcam,train,0,1,rdd_2691
rdd_India_008921.jpg,rdd,far_dashcam,train,0,1,rdd_2692
rdd_India_008925.jpg,rdd,far_dashcam,train,1,0,rdd_2693
rdd_India_008926.jpg,rdd,far_dashcam,val,1,0,rdd_2694
rdd_India_008927.jpg,rdd,far_dashcam,train,3,0,rdd_2695
rdd_India_008929.jpg,rdd,far_dashcam,train,0,1,rdd_2696
rdd_India_008933.jpg,rdd,far_dashcam,val,2,0,rdd_2697
rdd_India_008942.jpg,rdd,far_dashcam,test,1,0,rdd_2698
rdd_India_008944.jpg,rdd,far_dashcam,train,1,0,rdd_2699
rdd_India_008945.jpg,rdd,far_dashcam,test,0,1,rdd_2700
rdd_India_008946.jpg,rdd,far_dashcam,val,0,1,rdd_2701
rdd_India_008948.jpg,rdd,far_dashcam,train,2,0,rdd_2702
rdd_India_008950.jpg,rdd,far_dashcam,train,2,0,rdd_2703
rdd_India_008953.jpg,rdd,far_dashcam,train,3,0,rdd_2704
rdd_India_008955.jpg,rdd,far_dashcam,train,0,1,rdd_2705
rdd_India_008957.jpg,rdd,far_dashcam,train,4,0,rdd_2706
rdd_India_008962.jpg,rdd,far_dashcam,train,0,1,rdd_2707
rdd_India_008963.jpg,rdd,far_dashcam,train,1,0,rdd_2708
rdd_India_008966.jpg,rdd,far_dashcam,train,0,1,rdd_2709
rdd_India_008968.jpg,rdd,far_dashcam,train,0,1,rdd_2710
rdd_India_008969.jpg,rdd,far_dashcam,train,1,0,rdd_2711
rdd_India_008971.jpg,rdd,far_dashcam,train,3,0,rdd_2712
rdd_India_008983.jpg,rdd,far_dashcam,train,0,1,rdd_2713
rdd_India_008984.jpg,rdd,far_dashcam,train,2,0,rdd_2714
rdd_India_008985.jpg,rdd,far_dashcam,train,0,1,rdd_2715
rdd_India_008986.jpg,rdd,far_dashcam,val,0,1,rdd_2716
rdd_India_008988.jpg,rdd,far_dashcam,train,3,0,rdd_2717
rdd_India_008991.jpg,rdd,far_dashcam,train,1,0,rdd_2718
rdd_India_008996.jpg,rdd,far_dashcam,train,0,1,rdd_2719
rdd_India_008997.jpg,rdd,far_dashcam,val,0,1,rdd_2720
rdd_India_008999.jpg,rdd,far_dashcam,train,0,1,rdd_2721
rdd_India_009001.jpg,rdd,far_dashcam,train,2,0,rdd_2722
rdd_India_009002.jpg,rdd,far_dashcam,test,0,1,rdd_2723
rdd_India_009009.jpg,rdd,far_dashcam,train,6,0,rdd_2724
rdd_India_009011.jpg,rdd,far_dashcam,train,1,0,rdd_2725
rdd_India_009013.jpg,rdd,far_dashcam,train,1,0,rdd_2726
rdd_India_009017.jpg,rdd,far_dashcam,train,3,0,rdd_2727
rdd_India_009020.jpg,rdd,far_dashcam,test,0,1,rdd_2728
rdd_India_009023.jpg,rdd,far_dashcam,val,3,0,rdd_2729
rdd_India_009029.jpg,rdd,far_dashcam,val,0,1,rdd_2730
rdd_India_009031.jpg,rdd,far_dashcam,train,0,1,rdd_2731
rdd_India_009037.jpg,rdd,far_dashcam,test,0,1,rdd_2732
rdd_India_009039.jpg,rdd,far_dashcam,train,0,1,rdd_2733
rdd_India_009040.jpg,rdd,far_dashcam,train,0,1,rdd_2734
rdd_India_009041.jpg,rdd,far_dashcam,train,4,0,rdd_2735
rdd_India_009044.jpg,rdd,far_dashcam,train,0,1,rdd_2736
rdd_India_009047.jpg,rdd,far_dashcam,train,0,1,rdd_2737
rdd_India_009051.jpg,rdd,far_dashcam,train,6,0,rdd_2738
rdd_India_009054.jpg,rdd,far_dashcam,train,1,0,rdd_2739
rdd_India_009061.jpg,rdd,far_dashcam,train,0,1,rdd_2740
rdd_India_009062.jpg,rdd,far_dashcam,train,0,1,rdd_2741
rdd_India_009065.jpg,rdd,far_dashcam,test,1,0,rdd_2742
rdd_India_009071.jpg,rdd,far_dashcam,train,2,0,rdd_2743
rdd_India_009077.jpg,rdd,far_dashcam,train,0,1,rdd_2744
rdd_India_009080.jpg,rdd,far_dashcam,train,1,0,rdd_2745
rdd_India_009088.jpg,rdd,far_dashcam,train,0,1,rdd_2746
rdd_India_009094.jpg,rdd,far_dashcam,val,0,1,rdd_2747
rdd_India_009099.jpg,rdd,far_dashcam,test,0,1,rdd_2748
rdd_India_009100.jpg,rdd,far_dashcam,train,1,0,rdd_2749
rdd_India_009101.jpg,rdd,far_dashcam,train,0,1,rdd_2750
rdd_India_009110.jpg,rdd,far_dashcam,train,0,1,rdd_2751
rdd_India_009112.jpg,rdd,far_dashcam,train,0,1,rdd_2752
rdd_India_009117.jpg,rdd,far_dashcam,train,5,0,rdd_2753
rdd_India_009118.jpg,rdd,far_dashcam,train,0,1,rdd_2754
rdd_India_009122.jpg,rdd,far_dashcam,train,1,0,rdd_2755
rdd_India_009123.jpg,rdd,far_dashcam,train,2,0,rdd_2756
rdd_India_009129.jpg,rdd,far_dashcam,train,3,0,rdd_2757
rdd_India_009131.jpg,rdd,far_dashcam,train,3,0,rdd_2758
rdd_India_009138.jpg,rdd,far_dashcam,train,3,0,rdd_2759
rdd_India_009139.jpg,rdd,far_dashcam,train,0,1,rdd_2760
rdd_India_009142.jpg,rdd,far_dashcam,train,2,0,rdd_2761
rdd_India_009143.jpg,rdd,far_dashcam,val,0,1,rdd_2762
rdd_India_009144.jpg,rdd,far_dashcam,train,1,0,rdd_2763
rdd_India_009148.jpg,rdd,far_dashcam,train,5,0,rdd_2764
rdd_India_009149.jpg,rdd,far_dashcam,val,0,1,rdd_2765
rdd_India_009150.jpg,rdd,far_dashcam,train,0,1,rdd_2766
rdd_India_009151.jpg,rdd,far_dashcam,train,1,0,rdd_2767
rdd_India_009152.jpg,rdd,far_dashcam,train,0,1,rdd_2768
rdd_India_009153.jpg,rdd,far_dashcam,val,4,0,rdd_2769
rdd_India_009157.jpg,rdd,far_dashcam,train,1,0,rdd_2770
rdd_India_009161.jpg,rdd,far_dashcam,train,3,0,rdd_2771
rdd_India_009163.jpg,rdd,far_dashcam,train,1,0,rdd_2772
rdd_India_009165.jpg,rdd,far_dashcam,train,0,1,rdd_2773
rdd_India_009171.jpg,rdd,far_dashcam,train,7,0,rdd_2774
rdd_India_009173.jpg,rdd,far_dashcam,test,2,0,rdd_2775
rdd_India_009176.jpg,rdd,far_dashcam,train,0,1,rdd_2776
rdd_India_009177.jpg,rdd,far_dashcam,train,1,0,rdd_2777
rdd_India_009178.jpg,rdd,far_dashcam,train,0,1,rdd_2778
rdd_India_009180.jpg,rdd,far_dashcam,train,2,0,rdd_2779
rdd_India_009182.jpg,rdd,far_dashcam,train,0,1,rdd_2780
rdd_India_009185.jpg,rdd,far_dashcam,train,1,0,rdd_2781
rdd_India_009186.jpg,rdd,far_dashcam,train,0,1,rdd_2782
rdd_India_009188.jpg,rdd,far_dashcam,train,0,1,rdd_2783
rdd_India_009192.jpg,rdd,far_dashcam,train,0,1,rdd_2784
rdd_India_009193.jpg,rdd,far_dashcam,test,0,1,rdd_2785
rdd_India_009194.jpg,rdd,far_dashcam,train,0,1,rdd_2786
rdd_India_009213.jpg,rdd,far_dashcam,train,5,0,rdd_2787
rdd_India_009214.jpg,rdd,far_dashcam,val,0,1,rdd_2788
rdd_India_009218.jpg,rdd,far_dashcam,train,0,1,rdd_2789
rdd_India_009220.jpg,rdd,far_dashcam,train,0,1,rdd_2790
rdd_India_009221.jpg,rdd,far_dashcam,train,1,0,rdd_2791
rdd_India_009222.jpg,rdd,far_dashcam,train,0,1,rdd_2792
rdd_India_009225.jpg,rdd,far_dashcam,train,5,0,rdd_2793
rdd_India_009226.jpg,rdd,far_dashcam,train,8,0,rdd_2794
rdd_India_009237.jpg,rdd,far_dashcam,train,0,1,rdd_2795
rdd_India_009243.jpg,rdd,far_dashcam,test,0,1,rdd_2796
rdd_India_009247.jpg,rdd,far_dashcam,test,0,1,rdd_2797
rdd_India_009249.jpg,rdd,far_dashcam,train,2,0,rdd_2798
rdd_India_009250.jpg,rdd,far_dashcam,val,2,0,rdd_2799
rdd_India_009251.jpg,rdd,far_dashcam,train,2,0,rdd_2800
rdd_India_009254.jpg,rdd,far_dashcam,train,4,0,rdd_2801
rdd_India_009257.jpg,rdd,far_dashcam,test,0,1,rdd_2802
rdd_India_009258.jpg,rdd,far_dashcam,val,0,1,rdd_2803
rdd_India_009268.jpg,rdd,far_dashcam,train,3,0,rdd_2804
rdd_India_009269.jpg,rdd,far_dashcam,train,1,0,rdd_2805
rdd_India_009272.jpg,rdd,far_dashcam,test,1,0,rdd_2806
rdd_India_009274.jpg,rdd,far_dashcam,train,0,1,rdd_2807
rdd_India_009279.jpg,rdd,far_dashcam,train,2,0,rdd_2808
rdd_India_009281.jpg,rdd,far_dashcam,train,1,0,rdd_2809
rdd_India_009283.jpg,rdd,far_dashcam,test,0,1,rdd_2810
rdd_India_009287.jpg,rdd,far_dashcam,train,1,0,rdd_2811
rdd_India_009288.jpg,rdd,far_dashcam,val,0,1,rdd_2812
rdd_India_009298.jpg,rdd,far_dashcam,val,0,1,rdd_2813
rdd_India_009303.jpg,rdd,far_dashcam,test,1,0,rdd_2814
rdd_India_009306.jpg,rdd,far_dashcam,train,0,1,rdd_2815
rdd_India_009311.jpg,rdd,far_dashcam,test,1,0,rdd_2816
rdd_India_009317.jpg,rdd,far_dashcam,train,1,0,rdd_2817
rdd_India_009318.jpg,rdd,far_dashcam,val,1,0,rdd_2818
rdd_India_009325.jpg,rdd,far_dashcam,train,0,1,rdd_2819
rdd_India_009329.jpg,rdd,far_dashcam,test,1,0,rdd_2820
rdd_India_009330.jpg,rdd,far_dashcam,train,0,1,rdd_2821
rdd_India_009335.jpg,rdd,far_dashcam,train,0,1,rdd_2822
rdd_India_009337.jpg,rdd,far_dashcam,train,1,0,rdd_2823
rdd_India_009339.jpg,rdd,far_dashcam,train,1,0,rdd_2824
rdd_India_009342.jpg,rdd,far_dashcam,test,0,1,rdd_2825
rdd_India_009343.jpg,rdd,far_dashcam,train,0,1,rdd_2826
rdd_India_009346.jpg,rdd,far_dashcam,train,2,0,rdd_2827
rdd_India_009347.jpg,rdd,far_dashcam,train,0,1,rdd_2828
rdd_India_009348.jpg,rdd,far_dashcam,val,1,0,rdd_2829
rdd_India_009349.jpg,rdd,far_dashcam,val,0,1,rdd_2830
rdd_India_009351.jpg,rdd,far_dashcam,train,0,1,rdd_2831
rdd_India_009357.jpg,rdd,far_dashcam,train,0,1,rdd_2832
rdd_India_009359.jpg,rdd,far_dashcam,test,1,0,rdd_2833
rdd_India_009365.jpg,rdd,far_dashcam,train,0,1,rdd_2834
rdd_India_009371.jpg,rdd,far_dashcam,train,0,1,rdd_2835
rdd_India_009372.jpg,rdd,far_dashcam,train,0,1,rdd_2836
rdd_India_009376.jpg,rdd,far_dashcam,train,2,0,rdd_2837
rdd_India_009377.jpg,rdd,far_dashcam,train,1,0,rdd_2838
rdd_India_009380.jpg,rdd,far_dashcam,val,1,0,rdd_2839
rdd_India_009381.jpg,rdd,far_dashcam,train,3,0,rdd_2840
rdd_India_009383.jpg,rdd,far_dashcam,train,0,1,rdd_2841
rdd_India_009389.jpg,rdd,far_dashcam,train,3,0,rdd_2842
rdd_India_009391.jpg,rdd,far_dashcam,train,2,0,rdd_2843
rdd_India_009392.jpg,rdd,far_dashcam,test,1,0,rdd_2844
rdd_India_009397.jpg,rdd,far_dashcam,test,1,0,rdd_2845
rdd_India_009405.jpg,rdd,far_dashcam,train,0,1,rdd_2846
rdd_India_009406.jpg,rdd,far_dashcam,train,2,0,rdd_2847
rdd_India_009407.jpg,rdd,far_dashcam,train,0,1,rdd_2848
rdd_India_009414.jpg,rdd,far_dashcam,train,0,1,rdd_2849
rdd_India_009415.jpg,rdd,far_dashcam,train,2,0,rdd_2850
rdd_India_009419.jpg,rdd,far_dashcam,train,0,1,rdd_2851
rdd_India_009421.jpg,rdd,far_dashcam,val,0,1,rdd_2852
rdd_India_009427.jpg,rdd,far_dashcam,train,0,1,rdd_2853
rdd_India_009428.jpg,rdd,far_dashcam,train,0,1,rdd_2854
rdd_India_009429.jpg,rdd,far_dashcam,val,0,1,rdd_2855
rdd_India_009430.jpg,rdd,far_dashcam,train,3,0,rdd_2856
rdd_India_009433.jpg,rdd,far_dashcam,val,0,1,rdd_2857
rdd_India_009434.jpg,rdd,far_dashcam,train,3,0,rdd_2858
rdd_India_009435.jpg,rdd,far_dashcam,train,1,0,rdd_2859
rdd_India_009437.jpg,rdd,far_dashcam,train,0,1,rdd_2860
rdd_India_009441.jpg,rdd,far_dashcam,train,2,0,rdd_2861
rdd_India_009442.jpg,rdd,far_dashcam,val,0,1,rdd_2862
rdd_India_009444.jpg,rdd,far_dashcam,train,0,1,rdd_2863
rdd_India_009448.jpg,rdd,far_dashcam,train,1,0,rdd_2864
rdd_India_009452.jpg,rdd,far_dashcam,test,0,1,rdd_2865
rdd_India_009454.jpg,rdd,far_dashcam,test,0,1,rdd_2866
rdd_India_009455.jpg,rdd,far_dashcam,train,1,0,rdd_2867
rdd_India_009456.jpg,rdd,far_dashcam,train,0,1,rdd_2868
rdd_India_009458.jpg,rdd,far_dashcam,test,1,0,rdd_2869
rdd_India_009467.jpg,rdd,far_dashcam,train,0,1,rdd_2870
rdd_India_009470.jpg,rdd,far_dashcam,train,0,1,rdd_2871
rdd_India_009476.jpg,rdd,far_dashcam,test,0,1,rdd_2872
rdd_India_009478.jpg,rdd,far_dashcam,train,1,0,rdd_2873
rdd_India_009485.jpg,rdd,far_dashcam,train,0,1,rdd_2874
rdd_India_009494.jpg,rdd,far_dashcam,val,0,1,rdd_2875
rdd_India_009495.jpg,rdd,far_dashcam,train,0,1,rdd_2876
rdd_India_009501.jpg,rdd,far_dashcam,train,0,1,rdd_2877
rdd_India_009510.jpg,rdd,far_dashcam,val,3,0,rdd_2878
rdd_India_009511.jpg,rdd,far_dashcam,train,0,1,rdd_2879
rdd_India_009517.jpg,rdd,far_dashcam,train,2,0,rdd_2880
rdd_India_009521.jpg,rdd,far_dashcam,val,0,1,rdd_2881
rdd_India_009522.jpg,rdd,far_dashcam,test,0,1,rdd_2882
rdd_India_009524.jpg,rdd,far_dashcam,train,0,1,rdd_2883
rdd_India_009526.jpg,rdd,far_dashcam,train,1,0,rdd_2884
rdd_India_009528.jpg,rdd,far_dashcam,val,2,0,rdd_2885
rdd_India_009531.jpg,rdd,far_dashcam,train,0,1,rdd_2886
rdd_India_009533.jpg,rdd,far_dashcam,train,0,1,rdd_2887
rdd_India_009536.jpg,rdd,far_dashcam,train,3,0,rdd_2888
rdd_India_009539.jpg,rdd,far_dashcam,train,0,1,rdd_2889
rdd_India_009541.jpg,rdd,far_dashcam,test,0,1,rdd_2890
rdd_India_009547.jpg,rdd,far_dashcam,train,0,1,rdd_2891
rdd_India_009550.jpg,rdd,far_dashcam,train,0,1,rdd_2892
rdd_India_009553.jpg,rdd,far_dashcam,train,2,0,rdd_2893
rdd_India_009562.jpg,rdd,far_dashcam,test,0,1,rdd_2894
rdd_India_009564.jpg,rdd,far_dashcam,train,1,0,rdd_2895
rdd_India_009570.jpg,rdd,far_dashcam,train,0,1,rdd_2896
rdd_India_009573.jpg,rdd,far_dashcam,train,1,0,rdd_2897
rdd_India_009578.jpg,rdd,far_dashcam,test,0,1,rdd_2898
rdd_India_009579.jpg,rdd,far_dashcam,val,1,0,rdd_2899
rdd_India_009580.jpg,rdd,far_dashcam,train,0,1,rdd_2900
rdd_India_009581.jpg,rdd,far_dashcam,val,1,0,rdd_2901
rdd_India_009586.jpg,rdd,far_dashcam,train,3,0,rdd_2902
rdd_India_009593.jpg,rdd,far_dashcam,train,1,0,rdd_2903
rdd_India_009594.jpg,rdd,far_dashcam,train,0,1,rdd_2904
rdd_India_009598.jpg,rdd,far_dashcam,train,0,1,rdd_2905
rdd_India_009600.jpg,rdd,far_dashcam,train,0,1,rdd_2906
rdd_India_009603.jpg,rdd,far_dashcam,test,3,0,rdd_2907
rdd_India_009605.jpg,rdd,far_dashcam,val,2,0,rdd_2908
rdd_India_009612.jpg,rdd,far_dashcam,train,3,0,rdd_2909
rdd_India_009615.jpg,rdd,far_dashcam,val,0,1,rdd_2910
rdd_India_009619.jpg,rdd,far_dashcam,train,2,0,rdd_2911
rdd_India_009621.jpg,rdd,far_dashcam,train,0,1,rdd_2912
rdd_India_009628.jpg,rdd,far_dashcam,test,0,1,rdd_2913
rdd_India_009630.jpg,rdd,far_dashcam,train,1,0,rdd_2914
rdd_India_009633.jpg,rdd,far_dashcam,train,1,0,rdd_2915
rdd_India_009638.jpg,rdd,far_dashcam,train,2,0,rdd_2916
rdd_India_009642.jpg,rdd,far_dashcam,train,0,1,rdd_2917
rdd_India_009649.jpg,rdd,far_dashcam,train,0,1,rdd_2918
rdd_India_009652.jpg,rdd,far_dashcam,train,0,1,rdd_2919
rdd_India_009656.jpg,rdd,far_dashcam,train,2,0,rdd_2920
rdd_India_009657.jpg,rdd,far_dashcam,val,0,1,rdd_2921
rdd_India_009662.jpg,rdd,far_dashcam,val,0,1,rdd_2922
rdd_India_009663.jpg,rdd,far_dashcam,val,2,0,rdd_2923
rdd_India_009664.jpg,rdd,far_dashcam,train,0,1,rdd_2924
rdd_India_009667.jpg,rdd,far_dashcam,train,4,0,rdd_2925
rdd_India_009678.jpg,rdd,far_dashcam,train,2,0,rdd_2926
rdd_India_009679.jpg,rdd,far_dashcam,test,1,0,rdd_2927
rdd_India_009682.jpg,rdd,far_dashcam,train,1,0,rdd_2928
rdd_India_009685.jpg,rdd,far_dashcam,train,1,0,rdd_2929
rdd_India_009688.jpg,rdd,far_dashcam,test,1,0,rdd_2930
rdd_India_009690.jpg,rdd,far_dashcam,test,0,1,rdd_2931
rdd_India_009691.jpg,rdd,far_dashcam,train,2,0,rdd_2932
rdd_India_009695.jpg,rdd,far_dashcam,train,0,1,rdd_2933
rdd_India_009698.jpg,rdd,far_dashcam,val,0,1,rdd_2934
rdd_India_009699.jpg,rdd,far_dashcam,test,0,1,rdd_2935
rdd_India_009716.jpg,rdd,far_dashcam,train,0,1,rdd_2936
rdd_India_009717.jpg,rdd,far_dashcam,val,0,1,rdd_2937
rdd_India_009723.jpg,rdd,far_dashcam,train,1,0,rdd_2938
rdd_India_009725.jpg,rdd,far_dashcam,train,2,0,rdd_2939
rdd_India_009734.jpg,rdd,far_dashcam,val,3,0,rdd_2940
rdd_India_009735.jpg,rdd,far_dashcam,train,2,0,rdd_2941
rdd_India_009736.jpg,rdd,far_dashcam,train,0,1,rdd_2942
rdd_India_009738.jpg,rdd,far_dashcam,train,0,1,rdd_2943
rdd_India_009741.jpg,rdd,far_dashcam,train,0,1,rdd_2944
rdd_India_009742.jpg,rdd,far_dashcam,train,2,0,rdd_2945
rdd_India_009743.jpg,rdd,far_dashcam,test,0,1,rdd_2946
rdd_India_009748.jpg,rdd,far_dashcam,val,3,0,rdd_2947
rdd_India_009749.jpg,rdd,far_dashcam,val,0,1,rdd_2948
rdd_India_009751.jpg,rdd,far_dashcam,train,0,1,rdd_2949
rdd_India_009752.jpg,rdd,far_dashcam,train,1,0,rdd_2950
rdd_India_009753.jpg,rdd,far_dashcam,train,0,1,rdd_2951
rdd_India_009756.jpg,rdd,far_dashcam,train,1,0,rdd_2952
rdd_India_009763.jpg,rdd,far_dashcam,train,1,0,rdd_2953
rdd_India_009765.jpg,rdd,far_dashcam,train,1,0,rdd_2954
rdd_India_009770.jpg,rdd,far_dashcam,train,0,1,rdd_2955
rdd_India_009782.jpg,rdd,far_dashcam,train,1,0,rdd_2956
rdd_India_009785.jpg,rdd,far_dashcam,test,1,0,rdd_2957
rdd_India_009787.jpg,rdd,far_dashcam,train,0,1,rdd_2958
rdd_India_009792.jpg,rdd,far_dashcam,test,3,0,rdd_2959
rdd_India_009794.jpg,rdd,far_dashcam,train,3,0,rdd_2960
rdd_India_009800.jpg,rdd,far_dashcam,train,0,1,rdd_2961
rdd_India_009804.jpg,rdd,far_dashcam,train,0,1,rdd_2962
rdd_India_009808.jpg,rdd,far_dashcam,train,0,1,rdd_2963
rdd_India_009810.jpg,rdd,far_dashcam,train,0,1,rdd_2964
rdd_India_009813.jpg,rdd,far_dashcam,train,1,0,rdd_2965
rdd_India_009817.jpg,rdd,far_dashcam,train,3,0,rdd_2966
rdd_India_009821.jpg,rdd,far_dashcam,test,0,1,rdd_2967
rdd_India_009826.jpg,rdd,far_dashcam,test,1,0,rdd_2968
rdd_India_009830.jpg,rdd,far_dashcam,train,1,0,rdd_2969
rdd_India_009832.jpg,rdd,far_dashcam,train,1,0,rdd_2970
rdd_India_009833.jpg,rdd,far_dashcam,test,0,1,rdd_2971
rdd_India_009834.jpg,rdd,far_dashcam,test,0,1,rdd_2972
rdd_India_009835.jpg,rdd,far_dashcam,train,0,1,rdd_2973
rdd_India_009836.jpg,rdd,far_dashcam,val,1,0,rdd_2974
rdd_India_009841.jpg,rdd,far_dashcam,val,3,0,rdd_2975
rdd_India_009842.jpg,rdd,far_dashcam,train,0,1,rdd_2976
rdd_India_009843.jpg,rdd,far_dashcam,val,0,1,rdd_2977
rdd_India_009846.jpg,rdd,far_dashcam,train,0,1,rdd_2978
rdd_India_009847.jpg,rdd,far_dashcam,train,0,1,rdd_2979
rdd_India_009849.jpg,rdd,far_dashcam,train,0,1,rdd_2980
rdd_India_009863.jpg,rdd,far_dashcam,train,2,0,rdd_2981
rdd_India_009864.jpg,rdd,far_dashcam,test,1,0,rdd_2982
rdd_India_009869.jpg,rdd,far_dashcam,train,1,0,rdd_2983
rdd_India_009879.jpg,rdd,far_dashcam,train,0,1,rdd_2984
rdd_India_009881.jpg,rdd,far_dashcam,train,3,0,rdd_2985
rdd_India_009883.jpg,rdd,far_dashcam,train,0,1,rdd_2986
rdd_India_009887.jpg,rdd,far_dashcam,train,0,1,rdd_2987
rdd_India_009890.jpg,rdd,far_dashcam,train,2,0,rdd_2988
roaddmg_Pothole_100_jpg.rf.590f1fdadf6bfdf828495314e151617a.jpg,roaddmg,mid,train,1,0,roaddmg_0
roaddmg_Pothole_101_jpg.rf.62ff497fdf66dbf1fcf9accf70b038ad.jpg,roaddmg,mid,train,1,0,roaddmg_1
roaddmg_Pothole_102_jpg.rf.70902f7517f51c31180ed52e28e9dd98.jpg,roaddmg,mid,train,1,0,roaddmg_2
roaddmg_Pothole_103_jpg.rf.a7a1bc3211f1f9d69ef92cd4fd18b1bb.jpg,roaddmg,mid,train,2,0,roaddmg_3
roaddmg_Pothole_105_jpg.rf.7adc1c245399be6c2916fd26d6b921a3.jpg,roaddmg,mid,train,1,0,roaddmg_4
roaddmg_Pothole_109_jpg.rf.b0a40b2a01a1ddd4af1eabd6051830d1.jpg,roaddmg,mid,train,2,0,roaddmg_5
roaddmg_Pothole_10_jpg.rf.b3da529742605ef8a1620860cf51dff3.jpg,roaddmg,mid,val,3,0,roaddmg_6
roaddmg_Pothole_110_jpg.rf.434a0a5642056bb6d345c4930e94a90d.jpg,roaddmg,mid,train,1,0,roaddmg_7
roaddmg_Pothole_111_jpg.rf.67cca81561c0b2b3271fc4f45f3a0db0.jpg,roaddmg,mid,train,1,0,roaddmg_8
roaddmg_Pothole_114_jpg.rf.68316c79ca598ef18040186f48d5f1f5.jpg,roaddmg,mid,test,1,0,roaddmg_9
roaddmg_Pothole_117_jpg.rf.2f8cfcd6727a6c80a7fce2be68fb1bfd.jpg,roaddmg,mid,train,1,0,roaddmg_10
roaddmg_Pothole_119_jpg.rf.e18fc01e9be43ac7c774c2e98688a7bf.jpg,roaddmg,mid,train,1,0,roaddmg_11
roaddmg_Pothole_11_jpg.rf.d4b7331f331ff3e138fb68d4c2a23f30.jpg,roaddmg,mid,val,1,0,roaddmg_12
roaddmg_Pothole_121_jpg.rf.7b961f6eb96b4c28a18ea51c56028687.jpg,roaddmg,mid,train,1,0,roaddmg_13
roaddmg_Pothole_122_jpg.rf.00fbd889a623cc61d13eba4fda00d22c.jpg,roaddmg,mid,val,0,1,roaddmg_14
roaddmg_Pothole_124_jpg.rf.b7259a3dc5ca926ebf2a925cd073fbd9.jpg,roaddmg,mid,train,7,0,roaddmg_15
roaddmg_Pothole_125_jpg.rf.1319da11a1a9945def034a1024dea28c.jpg,roaddmg,mid,train,1,0,roaddmg_16
roaddmg_Pothole_127_jpg.rf.12de0463b1356d7255a538bb31de3d69.jpg,roaddmg,mid,train,1,0,roaddmg_17
roaddmg_Pothole_128_jpg.rf.6e5d874c482d2dd2bd553bd13d688d7c.jpg,roaddmg,mid,train,1,0,roaddmg_18
roaddmg_Pothole_12_jpg.rf.0eb16e2a8943521a4c01fe32e1b589b6.jpg,roaddmg,mid,train,3,0,roaddmg_19
roaddmg_Pothole_130_jpg.rf.a06d60152c503239ca7f302e4578f0c9.jpg,roaddmg,mid,test,1,0,roaddmg_20
roaddmg_Pothole_131_jpg.rf.e998d7451253d3e22b79cb8021f80482.jpg,roaddmg,mid,val,2,0,roaddmg_21
roaddmg_Pothole_132_jpg.rf.d274537112b7b29cbaa4acc1f381ee24.jpg,roaddmg,mid,train,2,0,roaddmg_22
roaddmg_Pothole_133_jpg.rf.bae842dfc60cf1b792ea73d41284a869.jpg,roaddmg,mid,val,1,0,roaddmg_23
roaddmg_Pothole_135_jpg.rf.2cbdad280bc70fd5352e0950a7cc9be5.jpg,roaddmg,mid,val,1,0,roaddmg_24
roaddmg_Pothole_136_jpg.rf.5e21f39f693ea0fc23ec18ee7f0f60d5.jpg,roaddmg,mid,train,0,1,roaddmg_25
roaddmg_Pothole_137_jpg.rf.a81aeb2d3b8b012502a7307b96195644.jpg,roaddmg,mid,val,0,1,roaddmg_26
roaddmg_Pothole_138_jpg.rf.54351369953b9b1c62495075bd29048e.jpg,roaddmg,mid,train,3,0,roaddmg_27
roaddmg_Pothole_139_jpg.rf.d8c10b3410eee470a1070361e1738d51.jpg,roaddmg,mid,train,1,0,roaddmg_28
roaddmg_Pothole_13_jpg.rf.a378b2f12d41ddf275322575e6f1c2c6.jpg,roaddmg,mid,train,1,0,roaddmg_29
roaddmg_Pothole_140_jpg.rf.723f81e9be916d228f3e6356e84529ae.jpg,roaddmg,mid,test,1,0,roaddmg_30
roaddmg_Pothole_142_jpg.rf.fbeb73e300958a711f62a3b7cdf326db.jpg,roaddmg,mid,test,6,0,roaddmg_31
roaddmg_Pothole_143_jpg.rf.c25cecd76b92a068c3d25df8426170d9.jpg,roaddmg,mid,train,1,0,roaddmg_32
roaddmg_Pothole_144_jpg.rf.696e2a7d9627acbffd85b67d2a8452ef.jpg,roaddmg,mid,train,1,0,roaddmg_33
roaddmg_Pothole_145_jpg.rf.436af3a3f2470c4811be92e975ec1701.jpg,roaddmg,mid,train,2,0,roaddmg_34
roaddmg_Pothole_146_jpg.rf.b1d812bc739b576b5d9af31d65aae9d8.jpg,roaddmg,mid,val,13,0,roaddmg_35
roaddmg_Pothole_147_jpg.rf.9a0a067433c1ea445db6bef8c9a4f5c4.jpg,roaddmg,mid,train,1,0,roaddmg_36
roaddmg_Pothole_148_jpg.rf.441651b909c5a3b1d694244e33b97f98.jpg,roaddmg,mid,val,1,0,roaddmg_37
roaddmg_Pothole_149_jpg.rf.0dfc30e3dc88b5b02f76d5a38139e810.jpg,roaddmg,mid,train,1,0,roaddmg_38
roaddmg_Pothole_14_jpg.rf.25b38b1dec50db5b538bb63d4237b372.jpg,roaddmg,mid,train,3,0,roaddmg_39
roaddmg_Pothole_151_jpg.rf.416f6f29b461bd6e9e23f926d095c084.jpg,roaddmg,mid,train,1,0,roaddmg_40
roaddmg_Pothole_152_jpg.rf.6db6555511180fe11f3dacef3e84953d.jpg,roaddmg,mid,train,1,0,roaddmg_41
roaddmg_Pothole_153_jpg.rf.207afbf4f7840b23e34e28e7751bd078.jpg,roaddmg,mid,train,4,0,roaddmg_42
roaddmg_Pothole_154_jpg.rf.0f161703dc6b454276af8347ed0267bd.jpg,roaddmg,mid,train,1,0,roaddmg_43
roaddmg_Pothole_156_jpg.rf.081a9ec469b16a9d23c209a081be1d8e.jpg,roaddmg,mid,val,3,0,roaddmg_44
roaddmg_Pothole_158_jpg.rf.2834577b249802285ee82cc45b133ceb.jpg,roaddmg,mid,train,3,0,roaddmg_45
roaddmg_Pothole_159_jpg.rf.cce260a8bc42ff5e38a2624e912a1591.jpg,roaddmg,mid,train,1,0,roaddmg_46
roaddmg_Pothole_15_jpg.rf.f98e3db8d5697370c174692087a6bb38.jpg,roaddmg,mid,train,2,0,roaddmg_47
roaddmg_Pothole_160_jpg.rf.f4411a3c272ab4ac16b8bc9a36462b0a.jpg,roaddmg,mid,train,5,0,roaddmg_48
roaddmg_Pothole_161_jpg.rf.98c97007f3fb85e9c9be912e47c6969a.jpg,roaddmg,mid,train,3,0,roaddmg_49
roaddmg_Pothole_162_jpg.rf.ec759c9e8b31a50d7793b83083144f5f.jpg,roaddmg,mid,train,3,0,roaddmg_50
roaddmg_Pothole_163_jpg.rf.b1b78706383b2d597d4a0c830fea4d3a.jpg,roaddmg,mid,train,1,0,roaddmg_51
roaddmg_Pothole_164_jpg.rf.52e23529a3ea653ddf9f2514e8df74f8.jpg,roaddmg,mid,train,1,0,roaddmg_52
roaddmg_Pothole_165_jpg.rf.673527712ede1ef2ec65fc947121a47b.jpg,roaddmg,mid,train,1,0,roaddmg_53
roaddmg_Pothole_166_jpg.rf.e5b425b29893c87a57a81d3e29a5c6e8.jpg,roaddmg,mid,val,1,0,roaddmg_54
roaddmg_Pothole_167_jpg.rf.4fba5e62138ff9be9d0c100de4c62422.jpg,roaddmg,mid,test,3,0,roaddmg_55
roaddmg_Pothole_168_jpg.rf.3af9cf35f1361bf58d1ce0bbb8dd9369.jpg,roaddmg,mid,train,1,0,roaddmg_56
roaddmg_Pothole_169_jpg.rf.7f61d3e52d99c888a29e959d62a15c00.jpg,roaddmg,mid,train,2,0,roaddmg_57
roaddmg_Pothole_16_jpg.rf.0ec914fc1e664bfd5652c74aef9a7fec.jpg,roaddmg,mid,val,4,0,roaddmg_58
roaddmg_Pothole_170_jpg.rf.5fbb46473c45937f6016ed75e8fb65e9.jpg,roaddmg,mid,train,1,0,roaddmg_59
roaddmg_Pothole_172_jpg.rf.8db0350b01eea0e9be6e2847d0fba429.jpg,roaddmg,mid,train,2,0,roaddmg_60
roaddmg_Pothole_173_jpg.rf.dfa47f3e7dd3c73e26b17e4faa0d75f2.jpg,roaddmg,mid,train,5,0,roaddmg_61
roaddmg_Pothole_174_jpg.rf.e49cd51cfe52d5c0850cbfebd924e21a.jpg,roaddmg,mid,test,1,0,roaddmg_62
roaddmg_Pothole_176_jpg.rf.d9453d1c1cf1228c30d04229ffb7d4c0.jpg,roaddmg,mid,train,2,0,roaddmg_63
roaddmg_Pothole_177_jpg.rf.d87b8d8cac39a345925df8fb63dd58c7.jpg,roaddmg,mid,train,1,0,roaddmg_64
roaddmg_Pothole_178_jpg.rf.02f6dc936e09f9d08f20c68c735c3d48.jpg,roaddmg,mid,train,1,0,roaddmg_65
roaddmg_Pothole_17_jpg.rf.765f9d19a3195edf41403916cd10f3fb.jpg,roaddmg,mid,train,1,0,roaddmg_66
roaddmg_Pothole_180_jpg.rf.833b2bed3a21fe7d6675d0c7be8e5fbb.jpg,roaddmg,mid,test,1,0,roaddmg_67
roaddmg_Pothole_182_jpg.rf.8ea4aa355f379b9dd1fa0f59c36b24d5.jpg,roaddmg,mid,val,2,0,roaddmg_68
roaddmg_Pothole_183_jpg.rf.5991595a1385f4d42c6fce9d100485d7.jpg,roaddmg,mid,val,1,0,roaddmg_69
roaddmg_Pothole_184_jpg.rf.9481a9657a3461755174f271312ed594.jpg,roaddmg,mid,train,1,0,roaddmg_70
roaddmg_Pothole_185_jpg.rf.f1844750e29f604b485e7ad8ec74673c.jpg,roaddmg,mid,train,2,0,roaddmg_71
roaddmg_Pothole_186_jpg.rf.fac94f2b83167e411ac5f166cd74487b.jpg,roaddmg,mid,test,1,0,roaddmg_72
roaddmg_Pothole_188_jpg.rf.70aa82ec992ef98488c0b9775eeb4b6e.jpg,roaddmg,mid,test,3,0,roaddmg_73
roaddmg_Pothole_18_jpg.rf.d70be73e5745628e82aabb306b04a456.jpg,roaddmg,mid,train,8,0,roaddmg_74
roaddmg_Pothole_190_jpg.rf.74252565a7900876601dd03560ef8ef7.jpg,roaddmg,mid,train,10,0,roaddmg_75
roaddmg_Pothole_192_jpg.rf.d42a4c49e611e9e59c5100e90c983dbd.jpg,roaddmg,mid,val,2,0,roaddmg_76
roaddmg_Pothole_194_jpg.rf.98096f3f5d4c38f5409090e30666afb4.jpg,roaddmg,mid,test,1,0,roaddmg_77
roaddmg_Pothole_196_jpg.rf.f7d55c3ea4ebd9ec01f2f47af5478171.jpg,roaddmg,mid,val,2,0,roaddmg_78
roaddmg_Pothole_197_jpg.rf.9880d1f1d09cf468e8e744be56c9f2c4.jpg,roaddmg,mid,train,3,0,roaddmg_79
roaddmg_Pothole_199_jpg.rf.eab6f01587d163f866a3badd018b5b92.jpg,roaddmg,mid,test,1,0,roaddmg_80
roaddmg_Pothole_19_jpg.rf.58ad3b99db1bee38cb838d2e778e34f2.jpg,roaddmg,mid,train,1,0,roaddmg_81
roaddmg_Pothole_1_jpg.rf.34404e88996ad1535d13913d5523e6e8.jpg,roaddmg,mid,val,4,0,roaddmg_82
roaddmg_Pothole_200_jpg.rf.f98311c7a55360f521647eca8aaf8c2b.jpg,roaddmg,mid,train,1,0,roaddmg_83
roaddmg_Pothole_201_jpg.rf.e0e7ef51f765e62d2776ce4b4ed806f8.jpg,roaddmg,mid,train,3,0,roaddmg_84
roaddmg_Pothole_202_jpg.rf.e97faaf10cefeefb5cd73253d8136cde.jpg,roaddmg,mid,test,1,0,roaddmg_85
roaddmg_Pothole_203_jpg.rf.381b4cb02e1bcb44090d27c9acf55f48.jpg,roaddmg,mid,train,1,0,roaddmg_86
roaddmg_Pothole_206_jpg.rf.2ef53b7688d780d31b0d16aed4f6c7f2.jpg,roaddmg,mid,train,4,0,roaddmg_87
roaddmg_Pothole_208_jpg.rf.4bfc5515745bd10f9fcdff821fea4922.jpg,roaddmg,mid,train,1,0,roaddmg_88
roaddmg_Pothole_209_jpg.rf.bb52575bbf54b5569a3977726e97530f.jpg,roaddmg,mid,train,1,0,roaddmg_89
roaddmg_Pothole_20_jpg.rf.21b38c33247bb1b5a6ebd531060a9346.jpg,roaddmg,mid,train,3,0,roaddmg_90
roaddmg_Pothole_210_jpg.rf.416cd929d268cf857f6dfc8c6c44d101.jpg,roaddmg,mid,val,5,0,roaddmg_91
roaddmg_Pothole_211_jpg.rf.e609ab5e2a143a8d9234c53d4c337b0f.jpg,roaddmg,mid,train,1,0,roaddmg_92
roaddmg_Pothole_212_jpg.rf.23c36e70638b4d02720cfc9a0ee535bd.jpg,roaddmg,mid,train,5,0,roaddmg_93
roaddmg_Pothole_213_jpg.rf.05049f9e805baf44724eeea70da9bb4e.jpg,roaddmg,mid,train,1,0,roaddmg_94
roaddmg_Pothole_214_jpg.rf.bbd229eeff8568ed1baf13e89c38db52.jpg,roaddmg,mid,train,2,0,roaddmg_95
roaddmg_Pothole_215_jpg.rf.12df340be8a3ba8fdb051cb58d054ad7.jpg,roaddmg,mid,train,1,0,roaddmg_96
roaddmg_Pothole_216_jpg.rf.64fe22754cac516b55be9bc96b2a6dd9.jpg,roaddmg,mid,test,1,0,roaddmg_97
roaddmg_Pothole_217_jpg.rf.fdd2f1232b0c7274db182b8ac999dc06.jpg,roaddmg,mid,train,1,0,roaddmg_98
roaddmg_Pothole_218_jpg.rf.99171018f8b1ac84253d1eaa357fdbfb.jpg,roaddmg,mid,train,1,0,roaddmg_99
roaddmg_Pothole_219_jpg.rf.50460ecdc87ae09885ec57cbf4532850.jpg,roaddmg,mid,train,1,0,roaddmg_100
roaddmg_Pothole_21_jpg.rf.5aa46e4b88d80c821754986a61fa3d5e.jpg,roaddmg,mid,test,2,0,roaddmg_101
roaddmg_Pothole_220_jpg.rf.99393e846b42b03ae1c1b1c1f1137bee.jpg,roaddmg,mid,test,1,0,roaddmg_102
roaddmg_Pothole_222_jpg.rf.a5529375862e32d8739eb6e1d1d67f50.jpg,roaddmg,mid,val,1,0,roaddmg_103
roaddmg_Pothole_223_jpg.rf.88559961459287e89b657936db7315e6.jpg,roaddmg,mid,train,13,0,roaddmg_104
roaddmg_Pothole_225_jpg.rf.4eac4f245165000a49cd68cb26d16d22.jpg,roaddmg,mid,train,2,0,roaddmg_105
roaddmg_Pothole_227_jpg.rf.05400746f738399703e0d79e093d02a9.jpg,roaddmg,mid,train,1,0,roaddmg_106
roaddmg_Pothole_228_jpg.rf.f5026582b1753f5b6356eca71c4d1083.jpg,roaddmg,mid,test,2,0,roaddmg_107
roaddmg_Pothole_22_jpg.rf.39fe37e4104f838db9a9f178bc200f46.jpg,roaddmg,mid,train,10,0,roaddmg_108
roaddmg_Pothole_230_jpg.rf.8e86ef10a60640b74ca8cd531549bf27.jpg,roaddmg,mid,test,6,0,roaddmg_109
roaddmg_Pothole_233_jpg.rf.ac89a575ab68427b0278806513aec1ee.jpg,roaddmg,mid,train,2,0,roaddmg_110
roaddmg_Pothole_234_jpg.rf.5dc8902ec489331eefc50280a4473d03.jpg,roaddmg,mid,train,0,1,roaddmg_111
roaddmg_Pothole_235_jpg.rf.c14a12adeea2848fc4f761d1b6db79bd.jpg,roaddmg,mid,train,1,0,roaddmg_112
roaddmg_Pothole_236_jpg.rf.3cd18063c5e66fc09378caf8285457b8.jpg,roaddmg,mid,train,2,0,roaddmg_113
roaddmg_Pothole_237_jpg.rf.c2453c877851be313f9f86a737f4b4cb.jpg,roaddmg,mid,val,0,1,roaddmg_114
roaddmg_Pothole_238_jpg.rf.7c5786c0057d6915430dd298bb7d16d3.jpg,roaddmg,mid,train,2,0,roaddmg_115
roaddmg_Pothole_239_jpg.rf.0029694f6da169462536a060beec8b2f.jpg,roaddmg,mid,val,4,0,roaddmg_116
roaddmg_Pothole_23_jpg.rf.9d2f7fe7903d06c78aaf12d0aaf79326.jpg,roaddmg,mid,train,1,0,roaddmg_117
roaddmg_Pothole_240_jpg.rf.32f7af5429b52523643467cf1db939a4.jpg,roaddmg,mid,train,4,0,roaddmg_118
roaddmg_Pothole_241_jpg.rf.efa401237ed88dda030fc31a2dec4d6f.jpg,roaddmg,mid,train,23,0,roaddmg_119
roaddmg_Pothole_242_jpg.rf.48ab4f5885181ca1dba9d9a32d6e4bee.jpg,roaddmg,mid,train,2,0,roaddmg_120
roaddmg_Pothole_243_jpg.rf.8dc307ccad7580f78d5485817637fb91.jpg,roaddmg,mid,train,1,0,roaddmg_121
roaddmg_Pothole_244_jpg.rf.c27b3a08ba3b08b1832d7792954843b4.jpg,roaddmg,mid,train,1,0,roaddmg_122
roaddmg_Pothole_246_jpg.rf.53a616f924d5e16d31d44cbd37289c3c.jpg,roaddmg,mid,train,2,0,roaddmg_123
roaddmg_Pothole_247_jpg.rf.44149a91210a8d6616d98aae7e0dbde7.jpg,roaddmg,mid,test,2,0,roaddmg_124
roaddmg_Pothole_249_jpg.rf.457687616f6a59efbe9f93b44725b27e.jpg,roaddmg,mid,train,1,0,roaddmg_125
roaddmg_Pothole_24_jpg.rf.864339f9e4c412ce58ca636fa7d36970.jpg,roaddmg,mid,train,1,0,roaddmg_126
roaddmg_Pothole_250_jpg.rf.2276d16efa360e0b3f79f36650da3e80.jpg,roaddmg,mid,train,1,0,roaddmg_127
roaddmg_Pothole_251_jpg.rf.b621883fac01a7b80980e160b084528b.jpg,roaddmg,mid,train,7,0,roaddmg_128
roaddmg_Pothole_253_jpg.rf.c20316cfe79fa0917f9d1d3fb57e73f8.jpg,roaddmg,mid,train,4,0,roaddmg_129
roaddmg_Pothole_254_jpg.rf.034712af5a41ffcd4cfe2eac2df53d4e.jpg,roaddmg,mid,train,4,0,roaddmg_130
roaddmg_Pothole_255_jpg.rf.94cea1b0e42fa5d843c58b806a1c1753.jpg,roaddmg,mid,test,3,0,roaddmg_131
roaddmg_Pothole_256_jpg.rf.c2635923ea5a7bd3c2b8ed75fea3b21e.jpg,roaddmg,mid,train,1,0,roaddmg_132
roaddmg_Pothole_257_jpg.rf.6662b1511071049f1d3c9af9d73c6014.jpg,roaddmg,mid,train,3,0,roaddmg_133
roaddmg_Pothole_259_jpg.rf.2ba9e4188a2f13e1dc6975b41a67eda8.jpg,roaddmg,mid,train,4,0,roaddmg_134
roaddmg_Pothole_25_jpg.rf.e99149e3526477833176ffca872093f5.jpg,roaddmg,mid,val,1,0,roaddmg_135
roaddmg_Pothole_261_jpg.rf.79a177757562e70184e329e98c7c9483.jpg,roaddmg,mid,train,1,0,roaddmg_136
roaddmg_Pothole_262_jpg.rf.7f2761a4522a708b09c6591077d4ed9c.jpg,roaddmg,mid,val,2,0,roaddmg_137
roaddmg_Pothole_263_jpg.rf.c65dc815cf1c39a802803d64f3d114b4.jpg,roaddmg,mid,train,1,0,roaddmg_138
roaddmg_Pothole_264_jpg.rf.e81f6f71f2ff2c432371a394821f0773.jpg,roaddmg,mid,train,2,0,roaddmg_139
roaddmg_Pothole_265_jpg.rf.cd19107fb18e60f52c4e4ad879f2b1df.jpg,roaddmg,mid,test,1,0,roaddmg_140
roaddmg_Pothole_266_jpg.rf.04b271e5dece0d903a79f7d642e74199.jpg,roaddmg,mid,train,2,0,roaddmg_141
roaddmg_Pothole_267_jpg.rf.b9aa862c40d9930ebd1d85ca3e9a5f52.jpg,roaddmg,mid,train,6,0,roaddmg_142
roaddmg_Pothole_268_jpg.rf.8891e0546f74ba8965e36180761d1769.jpg,roaddmg,mid,train,5,0,roaddmg_143
roaddmg_Pothole_269_jpg.rf.e60819915857ff70e0893a0a8b916625.jpg,roaddmg,mid,train,1,0,roaddmg_144
roaddmg_Pothole_26_jpg.rf.f1dda315ecbeee3071a76ef05d54369b.jpg,roaddmg,mid,val,1,0,roaddmg_145
roaddmg_Pothole_270_jpg.rf.eb790fd0b0b7cecd45cd2de009211159.jpg,roaddmg,mid,test,2,0,roaddmg_146
roaddmg_Pothole_271_jpg.rf.66de8c670e80ddfba6501eb356ce30a8.jpg,roaddmg,mid,train,0,1,roaddmg_147
roaddmg_Pothole_272_jpg.rf.48db8523ea37a36baf43bfd393b0dd3e.jpg,roaddmg,mid,val,4,0,roaddmg_148
roaddmg_Pothole_273_jpg.rf.d4a3935a4439a3353d1adb31f05a8211.jpg,roaddmg,mid,val,11,0,roaddmg_149
roaddmg_Pothole_274_jpg.rf.301f25fe32342ff8410a054232f07df9.jpg,roaddmg,mid,train,1,0,roaddmg_150
roaddmg_Pothole_275_jpg.rf.f5af71be7f7402c4ca877e3fcd379214.jpg,roaddmg,mid,train,1,0,roaddmg_151
roaddmg_Pothole_278_jpg.rf.45ee77984e12d5f2bff08415138bb144.jpg,roaddmg,mid,val,3,0,roaddmg_152
roaddmg_Pothole_279_jpg.rf.841bc5f5bffc0b0b4ecfc8a76b9df13c.jpg,roaddmg,mid,val,6,0,roaddmg_153
roaddmg_Pothole_27_jpg.rf.d54706a788e8c11c4422239c1798775f.jpg,roaddmg,mid,test,7,0,roaddmg_154
roaddmg_Pothole_281_jpg.rf.d822c33618f43d99cbe71db74f6ffad3.jpg,roaddmg,mid,train,4,0,roaddmg_155
roaddmg_Pothole_282_jpg.rf.5f4722a1c1d79dce8852f5f045135088.jpg,roaddmg,mid,train,1,0,roaddmg_156
roaddmg_Pothole_283_jpg.rf.59227995901cdb2a21280f3f681086ad.jpg,roaddmg,mid,test,6,0,roaddmg_157
roaddmg_Pothole_284_jpg.rf.0c09264743863b869fd393f26ec66d57.jpg,roaddmg,mid,train,2,0,roaddmg_158
roaddmg_Pothole_286_jpg.rf.44aa9ffad6d4928dd45a034a663f5090.jpg,roaddmg,mid,train,6,0,roaddmg_159
roaddmg_Pothole_287_jpg.rf.df8edcdb9601145b519b33cb9c558d24.jpg,roaddmg,mid,train,1,0,roaddmg_160
roaddmg_Pothole_288_jpg.rf.b1e72cd8ab575b36b50e3602db17efc7.jpg,roaddmg,mid,val,7,0,roaddmg_161
roaddmg_Pothole_289_jpg.rf.79bd8d97ce4b700daa7eb4683d115e4e.jpg,roaddmg,mid,train,1,0,roaddmg_162
roaddmg_Pothole_290_jpg.rf.056a1ae4d972b4c905497cfadb363660.jpg,roaddmg,mid,test,4,0,roaddmg_163
roaddmg_Pothole_291_jpg.rf.2ace203ab3bdd39a2c91cbb51ed1fe0f.jpg,roaddmg,mid,test,1,0,roaddmg_164
roaddmg_Pothole_292_jpg.rf.efaa88a90cf9620127430f6c744fad21.jpg,roaddmg,mid,train,1,0,roaddmg_165
roaddmg_Pothole_294_jpg.rf.312f33d8ac7d64ef8c7bd6f512cf66b5.jpg,roaddmg,mid,val,4,0,roaddmg_166
roaddmg_Pothole_295_jpg.rf.80ff3a5e6bdca8beba99beb574b92c6f.jpg,roaddmg,mid,test,1,0,roaddmg_167
roaddmg_Pothole_296_jpg.rf.e4d5878bedd0e6cbada56ad62cd3103c.jpg,roaddmg,mid,train,1,0,roaddmg_168
roaddmg_Pothole_297_jpg.rf.199bee865f51b9e0569e5e01addef3a6.jpg,roaddmg,mid,train,4,0,roaddmg_169
roaddmg_Pothole_298_jpg.rf.a5485b67e872a78546e89c038f524bd1.jpg,roaddmg,mid,train,12,0,roaddmg_170
roaddmg_Pothole_299_jpg.rf.ef03630d7d33bc23aeeca8fd618b7222.jpg,roaddmg,mid,train,1,0,roaddmg_171
roaddmg_Pothole_29_jpg.rf.a78d486f2c4516b47b1fa5411c543a1b.jpg,roaddmg,mid,train,1,0,roaddmg_172
roaddmg_Pothole_2_jpg.rf.1fff4b5c09d431aa3347f63cf7f51a1e.jpg,roaddmg,mid,test,2,0,roaddmg_173
roaddmg_Pothole_300_jpg.rf.e5397c82742c82d781fb0824cfed90e6.jpg,roaddmg,mid,train,1,0,roaddmg_174
roaddmg_Pothole_301_jpg.rf.a9f5fe70cba40f5e8852963120fff4ee.jpg,roaddmg,mid,train,12,0,roaddmg_175
roaddmg_Pothole_303_jpg.rf.5c484f77f8104f45c91fad9fe943e256.jpg,roaddmg,mid,train,1,0,roaddmg_176
roaddmg_Pothole_304_jpg.rf.00df11750f5b1e65ad910965c4a69f8f.jpg,roaddmg,mid,train,11,0,roaddmg_177
roaddmg_Pothole_305_jpg.rf.a199c98c4d03db684f82f7dc1d780420.jpg,roaddmg,mid,train,12,0,roaddmg_178
roaddmg_Pothole_306_jpg.rf.2c894579f31f831ce80c5bf79d408a34.jpg,roaddmg,mid,train,6,0,roaddmg_179
roaddmg_Pothole_308_jpg.rf.715429c4ae88f999291d9f48e8040b71.jpg,roaddmg,mid,val,1,0,roaddmg_180
roaddmg_Pothole_309_jpg.rf.13ed994c124fe58d6803ffef108bdf08.jpg,roaddmg,mid,val,4,0,roaddmg_181
roaddmg_Pothole_30_jpg.rf.f1b731c16e2e04c980f1cc5a918c87cd.jpg,roaddmg,mid,test,1,0,roaddmg_182
roaddmg_Pothole_310_jpg.rf.6562f3906344974ea9970802b6d6c7a4.jpg,roaddmg,mid,test,1,0,roaddmg_183
roaddmg_Pothole_311_jpg.rf.4b3990d00a9b81ccfb7b58a53293de80.jpg,roaddmg,mid,train,1,0,roaddmg_184
roaddmg_Pothole_313_jpg.rf.79995c96486c26110e98d3f224e39209.jpg,roaddmg,mid,train,19,0,roaddmg_185
roaddmg_Pothole_314_jpg.rf.7367499fc8027e73706e540da9e13c97.jpg,roaddmg,mid,train,1,0,roaddmg_186
roaddmg_Pothole_315_jpg.rf.afee3cbc9c79627ee62c4ec64639c8e8.jpg,roaddmg,mid,train,1,0,roaddmg_187
roaddmg_Pothole_316_jpg.rf.4a9bea0637a1f96064e5a2e7d4551fa8.jpg,roaddmg,mid,train,2,0,roaddmg_188
roaddmg_Pothole_317_jpg.rf.f8d80e6ea2d6f1dd0bfb16dd23eb13e5.jpg,roaddmg,mid,train,1,0,roaddmg_189
roaddmg_Pothole_318_jpg.rf.892500eeacbfdb188e329c6ad7524c61.jpg,roaddmg,mid,test,3,0,roaddmg_190
roaddmg_Pothole_320_jpg.rf.8127022b5de34ed41534d731e1f7f989.jpg,roaddmg,mid,train,2,0,roaddmg_191
roaddmg_Pothole_321_jpg.rf.411873e2fed1749647405a19d6a1df0b.jpg,roaddmg,mid,train,1,0,roaddmg_192
roaddmg_Pothole_322_jpg.rf.6f1450204e5f34d7d8cc9999b73aac4b.jpg,roaddmg,mid,test,1,0,roaddmg_193
roaddmg_Pothole_324_jpg.rf.05429942b2fb0a604b4026b1f1489471.jpg,roaddmg,mid,train,3,0,roaddmg_194
roaddmg_Pothole_325_jpg.rf.7fb116fba08cded5b97aebf15f3ddfb5.jpg,roaddmg,mid,test,8,0,roaddmg_195
roaddmg_Pothole_326_jpg.rf.668c22181f7cd8eb41fa08bb8eeca1c2.jpg,roaddmg,mid,train,1,0,roaddmg_196
roaddmg_Pothole_328_jpg.rf.bee4e4501b30ad6b7a2414dae891faeb.jpg,roaddmg,mid,val,6,0,roaddmg_197
roaddmg_Pothole_329_jpg.rf.1482db0e6a32991ad46c67a55c71e3bc.jpg,roaddmg,mid,test,1,0,roaddmg_198
roaddmg_Pothole_330_jpg.rf.7fab44eca766cbc0f7c0f8945e637a1d.jpg,roaddmg,mid,val,1,0,roaddmg_199
roaddmg_Pothole_331_jpg.rf.828297232e327167724822291a41b258.jpg,roaddmg,mid,train,9,0,roaddmg_200
roaddmg_Pothole_332_jpg.rf.f77c600e4752cd74e4a087a04577560f.jpg,roaddmg,mid,train,7,0,roaddmg_201
roaddmg_Pothole_333_jpg.rf.cbdb975331107d0e98aae842ac6cd8cb.jpg,roaddmg,mid,train,1,0,roaddmg_202
roaddmg_Pothole_336_jpg.rf.b024e827abd041da496391dd80e1835c.jpg,roaddmg,mid,train,1,0,roaddmg_203
roaddmg_Pothole_337_jpg.rf.af0a1abe3a97305a078ca3db975b8c16.jpg,roaddmg,mid,test,1,0,roaddmg_204
roaddmg_Pothole_338_jpg.rf.8b05798f56b7fe2ad2d79d72ad96df45.jpg,roaddmg,mid,train,2,0,roaddmg_205
roaddmg_Pothole_339_jpg.rf.29caaf047720c49bc462b3893981074e.jpg,roaddmg,mid,train,1,0,roaddmg_206
roaddmg_Pothole_340_jpg.rf.d7686d27aa94f200c2d0a82fe448d5e8.jpg,roaddmg,mid,test,2,0,roaddmg_207
roaddmg_Pothole_341_jpg.rf.25e3934a541b6652f52ede1babf71d34.jpg,roaddmg,mid,train,1,0,roaddmg_208
roaddmg_Pothole_345_jpg.rf.30780218ff026c46505e2e6ab46f346d.jpg,roaddmg,mid,train,1,0,roaddmg_209
roaddmg_Pothole_346_jpg.rf.a0b4de9853e04285f52efc555c06e639.jpg,roaddmg,mid,train,6,0,roaddmg_210
roaddmg_Pothole_351_jpg.rf.a93c77bfec77bd756dddfb8ca449daec.jpg,roaddmg,mid,train,2,0,roaddmg_211
roaddmg_Pothole_352_jpg.rf.bcbcf2dae9669b271bdb7d05dff085fa.jpg,roaddmg,mid,test,2,0,roaddmg_212
roaddmg_Pothole_354_jpg.rf.6202b5283dec649c1aebfc094f452487.jpg,roaddmg,mid,val,1,0,roaddmg_213
roaddmg_Pothole_355_jpg.rf.c9fa953b662a9e9d8065df9833877c37.jpg,roaddmg,mid,train,1,0,roaddmg_214
roaddmg_Pothole_356_jpg.rf.3bf8a2d19f04e49a5da63ea9e0577e5d.jpg,roaddmg,mid,train,1,0,roaddmg_215
roaddmg_Pothole_357_jpg.rf.416c645ca1aa959e17ba53e42c1e6e70.jpg,roaddmg,mid,val,1,0,roaddmg_216
roaddmg_Pothole_358_jpg.rf.f906d3ec9916eb7ec8a9b61e1fd9d511.jpg,roaddmg,mid,test,3,0,roaddmg_217
roaddmg_Pothole_359_jpg.rf.53b629326f2646cc8c1abb1e00bdcfff.jpg,roaddmg,mid,train,1,0,roaddmg_218
roaddmg_Pothole_35_jpg.rf.9ffa9e415ae67b93c229556a596f10a3.jpg,roaddmg,mid,train,2,0,roaddmg_219
roaddmg_Pothole_360_jpg.rf.bfcbe32f7f1607507661badd4b05314d.jpg,roaddmg,mid,train,10,0,roaddmg_220
roaddmg_Pothole_361_jpg.rf.0ab8bfded48d30107a6da65e57d2a90e.jpg,roaddmg,mid,train,9,0,roaddmg_221
roaddmg_Pothole_363_jpg.rf.e14dcf1d11eeea7521ff9a55f9160c74.jpg,roaddmg,mid,train,2,0,roaddmg_222
roaddmg_Pothole_364_jpg.rf.a2aabf08085a0c0eb40f9f525594b220.jpg,roaddmg,mid,train,1,0,roaddmg_223
roaddmg_Pothole_365_jpg.rf.2565eacffb23c13835b5fffa9ce68309.jpg,roaddmg,mid,train,4,0,roaddmg_224
roaddmg_Pothole_366_jpg.rf.0b22009b99fe0f557bf639fb5a8e3f2d.jpg,roaddmg,mid,train,5,0,roaddmg_225
roaddmg_Pothole_369_jpg.rf.a9ead0696fbec2be50049f2d5deacdf3.jpg,roaddmg,mid,val,9,0,roaddmg_226
roaddmg_Pothole_36_jpg.rf.f9a7eb4ed3e443f5a88a45c3b6c5e8ab.jpg,roaddmg,mid,train,4,0,roaddmg_227
roaddmg_Pothole_370_jpg.rf.e826588bd1bcef2f5b0f2b026c606797.jpg,roaddmg,mid,val,1,0,roaddmg_228
roaddmg_Pothole_371_jpg.rf.0188e31562ab8c1d1dae845554afc1ef.jpg,roaddmg,mid,train,11,0,roaddmg_229
roaddmg_Pothole_372_jpg.rf.92b077b5d398f8e859f370f53ba5b962.jpg,roaddmg,mid,val,2,0,roaddmg_230
roaddmg_Pothole_374_jpg.rf.c70d1b61c74948f63d2c4d92d208214e.jpg,roaddmg,mid,test,1,0,roaddmg_231
roaddmg_Pothole_375_jpg.rf.28a17d6117f76f99482d54a0910c1734.jpg,roaddmg,mid,test,2,0,roaddmg_232
roaddmg_Pothole_376_jpg.rf.5e96f0c4d8577185f342aa5c9a687baa.jpg,roaddmg,mid,train,5,0,roaddmg_233
roaddmg_Pothole_377_jpg.rf.f882edf7b6865a6fc95d90ea74ed3157.jpg,roaddmg,mid,train,7,0,roaddmg_234
roaddmg_Pothole_378_jpg.rf.c9c9a0ef4d3747b36cd54ebf315373e5.jpg,roaddmg,mid,train,1,0,roaddmg_235
roaddmg_Pothole_380_jpg.rf.cfc0d628e059504af3a797c1979e0683.jpg,roaddmg,mid,train,3,0,roaddmg_236
roaddmg_Pothole_381_jpg.rf.96a016bfd222dd9252c530e735704213.jpg,roaddmg,mid,train,1,0,roaddmg_237
roaddmg_Pothole_382_jpg.rf.c297c8428a8920fd4c15d0092d02d2af.jpg,roaddmg,mid,train,1,0,roaddmg_238
roaddmg_Pothole_383_jpg.rf.e573ee99c688cc02c0053a3b18c04348.jpg,roaddmg,mid,train,3,0,roaddmg_239
roaddmg_Pothole_384_jpg.rf.077cf27eafeee319448fd381fe36fb36.jpg,roaddmg,mid,train,3,0,roaddmg_240
roaddmg_Pothole_385_jpg.rf.4f8d1ede75b3dae6600a33f38558ab50.jpg,roaddmg,mid,train,1,0,roaddmg_241
roaddmg_Pothole_386_jpg.rf.35b3262589ab2fd72f519d996069b667.jpg,roaddmg,mid,train,2,0,roaddmg_242
roaddmg_Pothole_388_jpg.rf.61599dcd7e6541d14a403cf8cfc8d014.jpg,roaddmg,mid,train,8,0,roaddmg_243
roaddmg_Pothole_389_jpg.rf.cc00ff3a45e06715edc57e598eeded27.jpg,roaddmg,mid,train,3,0,roaddmg_244
roaddmg_Pothole_390_jpg.rf.1eaaf43c4f5655ae020d2a1312b3b179.jpg,roaddmg,mid,train,2,0,roaddmg_245
roaddmg_Pothole_392_jpg.rf.3e9de8b7cd80243faa3a69d05592e59d.jpg,roaddmg,mid,train,7,0,roaddmg_246
roaddmg_Pothole_393_jpg.rf.f0cba928c85fdf90e881de47173aa8f7.jpg,roaddmg,mid,train,1,0,roaddmg_247
roaddmg_Pothole_395_jpg.rf.017dd35215999c693aff9d892b0fa949.jpg,roaddmg,mid,train,4,0,roaddmg_248
roaddmg_Pothole_396_jpg.rf.fa57e2b5afa7a669ace99c65b5968401.jpg,roaddmg,mid,train,1,0,roaddmg_249
roaddmg_Pothole_397_jpg.rf.4af0bcace3d2d30379bc70744507ab04.jpg,roaddmg,mid,train,1,0,roaddmg_250
roaddmg_Pothole_399_jpg.rf.b4879ab9a16f04122ea34c0c10f75c08.jpg,roaddmg,mid,train,5,0,roaddmg_251
roaddmg_Pothole_3_jpg.rf.071557641f685a51f31d3218403e1928.jpg,roaddmg,mid,train,6,0,roaddmg_252
roaddmg_Pothole_401_jpg.rf.052fc7754606820a3980c14d3eb3695c.jpg,roaddmg,mid,train,7,0,roaddmg_253
roaddmg_Pothole_403_jpg.rf.16627e0287683d68a60d681cbdeff01c.jpg,roaddmg,mid,test,6,0,roaddmg_254
roaddmg_Pothole_404_jpg.rf.8df38f9ac739fb8fafa82ebfc9a1d9b5.jpg,roaddmg,mid,train,11,0,roaddmg_255
roaddmg_Pothole_44_jpg.rf.5b55af6ff51dd500075bace24a8e08ff.jpg,roaddmg,mid,train,4,0,roaddmg_256
roaddmg_Pothole_49_jpg.rf.62350d640d41707341063c6fb32b5b41.jpg,roaddmg,mid,val,1,0,roaddmg_257
roaddmg_Pothole_4_jpg.rf.d8440fbea792128074e203a85c13257e.jpg,roaddmg,mid,train,7,0,roaddmg_258
roaddmg_Pothole_50_jpg.rf.f2d1da50cec1c3171ed60198f34f2fde.jpg,roaddmg,mid,train,1,0,roaddmg_259
roaddmg_Pothole_51_jpg.rf.653455b2bdbba9fa3723e2495948235f.jpg,roaddmg,mid,train,1,0,roaddmg_260
roaddmg_Pothole_53_jpg.rf.154043a2b07985e36289995d584de758.jpg,roaddmg,mid,test,6,0,roaddmg_261
roaddmg_Pothole_55_jpg.rf.a9e57f1c567eaefb35e180f53e4100ae.jpg,roaddmg,mid,val,1,0,roaddmg_262
roaddmg_Pothole_56_jpg.rf.79c6a436e6bed02163320468974250a8.jpg,roaddmg,mid,train,4,0,roaddmg_263
roaddmg_Pothole_59_jpg.rf.f27d891f04a065290c7530ef3f162234.jpg,roaddmg,mid,train,1,0,roaddmg_264
roaddmg_Pothole_5_jpg.rf.21a6a8e4949c073bcccd1ff14b9944ef.jpg,roaddmg,mid,train,1,0,roaddmg_265
roaddmg_Pothole_60_jpg.rf.ba4092d38f5c9202b9e062027c335e6a.jpg,roaddmg,mid,train,2,0,roaddmg_266
roaddmg_Pothole_61_jpg.rf.956d37a522949ba92d7c7157abab16b7.jpg,roaddmg,mid,train,8,0,roaddmg_267
roaddmg_Pothole_62_jpg.rf.00c81100b7a6e2566a6508ec2022c6e3.jpg,roaddmg,mid,train,1,0,roaddmg_268
roaddmg_Pothole_63_jpg.rf.f5d19278a1fba108f1326815f015b7dd.jpg,roaddmg,mid,train,2,0,roaddmg_269
roaddmg_Pothole_64_jpg.rf.f4e6883b7723e9ed55feed0ba08a45a7.jpg,roaddmg,mid,test,5,0,roaddmg_270
roaddmg_Pothole_66_jpg.rf.f6e6e6a4617ba25e154e35d3b17b3057.jpg,roaddmg,mid,train,1,0,roaddmg_271
roaddmg_Pothole_68_jpg.rf.d521213fa2562f85fb5a5657029eac0d.jpg,roaddmg,mid,val,1,0,roaddmg_272
roaddmg_Pothole_70_jpg.rf.d0aee5561041d5f18f21ec679ab59bf1.jpg,roaddmg,mid,train,1,0,roaddmg_273
roaddmg_Pothole_71_jpg.rf.2250b4177ebb265d088da36ec09d13cb.jpg,roaddmg,mid,test,2,0,roaddmg_274
roaddmg_Pothole_73_jpg.rf.972c355524a37b5880ca16fc54499172.jpg,roaddmg,mid,train,2,0,roaddmg_275
roaddmg_Pothole_74_jpg.rf.a608db8e5d9fa013880b9c4859e67340.jpg,roaddmg,mid,train,8,0,roaddmg_276
roaddmg_Pothole_76_jpg.rf.530d807f07f2ca6fe25bb4823db2fd44.jpg,roaddmg,mid,train,2,0,roaddmg_277
roaddmg_Pothole_77_jpg.rf.b0bf1c6ac322942b66fa568cdc55dd59.jpg,roaddmg,mid,test,6,0,roaddmg_278
roaddmg_Pothole_7_jpg.rf.1be8738665673d62a9d86bdf0bdd527c.jpg,roaddmg,mid,train,5,0,roaddmg_279
roaddmg_Pothole_80_jpg.rf.0786c8f02501e592fdea55dd2f487268.jpg,roaddmg,mid,train,2,0,roaddmg_280
roaddmg_Pothole_81_jpg.rf.4dfec455a86145b0dea7fc469782a69d.jpg,roaddmg,mid,train,1,0,roaddmg_281
roaddmg_Pothole_82_jpg.rf.0e413b5783e15e1a2591f57f1e9104c7.jpg,roaddmg,mid,val,1,0,roaddmg_282
roaddmg_Pothole_83_jpg.rf.ed9b8d3b3534d465b40c627e88e0aac0.jpg,roaddmg,mid,val,1,0,roaddmg_283
roaddmg_Pothole_84_jpg.rf.400b2df42b2907fdf34b4bf10386d9ef.jpg,roaddmg,mid,val,10,0,roaddmg_284
roaddmg_Pothole_85_jpg.rf.66131644b04e6b28a2e006bc55c9a621.jpg,roaddmg,mid,val,4,0,roaddmg_285
roaddmg_Pothole_88_jpg.rf.4515a667b15e85b3f03dd8e8b43a18d9.jpg,roaddmg,mid,train,1,0,roaddmg_286
roaddmg_Pothole_8_jpg.rf.863263b0b19fd1fbb53299c3ced7e9b3.jpg,roaddmg,mid,train,3,0,roaddmg_287
roaddmg_Pothole_91_jpg.rf.77835088c4188c812cd074cf952b648b.jpg,roaddmg,mid,train,1,0,roaddmg_288
roaddmg_Pothole_92_jpg.rf.af292b247a06c505e2c0ad60de3d25c6.jpg,roaddmg,mid,train,8,0,roaddmg_289
roaddmg_Pothole_93_jpg.rf.74173e4e6021e23e36e475482d613ffa.jpg,roaddmg,mid,train,2,0,roaddmg_290
roaddmg_Pothole_95_jpg.rf.3b29e928541ed59c48a96ea3b37fcdd7.jpg,roaddmg,mid,train,2,0,roaddmg_291
roaddmg_Pothole_98_jpg.rf.f6c8cb4e412157bbad0acd81a3a3e056.jpg,roaddmg,mid,train,3,0,roaddmg_292
roaddmg_Pothole_99_jpg.rf.9605c3b651b8a1ed32fa71bd492b8106.jpg,roaddmg,mid,train,1,0,roaddmg_293
roaddmg_Surface_109_jpg.rf.a206760efdfa2b47fe7f330622b2f750.jpg,roaddmg,mid,train,0,1,roaddmg_294
roaddmg_Surface_113_jpg.rf.5f1d2d069b0b7f6da4ed4accfa75b8bc.jpg,roaddmg,mid,test,0,1,roaddmg_295
roaddmg_Surface_115_jpg.rf.029c63b5a1a907a20b3cb3e5b471a011.jpg,roaddmg,mid,train,0,1,roaddmg_296
roaddmg_Surface_117_jpg.rf.7fdf52d35f8235b61944e97bce258412.jpg,roaddmg,mid,train,0,1,roaddmg_297
roaddmg_Surface_125_jpg.rf.3ae6e8f4d9a25e6a6ff1867bb506110d.jpg,roaddmg,mid,val,0,1,roaddmg_298
roaddmg_Surface_144_jpg.rf.badd4bd0a86cdc6317221418d1d3761c.jpg,roaddmg,mid,train,0,1,roaddmg_299
roaddmg_Surface_168_jpg.rf.f213d2aa0d7076ff2b83976321272c75.jpg,roaddmg,mid,train,0,1,roaddmg_300
roaddmg_Surface_188_jpg.rf.53b948a53cd07fdad5ede9d3815920f9.jpg,roaddmg,mid,train,2,0,roaddmg_301
roaddmg_Surface_197_jpg.rf.e303a5877b29bf259b81591b4f65a3a0.jpg,roaddmg,mid,train,1,0,roaddmg_302
roaddmg_Surface_202_jpg.rf.6302a33b7472d2e4014ec38aca8da8f3.jpg,roaddmg,mid,train,0,1,roaddmg_303
roaddmg_Surface_208_jpg.rf.2a2058bca92cdfb5d871d01f749e071d.jpg,roaddmg,mid,val,2,0,roaddmg_304
roaddmg_Surface_209_jpg.rf.b6459714cdf25cebed3ad7a227625b2a.jpg,roaddmg,mid,train,1,0,roaddmg_305
roaddmg_Surface_216_jpg.rf.85f65fc02a08e53aa0c127474315f94c.jpg,roaddmg,mid,train,0,1,roaddmg_306
roaddmg_Surface_221_jpg.rf.08cc0266af8e896d1234809085453109.jpg,roaddmg,mid,train,0,1,roaddmg_307
roaddmg_Surface_240_jpg.rf.478681c44c4d24e4aeb458c99a5af556.jpg,roaddmg,mid,train,0,1,roaddmg_308
roaddmg_Surface_250_jpg.rf.57e902dd8e1bd157915b0d230b30fcd6.jpg,roaddmg,mid,val,0,1,roaddmg_309
roaddmg_Surface_257_jpg.rf.d01059aafba77c814771f51889517c5d.jpg,roaddmg,mid,train,0,1,roaddmg_310
roaddmg_Surface_274_jpg.rf.c826d0fbc93baaf15728face2b560f83.jpg,roaddmg,mid,train,0,1,roaddmg_311
roaddmg_Surface_299_jpg.rf.18e49c12ce475de915fb4b05315f0a54.jpg,roaddmg,mid,train,1,0,roaddmg_312
roaddmg_Surface_310_jpg.rf.4a2ee423153f3d9b31b38934db639203.jpg,roaddmg,mid,val,6,0,roaddmg_313
roaddmg_Surface_339_jpg.rf.af3ed4a5216579416dc6a3c540572773.jpg,roaddmg,mid,train,0,1,roaddmg_314
roaddmg_Surface_340_jpg.rf.5951ea07e37af9961aae5780d69357f5.jpg,roaddmg,mid,train,0,1,roaddmg_315
roaddmg_Surface_344_jpg.rf.be6e5c94bbe15cdea6d8170b09f6ac41.jpg,roaddmg,mid,train,0,1,roaddmg_316
roaddmg_Surface_345_jpeg.rf.7d9175cc0a0b345bbaf29973284b099f.jpg,roaddmg,mid,train,0,1,roaddmg_317
roaddmg_Surface_347_jpg.rf.2ef88c12fb1fb19374f9301e832c3bf9.jpg,roaddmg,mid,train,0,1,roaddmg_318
roaddmg_Surface_366_jpg.rf.d5e7b471935dac3e10067cc2fcd0896d.jpg,roaddmg,mid,train,0,1,roaddmg_319
roaddmg_Surface_389_jpg.rf.a9595bf53df4327c02414e6035c3abcb.jpg,roaddmg,mid,train,0,1,roaddmg_320
roaddmg_Surface_394_jpg.rf.795162d7a364ddbb9cdeba98cf00101d.jpg,roaddmg,mid,train,2,0,roaddmg_321
roaddmg_Surface_399_jpg.rf.3a0c0c99dd7699fdd4f4b0335de4d131.jpg,roaddmg,mid,train,5,0,roaddmg_322
roaddmg_Surface_401_jpg.rf.40d1ec8096e528f3f863e7cc8ebb5163.jpg,roaddmg,mid,test,0,1,roaddmg_323
roaddmg_Surface_402_jpg.rf.fcbe37bf239d2d1705e13e73b81cb6f2.jpg,roaddmg,mid,test,0,1,roaddmg_324
roaddmg_Surface_404_jpg.rf.a3f4da321d40025d3d3a0218834df09f.jpg,roaddmg,mid,train,3,0,roaddmg_325
roaddmg_Surface_406_jpg.rf.3ef869c032b677ec1f14eba1c6bfff72.jpg,roaddmg,mid,test,2,0,roaddmg_326
roaddmg_Surface_411_jpg.rf.1b9c8f55ab314015f19217d38fcfcd10.jpg,roaddmg,mid,train,2,0,roaddmg_327
roaddmg_Surface_82_jpg.rf.98c4b7ab746a60a3d4de036e90601892.jpg,roaddmg,mid,train,0,1,roaddmg_328
roaddmg_Surface_90_jpg.rf.791b27fb4be5d7e88241f06560f5f495.jpg,roaddmg,mid,train,0,1,roaddmg_329
roaddmg_Surface_93_jpg.rf.50f25b0405f2eed413a6096c82b5925a.jpg,roaddmg,mid,val,0,1,roaddmg_330
roaddmg_Surface_97_jpg.rf.6ab4fc7d09e604d01997a4d1275b1b3f.jpg,roaddmg,mid,train,0,1,roaddmg_331
roaddmg_Surface_98_jpg.rf.7b998b4f5c531c068b1613828ce54b9c.jpg,roaddmg,mid,test,2,0,roaddmg_332
roaddmg_crack_103_jpg.rf.b14e500494c3e1faac3d01c52af97f04.jpg,roaddmg,mid,test,0,1,roaddmg_333
roaddmg_crack_104_jpg.rf.d6793768b676dfa079d226cdad106c03.jpg,roaddmg,mid,train,0,1,roaddmg_334
roaddmg_crack_107_jpg.rf.04764b2bebb5ae6073ecc81fdd9f3bd7.jpg,roaddmg,mid,train,0,1,roaddmg_335
roaddmg_crack_10_jpg.rf.35da09535383fac3c5830f1344acfe94.jpg,roaddmg,mid,train,0,1,roaddmg_336
roaddmg_crack_117_jpg.rf.889bbd35fa73de4e157511d1208de1bc.jpg,roaddmg,mid,test,0,1,roaddmg_337
roaddmg_crack_123_jpg.rf.22786d29ebe616f052519addbf2fc094.jpg,roaddmg,mid,train,0,1,roaddmg_338
roaddmg_crack_129_jpg.rf.964ef8b6dec097809d1b26475dd02162.jpg,roaddmg,mid,train,0,1,roaddmg_339
roaddmg_crack_134_jpg.rf.c0b5ae37b5db98a8b7f9a3d8bccbdf35.jpg,roaddmg,mid,test,0,1,roaddmg_340
roaddmg_crack_136_jpg.rf.b731912f409fa69e41d085c3ca299849.jpg,roaddmg,mid,train,0,1,roaddmg_341
roaddmg_crack_13_jpg.rf.5ad881466c6b15c3256059bcf7c965c7.jpg,roaddmg,mid,train,0,1,roaddmg_342
roaddmg_crack_149_jpg.rf.090ea90339349d3d757efed891d19015.jpg,roaddmg,mid,train,0,1,roaddmg_343
roaddmg_crack_14_jpg.rf.f0e323c6961c17dfa54bda6b71730586.jpg,roaddmg,mid,train,0,1,roaddmg_344
roaddmg_crack_150_jpg.rf.acb48d8595c5318c21b7d967a4951449.jpg,roaddmg,mid,train,0,1,roaddmg_345
roaddmg_crack_159_jpg.rf.d63a53dff6d66c209d1a2393c640b557.jpg,roaddmg,mid,val,0,1,roaddmg_346
roaddmg_crack_161_jpg.rf.718b03020e5e807be28c5a5b1262d549.jpg,roaddmg,mid,test,0,1,roaddmg_347
roaddmg_crack_164_jpg.rf.037cdc2fa3744804180775141dbe2731.jpg,roaddmg,mid,test,0,1,roaddmg_348
roaddmg_crack_184_jpg.rf.0a0e65cdb2db2c0aef00cecfe624dc44.jpg,roaddmg,mid,train,0,1,roaddmg_349
roaddmg_crack_186_jpg.rf.55a2eae66459ce3ab960d0598c8e8884.jpg,roaddmg,mid,val,0,1,roaddmg_350
roaddmg_crack_192_jpg.rf.768d57b2b868f09ef94fd76fd2a880b8.jpg,roaddmg,mid,train,0,1,roaddmg_351
roaddmg_crack_193_jpg.rf.4a8dc4fa292f22269237773d817b9a41.jpg,roaddmg,mid,val,0,1,roaddmg_352
roaddmg_crack_196_jpg.rf.3c73d80d76474c2d1a1eb9100b7d7052.jpg,roaddmg,mid,train,0,1,roaddmg_353
roaddmg_crack_198_jpg.rf.1ddb53839d8ec8e73f955119fe4972fa.jpg,roaddmg,mid,train,0,1,roaddmg_354
roaddmg_crack_207_jpg.rf.c4cdb878b60e63c1d54be6f9129e7c11.jpg,roaddmg,mid,train,0,1,roaddmg_355
roaddmg_crack_209_jpg.rf.c41485417a62ce4a764f89ce8a7e551f.jpg,roaddmg,mid,train,0,1,roaddmg_356
roaddmg_crack_210_jpg.rf.52ee0f6d6af8717e44d234bee1c49b15.jpg,roaddmg,mid,train,0,1,roaddmg_357
roaddmg_crack_217_jpg.rf.f780bb66a06bd75b6cef16f01703d5f8.jpg,roaddmg,mid,test,0,1,roaddmg_358
roaddmg_crack_218_jpg.rf.dc305519b59273f2592fdee12bb8fff5.jpg,roaddmg,mid,train,0,1,roaddmg_359
roaddmg_crack_227_jpg.rf.8f026757cdc8a567563f2067b405f32d.jpg,roaddmg,mid,train,0,1,roaddmg_360
roaddmg_crack_228_jpg.rf.c7194ab1b85616d3136eaf77521ad9fe.jpg,roaddmg,mid,train,0,1,roaddmg_361
roaddmg_crack_230_jpg.rf.634ca8a064fecd6e629ff831ee99e9ba.jpg,roaddmg,mid,train,0,1,roaddmg_362
roaddmg_crack_231_jpg.rf.d88f222f1d69fb14c399b3adaf94fdb9.jpg,roaddmg,mid,train,0,1,roaddmg_363
roaddmg_crack_232_jpg.rf.55a359b72117468f43225ceef412f6bc.jpg,roaddmg,mid,train,0,1,roaddmg_364
roaddmg_crack_234_jpg.rf.68549ef86f9e9917e04cf6e31e2b0d35.jpg,roaddmg,mid,val,0,1,roaddmg_365
roaddmg_crack_236_jpg.rf.243cb506c332d5b20ee600aedd9f305a.jpg,roaddmg,mid,train,1,0,roaddmg_366
roaddmg_crack_242_jpg.rf.e17f3bd102de9638f38a68d2ff35376b.jpg,roaddmg,mid,val,0,1,roaddmg_367
roaddmg_crack_244_jpg.rf.bb36a4b6bf44c23f058a6f02200f2a22.jpg,roaddmg,mid,train,0,1,roaddmg_368
roaddmg_crack_247_jpg.rf.1e4f37964bedde8cdeff5ad9c1b9a059.jpg,roaddmg,mid,train,0,1,roaddmg_369
roaddmg_crack_252_jpg.rf.db31d5ff6b1b647ff7503b708e298574.jpg,roaddmg,mid,train,0,1,roaddmg_370
roaddmg_crack_253_jpg.rf.49e4cc3f55a33733af187fec4605b99c.jpg,roaddmg,mid,train,0,1,roaddmg_371
roaddmg_crack_256_jpg.rf.d82ddd69be75760a01df47a6e2b78d70.jpg,roaddmg,mid,test,0,1,roaddmg_372
roaddmg_crack_258_jpg.rf.6121bf9f11be2c7e3e3a0e2fa4e525fa.jpg,roaddmg,mid,train,0,1,roaddmg_373
roaddmg_crack_260_jpg.rf.d6789e58f4ee1ef5e1fd97e605d45101.jpg,roaddmg,mid,train,0,1,roaddmg_374
roaddmg_crack_263_jpg.rf.2060ae07dd13ffcdb990de4a5c814dc6.jpg,roaddmg,mid,test,0,1,roaddmg_375
roaddmg_crack_269_jpg.rf.f575270564f908bc134fcc1f82bc7407.jpg,roaddmg,mid,train,0,1,roaddmg_376
roaddmg_crack_283_jpg.rf.b9f9851037c360606c3f39adb1c2bf5d.jpg,roaddmg,mid,train,0,1,roaddmg_377
roaddmg_crack_285_jpg.rf.4e770690a31d13f78e873fd5fd3e2210.jpg,roaddmg,mid,train,0,1,roaddmg_378
roaddmg_crack_286_jpg.rf.668d7f0add72be2aee0272e37937ce5f.jpg,roaddmg,mid,train,0,1,roaddmg_379
roaddmg_crack_294_jpg.rf.98b1a36d60b20237a1309a7aba5256f2.jpg,roaddmg,mid,train,0,1,roaddmg_380
roaddmg_crack_295_jpg.rf.02010ace464341032d87e5dd315d9ba4.jpg,roaddmg,mid,train,0,1,roaddmg_381
roaddmg_crack_308_jpg.rf.7955a665d5c120b4c270669d40f5952a.jpg,roaddmg,mid,test,0,1,roaddmg_382
roaddmg_crack_313_jpg.rf.9075eea79488d885ee0516898ddfe5a7.jpg,roaddmg,mid,test,0,1,roaddmg_383
roaddmg_crack_31_jpg.rf.da23a6ddc75b1dc57eb010d63620d682.jpg,roaddmg,mid,train,0,1,roaddmg_384
roaddmg_crack_334_jpg.rf.c439bba46c4d8d8baabfff233b6542c0.jpg,roaddmg,mid,train,0,1,roaddmg_385
roaddmg_crack_344_jpg.rf.da3d4dd6add66b024c008deb89219486.jpg,roaddmg,mid,val,0,1,roaddmg_386
roaddmg_crack_347_jpg.rf.3075d4c76b0d7b02a72cb7fe4f949ba1.jpg,roaddmg,mid,train,0,1,roaddmg_387
roaddmg_crack_349_jpg.rf.4db8a590327e9a753032f78d5b3733f4.jpg,roaddmg,mid,val,0,1,roaddmg_388
roaddmg_crack_350_jpg.rf.ab2026dd7e9080e82337920a530d1eac.jpg,roaddmg,mid,train,0,1,roaddmg_389
roaddmg_crack_361_jpg.rf.cc0ad6f12312449ad490735ed6b61c95.jpg,roaddmg,mid,train,0,1,roaddmg_390
roaddmg_crack_369_jpg.rf.baddce2d33dad1cd3d9aa0b63cf66d8b.jpg,roaddmg,mid,train,0,1,roaddmg_391
roaddmg_crack_370_jpg.rf.d9f7cef5e51b17d50fa4de3df4011c13.jpg,roaddmg,mid,train,0,1,roaddmg_392
roaddmg_crack_374_jpg.rf.2d532d8c7d44002243ddac7f368f9303.jpg,roaddmg,mid,val,0,1,roaddmg_393
roaddmg_crack_376_jpg.rf.3b780b913822cf3c61fca8019b86b08b.jpg,roaddmg,mid,train,0,1,roaddmg_394
roaddmg_crack_382_jpg.rf.07a25a243f6607ad4a31710850da7a98.jpg,roaddmg,mid,val,0,1,roaddmg_395
roaddmg_crack_392_jpg.rf.8ba3251f9b07dffbf952f97a67a91c57.jpg,roaddmg,mid,train,0,1,roaddmg_396
roaddmg_crack_397_jpg.rf.66c8d647b5ebbcc8a4710c270411626c.jpg,roaddmg,mid,train,0,1,roaddmg_397
roaddmg_crack_39_jpg.rf.2f8bea45f3880be969ed2720524dac3c.jpg,roaddmg,mid,test,0,1,roaddmg_398
roaddmg_crack_403_jpg.rf.d206700269ebb63afcb9d13795784c01.jpg,roaddmg,mid,train,0,1,roaddmg_399
roaddmg_crack_405_jpg.rf.bce572f49d1e8367da2c58939beea156.jpg,roaddmg,mid,train,0,1,roaddmg_400
roaddmg_crack_408_jpg.rf.f1ab53145b2c38092c89a4c76724af46.jpg,roaddmg,mid,val,0,1,roaddmg_401
roaddmg_crack_40_jpg.rf.684f1922c798fd3c30707623939f1e0c.jpg,roaddmg,mid,test,0,1,roaddmg_402
roaddmg_crack_410_jpg.rf.e09122d29ba4be6924dcbbedc98ac76a.jpg,roaddmg,mid,train,0,1,roaddmg_403
roaddmg_crack_422_jpg.rf.a5630766e6e2acff6536885c5a2b3bf5.jpg,roaddmg,mid,val,0,1,roaddmg_404
roaddmg_crack_429_jpg.rf.b958a29e5b284b8fbc3ccca1609afc90.jpg,roaddmg,mid,train,0,1,roaddmg_405
roaddmg_crack_430_jpg.rf.ed68ea7abcdad7171ede0621f50f3cd8.jpg,roaddmg,mid,train,0,1,roaddmg_406
roaddmg_crack_43_jpg.rf.ce7b749c4523f03d5d5caac5df06c880.jpg,roaddmg,mid,train,0,1,roaddmg_407
roaddmg_crack_440_jpg.rf.b859aebc3ec2ade0d3d18f7d6a05b46d.jpg,roaddmg,mid,train,0,1,roaddmg_408
roaddmg_crack_45_jpg.rf.5ed48619f0983b4a5b58d74abf38fed3.jpg,roaddmg,mid,train,0,1,roaddmg_409
roaddmg_crack_500-Copy_jpg.rf.1dff49ffca3a3cc089dfe1f675d149a9.jpg,roaddmg,mid,train,0,1,roaddmg_410
roaddmg_crack_502-Copy_jpg.rf.8d67266eca3404047eab392a175d48f1.jpg,roaddmg,mid,train,0,1,roaddmg_411
roaddmg_crack_504-Copy_jpg.rf.36ff82ed10508f9a7347ca127ee4b32a.jpg,roaddmg,mid,train,0,1,roaddmg_412
roaddmg_crack_505-Copy_jpg.rf.109a39384d58201f53371904047aa559.jpg,roaddmg,mid,val,0,1,roaddmg_413
roaddmg_crack_515-Copy_jpg.rf.880ea2adfa69ac9746dcf9cbe14ade80.jpg,roaddmg,mid,train,0,1,roaddmg_414
roaddmg_crack_516-Copy_jpg.rf.b3ef07ac967a99e374f6db04d69e01f4.jpg,roaddmg,mid,train,0,1,roaddmg_415
roaddmg_crack_55_jpg.rf.3e08a9f881c7eb0d2198ac3a1b1effee.jpg,roaddmg,mid,train,0,1,roaddmg_416
roaddmg_crack_56_jpg.rf.f6670d352e02b2082b047a63a8df6fe5.jpg,roaddmg,mid,train,0,1,roaddmg_417
roaddmg_crack_61_jpg.rf.ebd08730c968a4765b4aceab2f2ab09c.jpg,roaddmg,mid,train,0,1,roaddmg_418
roaddmg_crack_63_jpg.rf.c11b0f69e59dfd008532a4d0cd6c7dda.jpg,roaddmg,mid,train,0,1,roaddmg_419
roaddmg_crack_65_jpg.rf.ca248b9ed5db77e76426d40428cf6d64.jpg,roaddmg,mid,test,0,1,roaddmg_420
roaddmg_crack_80_jpg.rf.8ac35565d8b57d2cf3cbc9363e732689.jpg,roaddmg,mid,test,0,1,roaddmg_421
roaddmg_crack_88_jpg.rf.10461ea2637e484b9780288fbafc9448.jpg,roaddmg,mid,test,0,1,roaddmg_422
roaddmg_crack_95_jpg.rf.6d7e4f4737583aef7e425b9d2a5b1c80.jpg,roaddmg,mid,train,0,1,roaddmg_423
roaddmg_crack_98_jpg.rf.77efbe2ae0495fd5880d7262ab93c802.jpg,roaddmg,mid,train,0,1,roaddmg_424
